2026-08-01 14:43:01,914 | INFO | Starting Phase 1 ingestion workflow
2026-08-01 14:43:01,953 | INFO | Loaded workbook=raw_OB.xlsx sheet=Sheet1 rows=8 cols=27
2026-08-01 14:43:01,973 | INFO | Loaded workbook=Mat_Desc,_MOQ_,_Material_#.xlsx sheet=Sheet1 rows=4 cols=4
2026-08-01 14:43:02,009 | INFO | Loaded workbook=07-30_inv.xlsx sheet=Sheet1 rows=16 cols=13
2026-08-01 14:43:02,042 | INFO | Loaded workbook=Open_Order_Summary.xlsx sheet=Sheet1 rows=7 cols=21
2026-08-01 14:43:02,099 | INFO | Loaded workbook=Buying_groups.xlsx sheet=Sheet1 rows=677 cols=2
2026-08-01 14:43:02,151 | INFO | Loaded workbook=Awards.xlsx sheet=Sheet1 rows=129 cols=7
2026-08-01 14:43:02,186 | INFO | Loaded workbook=CIP.xlsx sheet=Sheet1 rows=10 cols=4
2026-08-01 14:43:02,209 | INFO | Loaded workbook=sales_summ.xlsx sheet=Sheet1 rows=1 cols=37
2026-08-01 14:43:02,338 | INFO | Loaded workbook=Strend.xlsx sheet=Sheet1 rows=101 cols=66
2026-08-01 14:43:02,376 | INFO | Loaded workbook=Headers.xlsx sheet=Sheet1 rows=5 cols=37
2026-08-01 14:43:02,392 | WARNING | EMPTY_COLUMNS | workbook=raw_OB.xlsx | worksheet=Sheet1 | Completely blank columns: ['Floor limit Blk', 'Multiple of MOQ Blk', 'Expected Price Blk', 'SOM Indc.']
2026-08-01 14:43:02,392 | WARNING | EMPTY_COLUMNS | workbook=sales_summ.xlsx | worksheet=Sheet1 | Completely blank columns: ['Action', 'Floor limit Blk', 'Multiple of MOQ Blk', 'Expected Price Blk', 'SOM Indc.']
2026-08-01 14:43:02,392 | WARNING | BLANK_HEADERS | workbook=Strend.xlsx | worksheet=Sheet1 | Blank raw headers found: 3
2026-08-01 14:43:02,393 | WARNING | BLANK_HEADERS | workbook=Headers.xlsx | worksheet=Sheet1 | Blank raw headers found: 3
2026-08-01 14:43:02,393 | INFO | EMPTY_ROWS | workbook=Headers.xlsx | worksheet=Sheet1 | Completely blank rows: 1
2026-08-01 14:43:02,405 | INFO | Profiled workbook=raw_OB.xlsx sheet=Sheet1
2026-08-01 14:43:02,407 | INFO | Profiled workbook=Mat_Desc,_MOQ_,_Material_#.xlsx sheet=Sheet1
2026-08-01 14:43:02,411 | INFO | Profiled workbook=07-30_inv.xlsx sheet=Sheet1
2026-08-01 14:43:02,418 | INFO | Profiled workbook=Open_Order_Summary.xlsx sheet=Sheet1
2026-08-01 14:43:02,420 | INFO | Profiled workbook=Buying_groups.xlsx sheet=Sheet1
2026-08-01 14:43:02,422 | INFO | Profiled workbook=Awards.xlsx sheet=Sheet1
2026-08-01 14:43:02,424 | INFO | Profiled workbook=CIP.xlsx sheet=Sheet1
2026-08-01 14:43:02,435 | INFO | Profiled workbook=sales_summ.xlsx sheet=Sheet1
2026-08-01 14:43:02,453 | INFO | Profiled workbook=Strend.xlsx sheet=Sheet1
2026-08-01 14:43:02,461 | INFO | Profiled workbook=Headers.xlsx sheet=Sheet1
2026-08-01 14:43:02,523 | INFO | Wrote Workbook_Profile.xlsx to D:\Jayanth\OrderbookAutomation\output\Workbook_Profile.xlsx
2026-08-01 14:43:02,543 | INFO | Wrote data dictionary to D:\Jayanth\OrderbookAutomation\docs\DATA_DICTIONARY.md
2026-08-01 14:43:02,543 | INFO | Join key candidate=NDC workbook_count=7 worksheet_count=7 confidence=70.0
2026-08-01 14:43:02,543 | INFO | Join key candidate=Material Number workbook_count=2 worksheet_count=2 confidence=20.0
2026-08-01 14:43:02,544 | INFO | Join key candidate=Customer workbook_count=7 worksheet_count=7 confidence=70.0
2026-08-01 14:43:02,544 | INFO | Join key candidate=Sold-to Party workbook_count=5 worksheet_count=5 confidence=50.0
2026-08-01 14:43:02,544 | INFO | Join key candidate=Lookup workbook_count=4 worksheet_count=4 confidence=40.0
2026-08-01 14:43:02,544 | INFO | Join key candidate=SKU workbook_count=2 worksheet_count=2 confidence=20.0
2026-08-01 14:43:02,544 | INFO | Join key candidate=Sales Order workbook_count=4 worksheet_count=4 confidence=40.0
2026-08-01 14:43:02,546 | INFO | Wrote join key analysis to D:\Jayanth\OrderbookAutomation\docs\JOIN_KEY_ANALYSIS.md
2026-08-01 14:43:02,547 | INFO | Phase 1 completed successfully in 0.00 seconds
2026-08-01 16:20:05,917 | INFO | Starting Phase 1 ingestion workflow
2026-08-01 16:20:05,950 | INFO | Loaded workbook=raw_OB.xlsx sheet=Sheet1 rows=8 cols=27
2026-08-01 16:20:05,961 | INFO | Loaded workbook=Mat_Desc,_MOQ_,_Material_#.xlsx sheet=Sheet1 rows=4 cols=4
2026-08-01 16:20:05,976 | INFO | Loaded workbook=07-30_inv.xlsx sheet=Sheet1 rows=16 cols=13
2026-08-01 16:20:06,005 | INFO | Loaded workbook=Open_Order_Summary.xlsx sheet=Sheet1 rows=5 cols=21
2026-08-01 16:20:06,033 | INFO | Loaded workbook=Buying_groups.xlsx sheet=Sheet1 rows=677 cols=2
2026-08-01 16:20:06,057 | INFO | Loaded workbook=Awards.xlsx sheet=Sheet1 rows=129 cols=7
2026-08-01 16:20:06,070 | INFO | Loaded workbook=CIP.xlsx sheet=Sheet1 rows=10 cols=4
2026-08-01 16:20:06,081 | INFO | Loaded workbook=sales_summ.xlsx sheet=Sheet1 rows=1 cols=37
2026-08-01 16:20:06,175 | INFO | Loaded workbook=Strend.xlsx sheet=Sheet1 rows=101 cols=66
2026-08-01 16:20:06,211 | INFO | Loaded workbook=Headers.xlsx sheet=Sheet1 rows=4 cols=37
2026-08-01 16:20:06,224 | WARNING | EMPTY_COLUMNS | workbook=raw_OB.xlsx | worksheet=Sheet1 | Completely blank columns: ['Floor limit Blk', 'Multiple of MOQ Blk', 'Expected Price Blk', 'SOM Indc.']
2026-08-01 16:20:06,225 | WARNING | DUPLICATE_HEADERS | workbook=Open_Order_Summary.xlsx | worksheet=Sheet1 | Duplicate raw headers: ['7/24/26']
2026-08-01 16:20:06,225 | WARNING | EMPTY_COLUMNS | workbook=sales_summ.xlsx | worksheet=Sheet1 | Completely blank columns: ['Action', 'Floor limit Blk', 'Multiple of MOQ Blk', 'Expected Price Blk', 'SOM Indc.']
2026-08-01 16:20:06,225 | WARNING | BLANK_HEADERS | workbook=Strend.xlsx | worksheet=Sheet1 | Blank raw headers found: 3
2026-08-01 16:20:06,225 | WARNING | BLANK_HEADERS | workbook=Headers.xlsx | worksheet=Sheet1 | Blank raw headers found: 3
2026-08-01 16:20:06,239 | INFO | Profiled workbook=raw_OB.xlsx sheet=Sheet1
2026-08-01 16:20:06,241 | INFO | Profiled workbook=Mat_Desc,_MOQ_,_Material_#.xlsx sheet=Sheet1
2026-08-01 16:20:06,244 | INFO | Profiled workbook=07-30_inv.xlsx sheet=Sheet1
2026-08-01 16:20:06,250 | INFO | Profiled workbook=Open_Order_Summary.xlsx sheet=Sheet1
2026-08-01 16:20:06,252 | INFO | Profiled workbook=Buying_groups.xlsx sheet=Sheet1
2026-08-01 16:20:06,254 | INFO | Profiled workbook=Awards.xlsx sheet=Sheet1
2026-08-01 16:20:06,256 | INFO | Profiled workbook=CIP.xlsx sheet=Sheet1
2026-08-01 16:20:06,264 | INFO | Profiled workbook=sales_summ.xlsx sheet=Sheet1
2026-08-01 16:20:06,279 | INFO | Profiled workbook=Strend.xlsx sheet=Sheet1
2026-08-01 16:20:06,286 | INFO | Profiled workbook=Headers.xlsx sheet=Sheet1
2026-08-01 16:20:06,353 | INFO | Wrote Workbook_Profile.xlsx to D:\Jayanth\OrderbookAutomation\output\Workbook_Profile.xlsx
2026-08-01 16:20:06,375 | INFO | Wrote data dictionary to D:\Jayanth\OrderbookAutomation\docs\DATA_DICTIONARY.md
2026-08-01 16:20:06,375 | INFO | Join key candidate=NDC workbook_count=7 worksheet_count=7 confidence=70.0
2026-08-01 16:20:06,376 | INFO | Join key candidate=Material Number workbook_count=2 worksheet_count=2 confidence=20.0
2026-08-01 16:20:06,376 | INFO | Join key candidate=Customer workbook_count=6 worksheet_count=6 confidence=60.0
2026-08-01 16:20:06,376 | INFO | Join key candidate=Sold-to Party workbook_count=4 worksheet_count=4 confidence=40.0
2026-08-01 16:20:06,376 | INFO | Join key candidate=Lookup workbook_count=3 worksheet_count=3 confidence=30.0
2026-08-01 16:20:06,376 | INFO | Join key candidate=SKU workbook_count=1 worksheet_count=1 confidence=10.0
2026-08-01 16:20:06,376 | INFO | Join key candidate=Sales Order workbook_count=3 worksheet_count=3 confidence=30.0
2026-08-01 16:20:06,378 | INFO | Wrote join key analysis to D:\Jayanth\OrderbookAutomation\docs\JOIN_KEY_ANALYSIS.md
2026-08-01 16:20:51,338 | INFO | Starting Phase 1 ingestion workflow
2026-08-01 16:20:51,359 | INFO | Loaded workbook=raw_OB.xlsx sheet=Sheet1 rows=8 cols=27
2026-08-01 16:20:51,368 | INFO | Loaded workbook=Mat_Desc,_MOQ_,_Material_#.xlsx sheet=Sheet1 rows=4 cols=4
2026-08-01 16:20:51,384 | INFO | Loaded workbook=07-30_inv.xlsx sheet=Sheet1 rows=16 cols=13
2026-08-01 16:20:51,407 | INFO | Loaded workbook=Open_Order_Summary.xlsx sheet=Sheet1 rows=5 cols=21
2026-08-01 16:20:51,443 | INFO | Loaded workbook=Buying_groups.xlsx sheet=Sheet1 rows=677 cols=2
2026-08-01 16:20:51,468 | INFO | Loaded workbook=Awards.xlsx sheet=Sheet1 rows=129 cols=7
2026-08-01 16:20:51,479 | INFO | Loaded workbook=CIP.xlsx sheet=Sheet1 rows=10 cols=4
2026-08-01 16:20:51,493 | INFO | Loaded workbook=sales_summ.xlsx sheet=Sheet1 rows=1 cols=37
2026-08-01 16:20:51,622 | INFO | Loaded workbook=Strend.xlsx sheet=Sheet1 rows=101 cols=66
2026-08-01 16:20:51,641 | INFO | Loaded workbook=Headers.xlsx sheet=Sheet1 rows=4 cols=37
2026-08-01 16:20:51,655 | WARNING | EMPTY_COLUMNS | workbook=raw_OB.xlsx | worksheet=Sheet1 | Completely blank columns: ['Floor limit Blk', 'Multiple of MOQ Blk', 'Expected Price Blk', 'SOM Indc.']
2026-08-01 16:20:51,655 | WARNING | DUPLICATE_HEADERS | workbook=Open_Order_Summary.xlsx | worksheet=Sheet1 | Duplicate raw headers: ['7/24/26']
2026-08-01 16:20:51,655 | WARNING | EMPTY_COLUMNS | workbook=sales_summ.xlsx | worksheet=Sheet1 | Completely blank columns: ['Action', 'Floor limit Blk', 'Multiple of MOQ Blk', 'Expected Price Blk', 'SOM Indc.']
2026-08-01 16:20:51,656 | WARNING | BLANK_HEADERS | workbook=Strend.xlsx | worksheet=Sheet1 | Blank raw headers found: 3
2026-08-01 16:20:51,656 | WARNING | BLANK_HEADERS | workbook=Headers.xlsx | worksheet=Sheet1 | Blank raw headers found: 3
2026-08-01 16:20:51,664 | INFO | Profiled workbook=raw_OB.xlsx sheet=Sheet1
2026-08-01 16:20:51,666 | INFO | Profiled workbook=Mat_Desc,_MOQ_,_Material_#.xlsx sheet=Sheet1
2026-08-01 16:20:51,669 | INFO | Profiled workbook=07-30_inv.xlsx sheet=Sheet1
2026-08-01 16:20:51,674 | INFO | Profiled workbook=Open_Order_Summary.xlsx sheet=Sheet1
2026-08-01 16:20:51,676 | INFO | Profiled workbook=Buying_groups.xlsx sheet=Sheet1
2026-08-01 16:20:51,679 | INFO | Profiled workbook=Awards.xlsx sheet=Sheet1
2026-08-01 16:20:51,681 | INFO | Profiled workbook=CIP.xlsx sheet=Sheet1
2026-08-01 16:20:51,690 | INFO | Profiled workbook=sales_summ.xlsx sheet=Sheet1
2026-08-01 16:20:51,707 | INFO | Profiled workbook=Strend.xlsx sheet=Sheet1
2026-08-01 16:20:51,716 | INFO | Profiled workbook=Headers.xlsx sheet=Sheet1
2026-08-01 16:20:51,800 | INFO | Wrote Workbook_Profile.xlsx to D:\Jayanth\OrderbookAutomation\output\Workbook_Profile.xlsx
2026-08-01 16:20:51,825 | INFO | Wrote data dictionary to D:\Jayanth\OrderbookAutomation\docs\DATA_DICTIONARY.md
2026-08-01 16:20:51,825 | INFO | Join key candidate=NDC workbook_count=7 worksheet_count=7 confidence=70.0
2026-08-01 16:20:51,826 | INFO | Join key candidate=Material Number workbook_count=2 worksheet_count=2 confidence=20.0
2026-08-01 16:20:51,826 | INFO | Join key candidate=Customer workbook_count=6 worksheet_count=6 confidence=60.0
2026-08-01 16:20:51,826 | INFO | Join key candidate=Sold-to Party workbook_count=4 worksheet_count=4 confidence=40.0
2026-08-01 16:20:51,826 | INFO | Join key candidate=Lookup workbook_count=3 worksheet_count=3 confidence=30.0
2026-08-01 16:20:51,827 | INFO | Join key candidate=SKU workbook_count=1 worksheet_count=1 confidence=10.0
2026-08-01 16:20:51,827 | INFO | Join key candidate=Sales Order workbook_count=3 worksheet_count=3 confidence=30.0
2026-08-01 16:20:51,827 | INFO | Wrote join key analysis to D:\Jayanth\OrderbookAutomation\docs\JOIN_KEY_ANALYSIS.md
2026-08-01 16:22:55,866 | INFO | Starting Phase 1 ingestion workflow
2026-08-01 16:22:55,885 | INFO | Loaded workbook=raw_OB.xlsx sheet=Sheet1 rows=8 cols=27
2026-08-01 16:22:55,893 | INFO | Loaded workbook=Mat_Desc,_MOQ_,_Material_#.xlsx sheet=Sheet1 rows=4 cols=4
2026-08-01 16:22:55,905 | INFO | Loaded workbook=07-30_inv.xlsx sheet=Sheet1 rows=16 cols=13
2026-08-01 16:22:55,921 | INFO | Loaded workbook=Open_Order_Summary.xlsx sheet=Sheet1 rows=7 cols=21
2026-08-01 16:22:55,948 | INFO | Loaded workbook=Buying_groups.xlsx sheet=Sheet1 rows=677 cols=2
2026-08-01 16:22:55,970 | INFO | Loaded workbook=Awards.xlsx sheet=Sheet1 rows=129 cols=7
2026-08-01 16:22:55,980 | INFO | Loaded workbook=CIP.xlsx sheet=Sheet1 rows=10 cols=4
2026-08-01 16:22:55,994 | INFO | Loaded workbook=sales_summ.xlsx sheet=Sheet1 rows=1 cols=37
2026-08-01 16:22:56,173 | INFO | Loaded workbook=Strend.xlsx sheet=Sheet1 rows=101 cols=66
2026-08-01 16:22:56,188 | INFO | Loaded workbook=Headers.xlsx sheet=Sheet1 rows=4 cols=37
2026-08-01 16:22:56,199 | WARNING | EMPTY_COLUMNS | workbook=raw_OB.xlsx | worksheet=Sheet1 | Completely blank columns: ['Floor limit Blk', 'Multiple of MOQ Blk', 'Expected Price Blk', 'SOM Indc.']
2026-08-01 16:22:56,199 | WARNING | EMPTY_COLUMNS | workbook=sales_summ.xlsx | worksheet=Sheet1 | Completely blank columns: ['Action', 'Floor limit Blk', 'Multiple of MOQ Blk', 'Expected Price Blk', 'SOM Indc.']
2026-08-01 16:22:56,199 | WARNING | BLANK_HEADERS | workbook=Strend.xlsx | worksheet=Sheet1 | Blank raw headers found: 3
2026-08-01 16:22:56,199 | WARNING | BLANK_HEADERS | workbook=Headers.xlsx | worksheet=Sheet1 | Blank raw headers found: 3
2026-08-01 16:22:56,206 | INFO | Profiled workbook=raw_OB.xlsx sheet=Sheet1
2026-08-01 16:22:56,208 | INFO | Profiled workbook=Mat_Desc,_MOQ_,_Material_#.xlsx sheet=Sheet1
2026-08-01 16:22:56,211 | INFO | Profiled workbook=07-30_inv.xlsx sheet=Sheet1
2026-08-01 16:22:56,216 | INFO | Profiled workbook=Open_Order_Summary.xlsx sheet=Sheet1
2026-08-01 16:22:56,218 | INFO | Profiled workbook=Buying_groups.xlsx sheet=Sheet1
2026-08-01 16:22:56,221 | INFO | Profiled workbook=Awards.xlsx sheet=Sheet1
2026-08-01 16:22:56,223 | INFO | Profiled workbook=CIP.xlsx sheet=Sheet1
2026-08-01 16:22:56,230 | INFO | Profiled workbook=sales_summ.xlsx sheet=Sheet1
2026-08-01 16:22:56,246 | INFO | Profiled workbook=Strend.xlsx sheet=Sheet1
2026-08-01 16:22:56,254 | INFO | Profiled workbook=Headers.xlsx sheet=Sheet1
2026-08-01 16:22:56,336 | INFO | Wrote Workbook_Profile.xlsx to D:\Jayanth\OrderbookAutomation\output\Workbook_Profile.xlsx
2026-08-01 16:22:56,355 | INFO | Wrote data dictionary to D:\Jayanth\OrderbookAutomation\docs\DATA_DICTIONARY.md
2026-08-01 16:22:56,356 | INFO | Join key candidate=NDC workbook_count=7 worksheet_count=7 confidence=70.0
2026-08-01 16:22:56,356 | INFO | Join key candidate=Material Number workbook_count=2 worksheet_count=2 confidence=20.0
2026-08-01 16:22:56,356 | INFO | Join key candidate=Customer workbook_count=7 worksheet_count=7 confidence=70.0
2026-08-01 16:22:56,356 | INFO | Join key candidate=Sold-to Party workbook_count=5 worksheet_count=5 confidence=50.0
2026-08-01 16:22:56,356 | INFO | Join key candidate=Lookup workbook_count=4 worksheet_count=4 confidence=40.0
2026-08-01 16:22:56,357 | INFO | Join key candidate=SKU workbook_count=2 worksheet_count=2 confidence=20.0
2026-08-01 16:22:56,357 | INFO | Join key candidate=Sales Order workbook_count=4 worksheet_count=4 confidence=40.0
2026-08-01 16:22:56,357 | INFO | Wrote join key analysis to D:\Jayanth\OrderbookAutomation\docs\JOIN_KEY_ANALYSIS.md
2026-08-01 16:22:56,364 | WARNING | Duplicate inventory NDC values detected: 12
2026-08-01 16:22:56,370 | WARNING | Invalid SKU segment encountered: 64380-201-01
2026-08-01 16:22:56,370 | WARNING | Invalid SKU segment encountered: 64380-161-01
2026-08-01 16:22:56,371 | WARNING | Invalid SKU segment encountered: 64380-187-01
2026-08-01 16:22:56,371 | WARNING | Invalid SKU segment encountered: 64380-161-01
2026-08-01 16:22:56,371 | WARNING | Invalid SKU segment encountered: 64380-161-01
2026-08-01 16:22:56,371 | WARNING | Invalid SKU segment encountered: 64380-201-01
2026-08-01 16:22:56,372 | WARNING | Invalid SKU values that could not be converted to NDC: 6
2026-08-01 16:22:56,385 | INFO | Derived inventory stats | inventory_rows=4 | allocated_rows=0 | unique_ndcs=4 | missing_inventory=0 | missing_allocations=4
2026-08-01 16:22:56,388 | INFO | Lookup key stats | total_rows=1 | values_normalized=0 | successful_matches=1 | unmatched_records=0 | duplicate_lookup_keys=0
2026-08-01 16:22:56,392 | INFO | MOQ validation stats | total_rows=1 | values_normalized=0 | successful_matches=1 | unmatched_records=0 | duplicate_lookup_keys=0
2026-08-01 16:22:56,538 | INFO | Wrote Phase 2 derived workbook to D:\Jayanth\OrderbookAutomation\output\Derived_Data.xlsx
2026-08-01 16:22:56,538 | INFO | Phase 2 completed successfully. Derived workbook saved to D:\Jayanth\OrderbookAutomation\output\Derived_Data.xlsx
2026-08-01 16:22:56,539 | INFO | Phase 1 completed successfully in 0.67 seconds
2026-08-01 16:23:43,495 | INFO | Starting Phase 1 ingestion workflow
2026-08-01 16:23:43,514 | INFO | Loaded workbook=raw_OB.xlsx sheet=Sheet1 rows=8 cols=27
2026-08-01 16:23:43,524 | INFO | Loaded workbook=Mat_Desc,_MOQ_,_Material_#.xlsx sheet=Sheet1 rows=4 cols=4
2026-08-01 16:23:43,538 | INFO | Loaded workbook=07-30_inv.xlsx sheet=Sheet1 rows=16 cols=13
2026-08-01 16:23:43,555 | INFO | Loaded workbook=Open_Order_Summary.xlsx sheet=Sheet1 rows=7 cols=21
2026-08-01 16:23:43,591 | INFO | Loaded workbook=Buying_groups.xlsx sheet=Sheet1 rows=677 cols=2
2026-08-01 16:23:43,626 | INFO | Loaded workbook=Awards.xlsx sheet=Sheet1 rows=129 cols=7
2026-08-01 16:23:43,653 | INFO | Loaded workbook=CIP.xlsx sheet=Sheet1 rows=10 cols=4
2026-08-01 16:23:43,672 | INFO | Loaded workbook=sales_summ.xlsx sheet=Sheet1 rows=1 cols=37
2026-08-01 16:23:43,811 | INFO | Loaded workbook=Strend.xlsx sheet=Sheet1 rows=101 cols=66
2026-08-01 16:23:43,829 | INFO | Loaded workbook=Headers.xlsx sheet=Sheet1 rows=4 cols=37
2026-08-01 16:23:43,843 | WARNING | EMPTY_COLUMNS | workbook=raw_OB.xlsx | worksheet=Sheet1 | Completely blank columns: ['Floor limit Blk', 'Multiple of MOQ Blk', 'Expected Price Blk', 'SOM Indc.']
2026-08-01 16:23:43,844 | WARNING | EMPTY_COLUMNS | workbook=sales_summ.xlsx | worksheet=Sheet1 | Completely blank columns: ['Action', 'Floor limit Blk', 'Multiple of MOQ Blk', 'Expected Price Blk', 'SOM Indc.']
2026-08-01 16:23:43,844 | WARNING | BLANK_HEADERS | workbook=Strend.xlsx | worksheet=Sheet1 | Blank raw headers found: 3
2026-08-01 16:23:43,844 | WARNING | BLANK_HEADERS | workbook=Headers.xlsx | worksheet=Sheet1 | Blank raw headers found: 3
2026-08-01 16:23:43,853 | INFO | Profiled workbook=raw_OB.xlsx sheet=Sheet1
2026-08-01 16:23:43,855 | INFO | Profiled workbook=Mat_Desc,_MOQ_,_Material_#.xlsx sheet=Sheet1
2026-08-01 16:23:43,858 | INFO | Profiled workbook=07-30_inv.xlsx sheet=Sheet1
2026-08-01 16:23:43,863 | INFO | Profiled workbook=Open_Order_Summary.xlsx sheet=Sheet1
2026-08-01 16:23:43,864 | INFO | Profiled workbook=Buying_groups.xlsx sheet=Sheet1
2026-08-01 16:23:43,868 | INFO | Profiled workbook=Awards.xlsx sheet=Sheet1
2026-08-01 16:23:43,870 | INFO | Profiled workbook=CIP.xlsx sheet=Sheet1
2026-08-01 16:23:43,877 | INFO | Profiled workbook=sales_summ.xlsx sheet=Sheet1
2026-08-01 16:23:43,892 | INFO | Profiled workbook=Strend.xlsx sheet=Sheet1
2026-08-01 16:23:43,900 | INFO | Profiled workbook=Headers.xlsx sheet=Sheet1
2026-08-01 16:23:43,979 | INFO | Wrote Workbook_Profile.xlsx to D:\Jayanth\OrderbookAutomation\output\Workbook_Profile.xlsx
2026-08-01 16:23:44,008 | INFO | Wrote data dictionary to D:\Jayanth\OrderbookAutomation\docs\DATA_DICTIONARY.md
2026-08-01 16:23:44,010 | INFO | Join key candidate=NDC workbook_count=7 worksheet_count=7 confidence=70.0
2026-08-01 16:23:44,010 | INFO | Join key candidate=Material Number workbook_count=2 worksheet_count=2 confidence=20.0
2026-08-01 16:23:44,011 | INFO | Join key candidate=Customer workbook_count=7 worksheet_count=7 confidence=70.0
2026-08-01 16:23:44,011 | INFO | Join key candidate=Sold-to Party workbook_count=5 worksheet_count=5 confidence=50.0
2026-08-01 16:23:44,011 | INFO | Join key candidate=Lookup workbook_count=4 worksheet_count=4 confidence=40.0
2026-08-01 16:23:44,012 | INFO | Join key candidate=SKU workbook_count=2 worksheet_count=2 confidence=20.0
2026-08-01 16:23:44,012 | INFO | Join key candidate=Sales Order workbook_count=4 worksheet_count=4 confidence=40.0
2026-08-01 16:23:44,013 | INFO | Wrote join key analysis to D:\Jayanth\OrderbookAutomation\docs\JOIN_KEY_ANALYSIS.md
2026-08-01 16:23:44,016 | WARNING | Duplicate inventory NDC values detected: 12
2026-08-01 16:23:44,025 | WARNING | Missing inventory for allocated NDC values: 3
2026-08-01 16:23:44,031 | INFO | Derived inventory stats | inventory_rows=4 | allocated_rows=3 | unique_ndcs=7 | missing_inventory=3 | missing_allocations=4
2026-08-01 16:23:44,037 | INFO | Lookup key stats | total_rows=1 | values_normalized=0 | successful_matches=1 | unmatched_records=0 | duplicate_lookup_keys=0
2026-08-01 16:23:44,043 | INFO | MOQ validation stats | total_rows=1 | values_normalized=0 | successful_matches=1 | unmatched_records=0 | duplicate_lookup_keys=0
2026-08-01 16:23:44,228 | INFO | Wrote Phase 2 derived workbook to D:\Jayanth\OrderbookAutomation\output\Derived_Data.xlsx
2026-08-01 16:23:44,229 | INFO | Phase 2 completed successfully. Derived workbook saved to D:\Jayanth\OrderbookAutomation\output\Derived_Data.xlsx
2026-08-01 16:23:44,229 | INFO | Phase 1 completed successfully in 0.73 seconds
2026-08-12 10:15:27,750 | INFO | Starting Phase 1 ingestion workflow
2026-08-12 10:15:27,810 | INFO | Loaded workbook=raw_OB.xlsx sheet=UOB rows=8 cols=34
2026-08-12 10:15:27,840 | INFO | Loaded workbook=Mat_Desc,_MOQ_,_Material_#.xlsx sheet=Sheet1 rows=4 cols=4
2026-08-12 10:15:27,870 | INFO | Loaded workbook=07-30_inv.xlsx sheet=Sheet1 rows=16 cols=13
2026-08-12 10:15:27,910 | INFO | Loaded workbook=Open_Order_Summary.xlsx sheet=Sheet1 rows=7 cols=21
2026-08-12 10:15:27,989 | INFO | Loaded workbook=Buying_groups.xlsx sheet=Sheet1 rows=677 cols=2
2026-08-12 10:15:28,048 | INFO | Loaded workbook=Awards.xlsx sheet=Sheet1 rows=129 cols=7
2026-08-12 10:15:28,064 | INFO | Loaded workbook=CIP.xlsx sheet=Sheet1 rows=10 cols=4
2026-08-12 10:15:28,093 | INFO | Loaded workbook=sales_summ.xlsx sheet=Sheet1 rows=1 cols=37
2026-08-12 10:15:28,380 | INFO | Loaded workbook=Strend.xlsx sheet=Sheet1 rows=101 cols=66
2026-08-12 10:15:28,442 | INFO | Loaded workbook=Headers.xlsx sheet=Sheet1 rows=4 cols=37
2026-08-12 10:15:28,463 | ERROR | MISSING_WORKSHEET | workbook=raw_OB.xlsx | worksheet=Sheet1 | Required worksheet not found
2026-08-12 10:15:28,463 | WARNING | EMPTY_COLUMNS | workbook=raw_OB.xlsx | worksheet=UOB | Completely blank columns: ['Floor limit Blk', 'Multiple of MOQ Blk', 'Expected Price Blk', 'SOM Indc.']
2026-08-12 10:15:28,463 | WARNING | EMPTY_COLUMNS | workbook=sales_summ.xlsx | worksheet=Sheet1 | Completely blank columns: ['Action', 'Floor limit Blk', 'Multiple of MOQ Blk', 'Expected Price Blk', 'SOM Indc.']
2026-08-12 10:15:28,463 | WARNING | BLANK_HEADERS | workbook=Strend.xlsx | worksheet=Sheet1 | Blank raw headers found: 3
2026-08-12 10:15:28,463 | WARNING | BLANK_HEADERS | workbook=Headers.xlsx | worksheet=Sheet1 | Blank raw headers found: 3
2026-08-12 10:15:28,493 | INFO | Profiled workbook=raw_OB.xlsx sheet=UOB
2026-08-12 10:15:28,496 | INFO | Profiled workbook=Mat_Desc,_MOQ_,_Material_#.xlsx sheet=Sheet1
2026-08-12 10:15:28,500 | INFO | Profiled workbook=07-30_inv.xlsx sheet=Sheet1
2026-08-12 10:15:28,514 | INFO | Profiled workbook=Open_Order_Summary.xlsx sheet=Sheet1
2026-08-12 10:15:28,519 | INFO | Profiled workbook=Buying_groups.xlsx sheet=Sheet1
2026-08-12 10:15:28,523 | INFO | Profiled workbook=Awards.xlsx sheet=Sheet1
2026-08-12 10:15:28,527 | INFO | Profiled workbook=CIP.xlsx sheet=Sheet1
2026-08-12 10:15:28,544 | INFO | Profiled workbook=sales_summ.xlsx sheet=Sheet1
2026-08-12 10:15:28,580 | INFO | Profiled workbook=Strend.xlsx sheet=Sheet1
2026-08-12 10:15:28,591 | INFO | Profiled workbook=Headers.xlsx sheet=Sheet1
2026-08-12 10:15:28,661 | INFO | Wrote Workbook_Profile.xlsx to G:\Support\orderbook\Jayanth\OrderbookAutomation\output\Workbook_Profile.xlsx
2026-08-12 10:15:28,706 | INFO | Wrote data dictionary to G:\Support\orderbook\Jayanth\OrderbookAutomation\docs\DATA_DICTIONARY.md
2026-08-12 10:15:28,707 | INFO | Join key candidate=NDC workbook_count=8 worksheet_count=8 confidence=80.0
2026-08-12 10:15:28,707 | INFO | Join key candidate=Material Number workbook_count=2 worksheet_count=2 confidence=20.0
2026-08-12 10:15:28,707 | INFO | Join key candidate=Customer workbook_count=7 worksheet_count=7 confidence=70.0
2026-08-12 10:15:28,707 | INFO | Join key candidate=Sold-to Party workbook_count=5 worksheet_count=5 confidence=50.0
2026-08-12 10:15:28,707 | INFO | Join key candidate=Lookup workbook_count=4 worksheet_count=4 confidence=40.0
2026-08-12 10:15:28,744 | INFO | Join key candidate=SKU workbook_count=2 worksheet_count=2 confidence=20.0
2026-08-12 10:15:28,744 | INFO | Join key candidate=Sales Order workbook_count=4 worksheet_count=4 confidence=40.0
2026-08-12 10:15:28,745 | INFO | Wrote join key analysis to G:\Support\orderbook\Jayanth\OrderbookAutomation\docs\JOIN_KEY_ANALYSIS.md
2026-08-12 10:16:29,810 | INFO | Starting Phase 1 ingestion workflow
2026-08-12 10:16:29,863 | INFO | Loaded workbook=raw_OB.xlsx sheet=UOB rows=8 cols=34
2026-08-12 10:16:29,884 | INFO | Loaded workbook=Mat_Desc,_MOQ_,_Material_#.xlsx sheet=Sheet1 rows=4 cols=4
2026-08-12 10:16:29,914 | INFO | Loaded workbook=07-30_inv.xlsx sheet=Sheet1 rows=16 cols=13
2026-08-12 10:16:29,957 | INFO | Loaded workbook=Open_Order_Summary.xlsx sheet=Sheet1 rows=7 cols=21
2026-08-12 10:16:30,030 | INFO | Loaded workbook=Buying_groups.xlsx sheet=Sheet1 rows=677 cols=2
2026-08-12 10:16:30,091 | INFO | Loaded workbook=Awards.xlsx sheet=Sheet1 rows=129 cols=7
2026-08-12 10:16:30,113 | INFO | Loaded workbook=CIP.xlsx sheet=Sheet1 rows=10 cols=4
2026-08-12 10:16:30,137 | INFO | Loaded workbook=sales_summ.xlsx sheet=Sheet1 rows=1 cols=37
2026-08-12 10:16:30,415 | INFO | Loaded workbook=Strend.xlsx sheet=Sheet1 rows=101 cols=66
2026-08-12 10:16:30,443 | INFO | Loaded workbook=Headers.xlsx sheet=Sheet1 rows=4 cols=37
2026-08-12 10:16:30,467 | ERROR | MISSING_WORKSHEET | workbook=raw_OB.xlsx | worksheet=Sheet1 | Required worksheet not found
2026-08-12 10:16:30,467 | WARNING | EMPTY_COLUMNS | workbook=raw_OB.xlsx | worksheet=UOB | Completely blank columns: ['Floor limit Blk', 'Multiple of MOQ Blk', 'Expected Price Blk', 'SOM Indc.']
2026-08-12 10:16:30,468 | WARNING | EMPTY_COLUMNS | workbook=sales_summ.xlsx | worksheet=Sheet1 | Completely blank columns: ['Action', 'Floor limit Blk', 'Multiple of MOQ Blk', 'Expected Price Blk', 'SOM Indc.']
2026-08-12 10:16:30,468 | WARNING | BLANK_HEADERS | workbook=Strend.xlsx | worksheet=Sheet1 | Blank raw headers found: 3
2026-08-12 10:16:30,468 | WARNING | BLANK_HEADERS | workbook=Headers.xlsx | worksheet=Sheet1 | Blank raw headers found: 3
2026-08-12 10:16:30,482 | INFO | Profiled workbook=raw_OB.xlsx sheet=UOB
2026-08-12 10:16:30,488 | INFO | Profiled workbook=Mat_Desc,_MOQ_,_Material_#.xlsx sheet=Sheet1
2026-08-12 10:16:30,495 | INFO | Profiled workbook=07-30_inv.xlsx sheet=Sheet1
2026-08-12 10:16:30,506 | INFO | Profiled workbook=Open_Order_Summary.xlsx sheet=Sheet1
2026-08-12 10:16:30,511 | INFO | Profiled workbook=Buying_groups.xlsx sheet=Sheet1
2026-08-12 10:16:30,515 | INFO | Profiled workbook=Awards.xlsx sheet=Sheet1
2026-08-12 10:16:30,518 | INFO | Profiled workbook=CIP.xlsx sheet=Sheet1
2026-08-12 10:16:30,534 | INFO | Profiled workbook=sales_summ.xlsx sheet=Sheet1
2026-08-12 10:16:30,570 | INFO | Profiled workbook=Strend.xlsx sheet=Sheet1
2026-08-12 10:16:30,580 | INFO | Profiled workbook=Headers.xlsx sheet=Sheet1
2026-08-12 10:16:30,640 | INFO | Wrote Workbook_Profile.xlsx to G:\Support\orderbook\Jayanth\OrderbookAutomation\output\Workbook_Profile.xlsx
2026-08-12 10:16:30,682 | INFO | Wrote data dictionary to G:\Support\orderbook\Jayanth\OrderbookAutomation\docs\DATA_DICTIONARY.md
2026-08-12 10:16:30,688 | INFO | Join key candidate=NDC workbook_count=8 worksheet_count=8 confidence=80.0
2026-08-12 10:16:30,688 | INFO | Join key candidate=Material Number workbook_count=2 worksheet_count=2 confidence=20.0
2026-08-12 10:16:30,689 | INFO | Join key candidate=Customer workbook_count=7 worksheet_count=7 confidence=70.0
2026-08-12 10:16:30,689 | INFO | Join key candidate=Sold-to Party workbook_count=5 worksheet_count=5 confidence=50.0
2026-08-12 10:16:30,690 | INFO | Join key candidate=Lookup workbook_count=4 worksheet_count=4 confidence=40.0
2026-08-12 10:16:30,691 | INFO | Join key candidate=SKU workbook_count=2 worksheet_count=2 confidence=20.0
2026-08-12 10:16:30,691 | INFO | Join key candidate=Sales Order workbook_count=4 worksheet_count=4 confidence=40.0
2026-08-12 10:16:30,692 | INFO | Wrote join key analysis to G:\Support\orderbook\Jayanth\OrderbookAutomation\docs\JOIN_KEY_ANALYSIS.md
2026-08-12 10:16:57,510 | INFO | Starting Phase 1 ingestion workflow
2026-08-12 10:16:57,610 | INFO | Loaded workbook=raw_OB.xlsx sheet=UOB rows=8 cols=34
2026-08-12 10:16:57,643 | INFO | Loaded workbook=Mat_Desc,_MOQ_,_Material_#.xlsx sheet=Sheet1 rows=4 cols=4
2026-08-12 10:16:57,724 | INFO | Loaded workbook=07-30_inv.xlsx sheet=Sheet1 rows=16 cols=13
2026-08-12 10:16:57,843 | INFO | Loaded workbook=Open_Order_Summary.xlsx sheet=Sheet1 rows=7 cols=21
2026-08-12 10:16:58,095 | INFO | Loaded workbook=Buying_groups.xlsx sheet=Sheet1 rows=677 cols=2
2026-08-12 10:16:58,282 | INFO | Loaded workbook=Awards.xlsx sheet=Sheet1 rows=129 cols=7
2026-08-12 10:16:58,340 | INFO | Loaded workbook=CIP.xlsx sheet=Sheet1 rows=10 cols=4
2026-08-12 10:16:58,395 | INFO | Loaded workbook=sales_summ.xlsx sheet=Sheet1 rows=1 cols=37
2026-08-12 10:16:58,920 | INFO | Loaded workbook=Strend.xlsx sheet=Sheet1 rows=101 cols=66
2026-08-12 10:16:58,960 | INFO | Loaded workbook=Headers.xlsx sheet=Sheet1 rows=4 cols=37
2026-08-12 10:16:59,025 | WARNING | EMPTY_COLUMNS | workbook=raw_OB.xlsx | worksheet=UOB | Completely blank columns: ['Floor limit Blk', 'Multiple of MOQ Blk', 'Expected Price Blk', 'SOM Indc.']
2026-08-12 10:16:59,025 | WARNING | EMPTY_COLUMNS | workbook=sales_summ.xlsx | worksheet=Sheet1 | Completely blank columns: ['Action', 'Floor limit Blk', 'Multiple of MOQ Blk', 'Expected Price Blk', 'SOM Indc.']
2026-08-12 10:16:59,025 | WARNING | BLANK_HEADERS | workbook=Strend.xlsx | worksheet=Sheet1 | Blank raw headers found: 3
2026-08-12 10:16:59,025 | WARNING | BLANK_HEADERS | workbook=Headers.xlsx | worksheet=Sheet1 | Blank raw headers found: 3
2026-08-12 10:16:59,060 | INFO | Profiled workbook=raw_OB.xlsx sheet=UOB
2026-08-12 10:16:59,064 | INFO | Profiled workbook=Mat_Desc,_MOQ_,_Material_#.xlsx sheet=Sheet1
2026-08-12 10:16:59,080 | INFO | Profiled workbook=07-30_inv.xlsx sheet=Sheet1
2026-08-12 10:16:59,092 | INFO | Profiled workbook=Open_Order_Summary.xlsx sheet=Sheet1
2026-08-12 10:16:59,100 | INFO | Profiled workbook=Buying_groups.xlsx sheet=Sheet1
2026-08-12 10:16:59,112 | INFO | Profiled workbook=Awards.xlsx sheet=Sheet1
2026-08-12 10:16:59,117 | INFO | Profiled workbook=CIP.xlsx sheet=Sheet1
2026-08-12 10:16:59,142 | INFO | Profiled workbook=sales_summ.xlsx sheet=Sheet1
2026-08-12 10:16:59,210 | INFO | Profiled workbook=Strend.xlsx sheet=Sheet1
2026-08-12 10:16:59,235 | INFO | Profiled workbook=Headers.xlsx sheet=Sheet1
2026-08-12 10:16:59,370 | INFO | Wrote Workbook_Profile.xlsx to G:\Support\orderbook\Jayanth\OrderbookAutomation\output\Workbook_Profile.xlsx
2026-08-12 10:16:59,460 | INFO | Wrote data dictionary to G:\Support\orderbook\Jayanth\OrderbookAutomation\docs\DATA_DICTIONARY.md
2026-08-12 10:16:59,460 | INFO | Join key candidate=NDC workbook_count=8 worksheet_count=8 confidence=80.0
2026-08-12 10:16:59,460 | INFO | Join key candidate=Material Number workbook_count=2 worksheet_count=2 confidence=20.0
2026-08-12 10:16:59,460 | INFO | Join key candidate=Customer workbook_count=7 worksheet_count=7 confidence=70.0
2026-08-12 10:16:59,460 | INFO | Join key candidate=Sold-to Party workbook_count=5 worksheet_count=5 confidence=50.0
2026-08-12 10:16:59,460 | INFO | Join key candidate=Lookup workbook_count=4 worksheet_count=4 confidence=40.0
2026-08-12 10:16:59,467 | INFO | Join key candidate=SKU workbook_count=2 worksheet_count=2 confidence=20.0
2026-08-12 10:16:59,467 | INFO | Join key candidate=Sales Order workbook_count=4 worksheet_count=4 confidence=40.0
2026-08-12 10:16:59,467 | INFO | Wrote join key analysis to G:\Support\orderbook\Jayanth\OrderbookAutomation\docs\JOIN_KEY_ANALYSIS.md
2026-08-12 10:16:59,477 | WARNING | Duplicate inventory NDC values detected: 12
2026-08-12 10:16:59,500 | WARNING | Missing inventory for allocated NDC values: 3
2026-08-12 10:16:59,510 | INFO | Derived inventory stats | inventory_rows=4 | allocated_rows=3 | unique_ndcs=7 | missing_inventory=3 | missing_allocations=4
2026-08-12 10:16:59,516 | INFO | Lookup key stats | total_rows=1 | values_normalized=0 | successful_matches=1 | unmatched_records=0 | duplicate_lookup_keys=0
2026-08-12 10:16:59,530 | INFO | MOQ validation stats | total_rows=1 | values_normalized=0 | successful_matches=1 | unmatched_records=0 | duplicate_lookup_keys=0
2026-08-12 10:16:59,580 | INFO | Wrote Phase 2 derived workbook to G:\Support\orderbook\Jayanth\OrderbookAutomation\output\Derived_Data.xlsx
2026-08-12 10:16:59,580 | INFO | Phase 2 completed successfully. Derived workbook saved to G:\Support\orderbook\Jayanth\OrderbookAutomation\output\Derived_Data.xlsx
2026-08-12 10:16:59,586 | INFO | Phase 1 completed successfully in 2.07 seconds
2026-08-13 23:09:56,062 | INFO | Starting Phase 1 ingestion workflow
2026-08-13 23:09:56,143 | INFO | Loaded workbook=raw_OB.xlsx sheet=UOB rows=8 cols=34
2026-08-13 23:09:56,175 | INFO | Loaded workbook=Mat_Desc,_MOQ_,_Material_#.xlsx sheet=Sheet1 rows=4 cols=4
2026-08-13 23:09:56,208 | INFO | Loaded workbook=07-30_inv.xlsx sheet=Sheet1 rows=16 cols=13
2026-08-13 23:09:56,244 | INFO | Loaded workbook=Open_Order_Summary.xlsx sheet=Sheet1 rows=7 cols=21
2026-08-13 23:09:56,293 | INFO | Loaded workbook=Buying_groups.xlsx sheet=Sheet1 rows=677 cols=2
2026-08-13 23:09:56,347 | INFO | Loaded workbook=Awards.xlsx sheet=Sheet1 rows=129 cols=7
2026-08-13 23:09:56,368 | INFO | Loaded workbook=CIP.xlsx sheet=Sheet1 rows=10 cols=4
2026-08-13 23:09:56,396 | INFO | Loaded workbook=sales_summ.xlsx sheet=Sheet1 rows=1 cols=37
2026-08-13 23:09:56,593 | INFO | Loaded workbook=Strend.xlsx sheet=Sheet1 rows=101 cols=66
2026-08-13 23:09:56,648 | INFO | Loaded workbook=Headers.xlsx sheet=Sheet1 rows=2 cols=37
2026-08-13 23:09:56,675 | WARNING | EMPTY_COLUMNS | workbook=raw_OB.xlsx | worksheet=UOB | Completely blank columns: ['Floor limit Blk', 'Multiple of MOQ Blk', 'Expected Price Blk', 'SOM Indc.']
2026-08-13 23:09:56,675 | WARNING | EMPTY_COLUMNS | workbook=sales_summ.xlsx | worksheet=Sheet1 | Completely blank columns: ['Action', 'Floor limit Blk', 'Multiple of MOQ Blk', 'Expected Price Blk', 'SOM Indc.']
2026-08-13 23:09:56,676 | WARNING | BLANK_HEADERS | workbook=Strend.xlsx | worksheet=Sheet1 | Blank raw headers found: 3
2026-08-13 23:09:56,676 | WARNING | EMPTY_COLUMNS | workbook=Headers.xlsx | worksheet=Sheet1 | Completely blank columns: [' Unit Price ', ' Sales Value (FC) ', 'WAC/BG price in EDI', 'PO Number', 'PO Date', 'Ship-to party', 'Ship-to party Name', 'Street', 'City', 'Region', 'Postal Code', 'Country', 'Reas. Rej.', 'Reason for Rejection', 'Material Blk', 'Floor limit Blk', 'Multiple of MOQ Blk', 'Expected Price Blk', 'DEA Number (Customer Master)', 'Req. Delivery Date', 'SOM Indc.']
2026-08-13 23:09:56,699 | INFO | Profiled workbook=raw_OB.xlsx sheet=UOB
2026-08-13 23:09:56,701 | INFO | Profiled workbook=Mat_Desc,_MOQ_,_Material_#.xlsx sheet=Sheet1
2026-08-13 23:09:56,711 | INFO | Profiled workbook=07-30_inv.xlsx sheet=Sheet1
2026-08-13 23:09:56,717 | INFO | Profiled workbook=Open_Order_Summary.xlsx sheet=Sheet1
2026-08-13 23:09:56,725 | INFO | Profiled workbook=Buying_groups.xlsx sheet=Sheet1
2026-08-13 23:09:56,727 | INFO | Profiled workbook=Awards.xlsx sheet=Sheet1
2026-08-13 23:09:56,733 | INFO | Profiled workbook=CIP.xlsx sheet=Sheet1
2026-08-13 23:09:56,747 | INFO | Profiled workbook=sales_summ.xlsx sheet=Sheet1
2026-08-13 23:09:56,776 | INFO | Profiled workbook=Strend.xlsx sheet=Sheet1
2026-08-13 23:09:56,796 | INFO | Profiled workbook=Headers.xlsx sheet=Sheet1
2026-08-13 23:09:56,858 | INFO | Wrote Workbook_Profile.xlsx to G:\Support\orderbook\Jayanth\OrderbookAutomation\output\Workbook_Profile.xlsx
2026-08-13 23:09:56,898 | INFO | Wrote data dictionary to G:\Support\orderbook\Jayanth\OrderbookAutomation\docs\DATA_DICTIONARY.md
2026-08-13 23:09:56,908 | INFO | Join key candidate=NDC workbook_count=8 worksheet_count=8 confidence=80.0
2026-08-13 23:09:56,909 | INFO | Join key candidate=Material Number workbook_count=3 worksheet_count=3 confidence=30.0
2026-08-13 23:09:56,909 | INFO | Join key candidate=Customer workbook_count=7 worksheet_count=7 confidence=70.0
2026-08-13 23:09:56,909 | INFO | Join key candidate=Sold-to Party workbook_count=5 worksheet_count=5 confidence=50.0
2026-08-13 23:09:56,909 | INFO | Join key candidate=Lookup workbook_count=5 worksheet_count=5 confidence=50.0
2026-08-13 23:09:56,909 | INFO | Join key candidate=SKU workbook_count=2 worksheet_count=2 confidence=20.0
2026-08-13 23:09:56,909 | INFO | Join key candidate=Sales Order workbook_count=4 worksheet_count=4 confidence=40.0
2026-08-13 23:09:56,909 | INFO | Wrote join key analysis to G:\Support\orderbook\Jayanth\OrderbookAutomation\docs\JOIN_KEY_ANALYSIS.md
2026-08-13 23:09:56,909 | WARNING | Duplicate inventory NDC values detected: 12
2026-08-13 23:09:56,925 | WARNING | Missing inventory for allocated NDC values: 3
2026-08-13 23:09:56,940 | INFO | Derived inventory stats | inventory_rows=4 | allocated_rows=3 | unique_ndcs=7 | missing_inventory=3 | missing_allocations=4
2026-08-13 23:09:56,942 | INFO | Lookup key stats | total_rows=1 | values_normalized=0 | successful_matches=1 | unmatched_records=0 | duplicate_lookup_keys=0
2026-08-13 23:09:56,952 | INFO | MOQ validation stats | total_rows=1 | values_normalized=0 | successful_matches=1 | unmatched_records=0 | duplicate_lookup_keys=0
2026-08-13 23:09:57,044 | INFO | Wrote Phase 2 derived workbook to G:\Support\orderbook\Jayanth\OrderbookAutomation\output\Derived_Data.xlsx
2026-08-13 23:09:57,044 | INFO | Phase 2 completed successfully. Derived workbook saved to G:\Support\orderbook\Jayanth\OrderbookAutomation\output\Derived_Data.xlsx
2026-08-13 23:09:57,044 | INFO | Phase 1 completed successfully in 0.99 seconds
2026-08-13 23:26:03,550 | INFO | Starting Phase 1 ingestion workflow
2026-08-13 23:26:03,550 | INFO | Application root=G:\Support\orderbook\Jayanth\OrderbookAutomation | input_dir=G:\Support\orderbook\Jayanth\OrderbookAutomation
2026-08-13 23:26:34,594 | INFO | Starting Phase 1 ingestion workflow
2026-08-13 23:26:34,594 | INFO | Application root=G:\Support\orderbook\Jayanth\OrderbookAutomation | input_dir=G:\Support\orderbook\Jayanth
2026-08-13 23:26:34,615 | INFO | Discovery scan | file=07-30_inv.xlsx | sheet=Sheet1 | header_row=0 | header_count=13
2026-08-13 23:26:34,634 | INFO | Discovery scan | file=Awards.xlsx | sheet=Sheet1 | header_row=0 | header_count=7
2026-08-13 23:26:34,656 | INFO | Discovery scan | file=Buying_groups.xlsx | sheet=Sheet1 | header_row=0 | header_count=2
2026-08-13 23:26:34,668 | INFO | Discovery scan | file=CIP.xlsx | sheet=Sheet1 | header_row=0 | header_count=4
2026-08-13 23:26:34,685 | INFO | Discovery scan | file=Headers.xlsx | sheet=Sheet1 | header_row=2 | header_count=37
2026-08-13 23:26:34,694 | INFO | Discovery scan | file=Mat_Desc,_MOQ_,_Material_#.xlsx | sheet=Sheet1 | header_row=0 | header_count=4
2026-08-13 23:26:34,714 | INFO | Discovery scan | file=Open_Order_Summary.xlsx | sheet=Sheet1 | header_row=3 | header_count=21
2026-08-13 23:26:34,777 | INFO | Discovery scan | file=POB.xlsx | sheet=Sheet1 | header_row=0 | header_count=16
2026-08-13 23:26:34,799 | INFO | Discovery scan | file=raw_OB.xlsx | sheet=UOB | header_row=0 | header_count=34
2026-08-13 23:26:34,813 | INFO | Discovery scan | file=sales_summ.xlsx | sheet=Sheet1 | header_row=0 | header_count=37
2026-08-13 23:26:34,829 | INFO | Discovery scan | file=Strend.xlsx | sheet=Sheet1 | header_row=3 | header_count=66
2026-08-13 23:26:34,843 | INFO | Resolved source 'orderbook' (Orderbook) -> file=raw_OB.xlsx | sheet=UOB
2026-08-13 23:26:34,843 | INFO | Resolved source 'moq' (Material Description / MOQ Master) -> file=Mat_Desc,_MOQ_,_Material_#.xlsx | sheet=Sheet1
2026-08-13 23:26:34,844 | INFO | Resolved source 'inventory' (Daily Inventory) -> file=07-30_inv.xlsx | sheet=Sheet1
2026-08-13 23:27:30,366 | INFO | Starting Phase 1 ingestion workflow
2026-08-13 23:27:30,382 | INFO | Application root=G:\Support\orderbook\Jayanth\OrderbookAutomation | input_dir=G:\Support\orderbook\Jayanth
2026-08-13 23:27:30,425 | INFO | Discovery scan | file=07-30_inv.xlsx | sheet=Sheet1 | header_row=0 | header_count=13
2026-08-13 23:27:30,447 | INFO | Discovery scan | file=Awards.xlsx | sheet=Sheet1 | header_row=0 | header_count=7
2026-08-13 23:27:30,466 | INFO | Discovery scan | file=Buying_groups.xlsx | sheet=Sheet1 | header_row=0 | header_count=2
2026-08-13 23:27:30,481 | INFO | Discovery scan | file=CIP.xlsx | sheet=Sheet1 | header_row=0 | header_count=4
2026-08-13 23:27:30,499 | INFO | Discovery scan | file=Headers.xlsx | sheet=Sheet1 | header_row=2 | header_count=37
2026-08-13 23:27:30,499 | INFO | Discovery scan | file=Mat_Desc,_MOQ_,_Material_#.xlsx | sheet=Sheet1 | header_row=0 | header_count=4
2026-08-13 23:27:30,531 | INFO | Discovery scan | file=Open_Order_Summary.xlsx | sheet=Sheet1 | header_row=3 | header_count=21
2026-08-13 23:27:30,531 | INFO | Discovery scan | file=POB.xlsx | sheet=Sheet1 | header_row=0 | header_count=16
2026-08-13 23:27:30,553 | INFO | Discovery scan | file=raw_OB.xlsx | sheet=UOB | header_row=0 | header_count=34
2026-08-13 23:27:30,575 | INFO | Discovery scan | file=sales_summ.xlsx | sheet=Sheet1 | header_row=0 | header_count=37
2026-08-13 23:27:30,608 | INFO | Discovery scan | file=Strend.xlsx | sheet=Sheet1 | header_row=3 | header_count=66
2026-08-13 23:27:30,608 | INFO | Resolved source 'orderbook' (Orderbook) -> file=raw_OB.xlsx | sheet=UOB
2026-08-13 23:27:30,608 | INFO | Resolved source 'moq' (Material Description / MOQ Master) -> file=Mat_Desc,_MOQ_,_Material_#.xlsx | sheet=Sheet1
2026-08-13 23:27:30,608 | INFO | Resolved source 'inventory' (Daily Inventory) -> file=07-30_inv.xlsx | sheet=Sheet1
2026-08-13 23:27:30,608 | INFO | Resolved source 'open_order_summary' (Open Order Summary) -> file=Open_Order_Summary.xlsx | sheet=Sheet1
2026-08-13 23:27:30,608 | INFO | Resolved source 'buying_groups' (Buying Groups) -> file=Buying_groups.xlsx | sheet=Sheet1
2026-08-13 23:27:30,608 | INFO | Resolved source 'awards' (Awards) -> file=Awards.xlsx | sheet=Sheet1
2026-08-13 23:27:30,608 | INFO | Resolved source 'critical_inventory_tracker' (Critical Inventory Tracker (CIP)) -> file=CIP.xlsx | sheet=Sheet1
2026-08-13 23:29:34,645 | INFO | Starting Phase 1 ingestion workflow
2026-08-13 23:29:34,645 | INFO | Application root=G:\Support\orderbook\Jayanth\OrderbookAutomation | input_dir=G:\Support\orderbook\Jayanth
2026-08-13 23:29:34,667 | INFO | Discovery scan | file=07-30_inv.xlsx | sheet=Sheet1 | header_row=0 | header_count=13
2026-08-13 23:29:34,687 | INFO | Discovery scan | file=Awards.xlsx | sheet=Sheet1 | header_row=0 | header_count=7
2026-08-13 23:29:34,707 | INFO | Discovery scan | file=Buying_groups.xlsx | sheet=Sheet1 | header_row=0 | header_count=2
2026-08-13 23:29:34,722 | INFO | Discovery scan | file=CIP.xlsx | sheet=Sheet1 | header_row=0 | header_count=4
2026-08-13 23:29:34,737 | INFO | Discovery scan | file=Headers.xlsx | sheet=Sheet1 | header_row=2 | header_count=37
2026-08-13 23:29:34,751 | INFO | Discovery scan | file=Mat_Desc,_MOQ_,_Material_#.xlsx | sheet=Sheet1 | header_row=0 | header_count=4
2026-08-13 23:29:34,769 | INFO | Discovery scan | file=Open_Order_Summary.xlsx | sheet=Sheet1 | header_row=3 | header_count=21
2026-08-13 23:29:34,784 | INFO | Discovery scan | file=POB.xlsx | sheet=Sheet1 | header_row=0 | header_count=16
2026-08-13 23:29:34,800 | INFO | Discovery scan | file=raw_OB.xlsx | sheet=UOB | header_row=0 | header_count=34
2026-08-13 23:29:34,815 | INFO | Discovery scan | file=sales_summ.xlsx | sheet=Sheet1 | header_row=0 | header_count=37
2026-08-13 23:29:34,849 | INFO | Discovery scan | file=Strend.xlsx | sheet=Sheet1 | header_row=3 | header_count=66
2026-08-13 23:29:34,849 | INFO | Resolved source 'orderbook' (Orderbook) -> file=raw_OB.xlsx | sheet=UOB
2026-08-13 23:29:34,849 | INFO | Resolved source 'moq' (Material Description / MOQ Master) -> file=Mat_Desc,_MOQ_,_Material_#.xlsx | sheet=Sheet1
2026-08-13 23:29:34,849 | INFO | Resolved source 'inventory' (Daily Inventory) -> file=07-30_inv.xlsx | sheet=Sheet1
2026-08-13 23:29:34,849 | INFO | Resolved source 'open_order_summary' (Open Order Summary) -> file=Open_Order_Summary.xlsx | sheet=Sheet1
2026-08-13 23:29:34,849 | INFO | Resolved source 'buying_groups' (Buying Groups) -> file=Buying_groups.xlsx | sheet=Sheet1
2026-08-13 23:29:34,849 | INFO | Resolved source 'awards' (Awards) -> file=Awards.xlsx | sheet=Sheet1
2026-08-13 23:29:34,849 | INFO | Resolved source 'critical_inventory_tracker' (Critical Inventory Tracker (CIP)) -> file=CIP.xlsx | sheet=Sheet1
2026-08-13 23:29:34,849 | INFO | Resolved source 'sales_summary' (Sales Summary) -> file=sales_summ.xlsx | sheet=Sheet1
2026-08-13 23:29:34,849 | INFO | Resolved source 'sales_trend' (Sales Trend (Strend)) -> file=Strend.xlsx | sheet=Sheet1
2026-08-13 23:29:52,172 | INFO | Starting Phase 1 ingestion workflow
2026-08-13 23:29:52,172 | INFO | Application root=G:\Support\orderbook\Jayanth\OrderbookAutomation | input_dir=G:\Support\orderbook\Jayanth
2026-08-13 23:29:52,192 | INFO | Discovery scan | file=07-30_inv.xlsx | sheet=Sheet1 | header_row=0 | header_count=13
2026-08-13 23:29:52,204 | INFO | Discovery scan | file=Awards.xlsx | sheet=Sheet1 | header_row=0 | header_count=7
2026-08-13 23:29:52,221 | INFO | Discovery scan | file=Buying_groups.xlsx | sheet=Sheet1 | header_row=0 | header_count=2
2026-08-13 23:29:52,239 | INFO | Discovery scan | file=CIP.xlsx | sheet=Sheet1 | header_row=0 | header_count=4
2026-08-13 23:29:52,249 | INFO | Discovery scan | file=Mat_Desc,_MOQ_,_Material_#.xlsx | sheet=Sheet1 | header_row=0 | header_count=4
2026-08-13 23:29:52,271 | INFO | Discovery scan | file=Open_Order_Summary.xlsx | sheet=Sheet1 | header_row=3 | header_count=21
2026-08-13 23:29:52,286 | INFO | Discovery scan | file=POB.xlsx | sheet=Sheet1 | header_row=0 | header_count=16
2026-08-13 23:29:52,313 | INFO | Discovery scan | file=raw_OB.xlsx | sheet=UOB | header_row=0 | header_count=34
2026-08-13 23:29:52,323 | INFO | Discovery scan | file=sales_summ.xlsx | sheet=Sheet1 | header_row=0 | header_count=37
2026-08-13 23:29:52,363 | INFO | Discovery scan | file=Strend.xlsx | sheet=Sheet1 | header_row=3 | header_count=66
2026-08-13 23:29:52,363 | INFO | Resolved source 'orderbook' (Orderbook) -> file=raw_OB.xlsx | sheet=UOB
2026-08-13 23:29:52,363 | INFO | Resolved source 'moq' (Material Description / MOQ Master) -> file=Mat_Desc,_MOQ_,_Material_#.xlsx | sheet=Sheet1
2026-08-13 23:29:52,363 | INFO | Resolved source 'inventory' (Daily Inventory) -> file=07-30_inv.xlsx | sheet=Sheet1
2026-08-13 23:29:52,363 | INFO | Resolved source 'open_order_summary' (Open Order Summary) -> file=Open_Order_Summary.xlsx | sheet=Sheet1
2026-08-13 23:29:52,363 | INFO | Resolved source 'buying_groups' (Buying Groups) -> file=Buying_groups.xlsx | sheet=Sheet1
2026-08-13 23:29:52,363 | INFO | Resolved source 'awards' (Awards) -> file=Awards.xlsx | sheet=Sheet1
2026-08-13 23:29:52,363 | INFO | Resolved source 'critical_inventory_tracker' (Critical Inventory Tracker (CIP)) -> file=CIP.xlsx | sheet=Sheet1
2026-08-13 23:29:52,363 | INFO | Resolved source 'sales_summary' (Sales Summary) -> file=sales_summ.xlsx | sheet=Sheet1
2026-08-13 23:29:52,363 | INFO | Resolved source 'sales_trend' (Sales Trend (Strend)) -> file=Strend.xlsx | sheet=Sheet1
2026-08-13 23:29:52,363 | INFO | Resolved source 'headers_reference' (Headers Reference) -> file=sales_summ.xlsx | sheet=Sheet1
2026-08-13 23:29:52,413 | INFO | Loaded workbook=raw_OB.xlsx sheet=UOB rows=8 cols=34
2026-08-13 23:29:52,430 | INFO | Loaded workbook=Mat_Desc,_MOQ_,_Material_#.xlsx sheet=Sheet1 rows=4 cols=4
2026-08-13 23:29:52,446 | INFO | Loaded workbook=07-30_inv.xlsx sheet=Sheet1 rows=16 cols=13
2026-08-13 23:29:52,475 | INFO | Loaded workbook=Open_Order_Summary.xlsx sheet=Sheet1 rows=7 cols=21
2026-08-13 23:29:52,524 | INFO | Loaded workbook=Buying_groups.xlsx sheet=Sheet1 rows=677 cols=2
2026-08-13 23:29:52,565 | INFO | Loaded workbook=Awards.xlsx sheet=Sheet1 rows=129 cols=7
2026-08-13 23:29:52,579 | INFO | Loaded workbook=CIP.xlsx sheet=Sheet1 rows=10 cols=4
2026-08-13 23:29:52,595 | INFO | Loaded workbook=sales_summ.xlsx sheet=Sheet1 rows=1 cols=37
2026-08-13 23:29:52,773 | INFO | Loaded workbook=Strend.xlsx sheet=Sheet1 rows=101 cols=66
2026-08-13 23:29:52,773 | INFO | Loaded workbook=sales_summ.xlsx sheet=Sheet1 rows=1 cols=37
2026-08-13 23:29:52,810 | ERROR | DUPLICATE_WORKBOOK_NAME | workbook= | worksheet= | Duplicate workbook names detected in loaded set
2026-08-13 23:29:52,811 | WARNING | EMPTY_COLUMNS | workbook=Orderbook | worksheet=UOB | Completely blank columns: ['Floor limit Blk', 'Multiple of MOQ Blk', 'Expected Price Blk', 'SOM Indc.']
2026-08-13 23:29:52,811 | WARNING | EMPTY_COLUMNS | workbook=Sales Summary | worksheet=Sheet1 | Completely blank columns: ['Action', 'Floor limit Blk', 'Multiple of MOQ Blk', 'Expected Price Blk', 'SOM Indc.']
2026-08-13 23:29:52,811 | WARNING | BLANK_HEADERS | workbook=Sales Trend (Strend) | worksheet=Sheet1 | Blank raw headers found: 3
2026-08-13 23:29:52,811 | WARNING | EMPTY_COLUMNS | workbook=Headers Reference | worksheet=Sheet1 | Completely blank columns: ['Action', 'Floor limit Blk', 'Multiple of MOQ Blk', 'Expected Price Blk', 'SOM Indc.']
2026-08-13 23:29:52,836 | INFO | Profiled workbook=raw_OB.xlsx sheet=UOB
2026-08-13 23:29:52,839 | INFO | Profiled workbook=Mat_Desc,_MOQ_,_Material_#.xlsx sheet=Sheet1
2026-08-13 23:29:52,843 | INFO | Profiled workbook=07-30_inv.xlsx sheet=Sheet1
2026-08-13 23:29:52,855 | INFO | Profiled workbook=Open_Order_Summary.xlsx sheet=Sheet1
2026-08-13 23:29:52,858 | INFO | Profiled workbook=Buying_groups.xlsx sheet=Sheet1
2026-08-13 23:29:52,865 | INFO | Profiled workbook=Awards.xlsx sheet=Sheet1
2026-08-13 23:29:52,868 | INFO | Profiled workbook=CIP.xlsx sheet=Sheet1
2026-08-13 23:29:52,879 | INFO | Profiled workbook=sales_summ.xlsx sheet=Sheet1
2026-08-13 23:29:52,911 | INFO | Profiled workbook=Strend.xlsx sheet=Sheet1
2026-08-13 23:29:52,924 | INFO | Profiled workbook=sales_summ.xlsx sheet=Sheet1
2026-08-13 23:29:52,974 | INFO | Wrote Workbook_Profile.xlsx to G:\Support\orderbook\Jayanth\OrderbookAutomation\output\Workbook_Profile.xlsx
2026-08-13 23:29:53,030 | INFO | Wrote data dictionary to G:\Support\orderbook\Jayanth\OrderbookAutomation\docs\DATA_DICTIONARY.md
2026-08-13 23:29:53,030 | INFO | Join key candidate=NDC workbook_count=7 worksheet_count=7 confidence=70.0
2026-08-13 23:29:53,030 | INFO | Join key candidate=Material Number workbook_count=2 worksheet_count=2 confidence=20.0
2026-08-13 23:29:53,030 | INFO | Join key candidate=Customer workbook_count=6 worksheet_count=6 confidence=60.0
2026-08-13 23:29:53,030 | INFO | Join key candidate=Sold-to Party workbook_count=4 worksheet_count=4 confidence=40.0
2026-08-13 23:29:53,030 | INFO | Join key candidate=Lookup workbook_count=4 worksheet_count=4 confidence=40.0
2026-08-13 23:29:53,030 | INFO | Join key candidate=SKU workbook_count=2 worksheet_count=2 confidence=20.0
2026-08-13 23:29:53,030 | INFO | Join key candidate=Sales Order workbook_count=3 worksheet_count=3 confidence=30.0
2026-08-13 23:29:53,030 | INFO | Wrote join key analysis to G:\Support\orderbook\Jayanth\OrderbookAutomation\docs\JOIN_KEY_ANALYSIS.md
2026-08-13 23:31:19,189 | INFO | Starting Phase 1 ingestion workflow
2026-08-13 23:31:19,189 | INFO | Application root=G:\Support\orderbook\Jayanth\OrderbookAutomation | input_dir=G:\Support\orderbook\Jayanth
2026-08-13 23:31:19,208 | INFO | Discovery scan | file=07-30_inv.xlsx | sheet=Sheet1 | header_row=0 | header_count=13
2026-08-13 23:31:19,211 | INFO | Discovery scan | file=Awards.xlsx | sheet=Sheet1 | header_row=0 | header_count=7
2026-08-13 23:31:19,240 | INFO | Discovery scan | file=Buying_groups.xlsx | sheet=Sheet1 | header_row=0 | header_count=2
2026-08-13 23:31:19,254 | INFO | Discovery scan | file=CIP.xlsx | sheet=Sheet1 | header_row=0 | header_count=4
2026-08-13 23:31:19,268 | INFO | Discovery scan | file=Mat_Desc,_MOQ_,_Material_#.xlsx | sheet=Sheet1 | header_row=0 | header_count=4
2026-08-13 23:31:19,280 | INFO | Discovery scan | file=Open_Order_Summary.xlsx | sheet=Sheet1 | header_row=3 | header_count=21
2026-08-13 23:31:19,293 | INFO | Discovery scan | file=POB.xlsx | sheet=Sheet1 | header_row=0 | header_count=16
2026-08-13 23:31:19,322 | INFO | Discovery scan | file=raw_OB.xlsx | sheet=UOB | header_row=0 | header_count=34
2026-08-13 23:31:19,330 | INFO | Discovery scan | file=sales_summ.xlsx | sheet=Sheet1 | header_row=0 | header_count=37
2026-08-13 23:31:19,363 | INFO | Discovery scan | file=Strend.xlsx | sheet=Sheet1 | header_row=3 | header_count=66
2026-08-13 23:31:19,363 | INFO | Resolved source 'orderbook' (Orderbook) -> file=raw_OB.xlsx | sheet=UOB
2026-08-13 23:31:19,363 | INFO | Resolved source 'moq' (Material Description / MOQ Master) -> file=Mat_Desc,_MOQ_,_Material_#.xlsx | sheet=Sheet1
2026-08-13 23:31:19,363 | INFO | Resolved source 'inventory' (Daily Inventory) -> file=07-30_inv.xlsx | sheet=Sheet1
2026-08-13 23:31:19,363 | INFO | Resolved source 'open_order_summary' (Open Order Summary) -> file=Open_Order_Summary.xlsx | sheet=Sheet1
2026-08-13 23:31:19,363 | INFO | Resolved source 'buying_groups' (Buying Groups) -> file=Buying_groups.xlsx | sheet=Sheet1
2026-08-13 23:31:19,363 | INFO | Resolved source 'awards' (Awards) -> file=Awards.xlsx | sheet=Sheet1
2026-08-13 23:31:19,363 | INFO | Resolved source 'critical_inventory_tracker' (Critical Inventory Tracker (CIP)) -> file=CIP.xlsx | sheet=Sheet1
2026-08-13 23:31:19,363 | INFO | Resolved source 'sales_summary' (Sales Summary) -> file=sales_summ.xlsx | sheet=Sheet1
2026-08-13 23:31:19,363 | INFO | Resolved source 'sales_trend' (Sales Trend (Strend)) -> file=Strend.xlsx | sheet=Sheet1
2026-08-13 23:31:19,397 | INFO | Loaded workbook=raw_OB.xlsx sheet=UOB rows=8 cols=34
2026-08-13 23:31:19,410 | INFO | Loaded workbook=Mat_Desc,_MOQ_,_Material_#.xlsx sheet=Sheet1 rows=4 cols=4
2026-08-13 23:31:19,427 | INFO | Loaded workbook=07-30_inv.xlsx sheet=Sheet1 rows=16 cols=13
2026-08-13 23:31:19,441 | INFO | Loaded workbook=Open_Order_Summary.xlsx sheet=Sheet1 rows=7 cols=21
2026-08-13 23:31:19,492 | INFO | Loaded workbook=Buying_groups.xlsx sheet=Sheet1 rows=677 cols=2
2026-08-13 23:31:19,529 | INFO | Loaded workbook=Awards.xlsx sheet=Sheet1 rows=129 cols=7
2026-08-13 23:31:19,550 | INFO | Loaded workbook=CIP.xlsx sheet=Sheet1 rows=10 cols=4
2026-08-13 23:31:19,566 | INFO | Loaded workbook=sales_summ.xlsx sheet=Sheet1 rows=1 cols=37
2026-08-13 23:31:19,739 | INFO | Loaded workbook=Strend.xlsx sheet=Sheet1 rows=101 cols=66
2026-08-13 23:31:19,762 | WARNING | EMPTY_COLUMNS | workbook=Orderbook | worksheet=UOB | Completely blank columns: ['Floor limit Blk', 'Multiple of MOQ Blk', 'Expected Price Blk', 'SOM Indc.']
2026-08-13 23:31:19,762 | WARNING | EMPTY_COLUMNS | workbook=Sales Summary | worksheet=Sheet1 | Completely blank columns: ['Action', 'Floor limit Blk', 'Multiple of MOQ Blk', 'Expected Price Blk', 'SOM Indc.']
2026-08-13 23:31:19,762 | WARNING | BLANK_HEADERS | workbook=Sales Trend (Strend) | worksheet=Sheet1 | Blank raw headers found: 3
2026-08-13 23:31:19,781 | INFO | Profiled workbook=raw_OB.xlsx sheet=UOB
2026-08-13 23:31:19,784 | INFO | Profiled workbook=Mat_Desc,_MOQ_,_Material_#.xlsx sheet=Sheet1
2026-08-13 23:31:19,790 | INFO | Profiled workbook=07-30_inv.xlsx sheet=Sheet1
2026-08-13 23:31:19,798 | INFO | Profiled workbook=Open_Order_Summary.xlsx sheet=Sheet1
2026-08-13 23:31:19,804 | INFO | Profiled workbook=Buying_groups.xlsx sheet=Sheet1
2026-08-13 23:31:19,809 | INFO | Profiled workbook=Awards.xlsx sheet=Sheet1
2026-08-13 23:31:19,814 | INFO | Profiled workbook=CIP.xlsx sheet=Sheet1
2026-08-13 23:31:19,828 | INFO | Profiled workbook=sales_summ.xlsx sheet=Sheet1
2026-08-13 23:31:19,841 | INFO | Profiled workbook=Strend.xlsx sheet=Sheet1
2026-08-13 23:31:19,891 | INFO | Wrote Workbook_Profile.xlsx to G:\Support\orderbook\Jayanth\OrderbookAutomation\output\Workbook_Profile.xlsx
2026-08-13 23:31:19,929 | INFO | Wrote data dictionary to G:\Support\orderbook\Jayanth\OrderbookAutomation\docs\DATA_DICTIONARY.md
2026-08-13 23:31:19,929 | INFO | Join key candidate=NDC workbook_count=7 worksheet_count=7 confidence=77.78
2026-08-13 23:31:19,929 | INFO | Join key candidate=Material Number workbook_count=2 worksheet_count=2 confidence=22.22
2026-08-13 23:31:19,938 | INFO | Join key candidate=Customer workbook_count=6 worksheet_count=6 confidence=66.67
2026-08-13 23:31:19,938 | INFO | Join key candidate=Sold-to Party workbook_count=4 worksheet_count=4 confidence=44.44
2026-08-13 23:31:19,939 | INFO | Join key candidate=Lookup workbook_count=4 worksheet_count=4 confidence=44.44
2026-08-13 23:31:19,939 | INFO | Join key candidate=SKU workbook_count=2 worksheet_count=2 confidence=22.22
2026-08-13 23:31:19,939 | INFO | Join key candidate=Sales Order workbook_count=3 worksheet_count=3 confidence=33.33
2026-08-13 23:31:19,941 | INFO | Wrote join key analysis to G:\Support\orderbook\Jayanth\OrderbookAutomation\docs\JOIN_KEY_ANALYSIS.md
2026-08-13 23:31:19,948 | WARNING | Duplicate inventory NDC values detected: 12
2026-08-13 23:31:19,964 | WARNING | Missing inventory for allocated NDC values: 3
2026-08-13 23:31:19,975 | INFO | Derived inventory stats | inventory_rows=4 | allocated_rows=3 | unique_ndcs=7 | missing_inventory=3 | missing_allocations=4
2026-08-13 23:31:19,975 | INFO | Lookup key stats | total_rows=1 | values_normalized=0 | successful_matches=1 | unmatched_records=0 | duplicate_lookup_keys=0
2026-08-13 23:31:19,986 | INFO | MOQ validation stats | total_rows=1 | values_normalized=0 | successful_matches=1 | unmatched_records=0 | duplicate_lookup_keys=0
2026-08-13 23:31:20,025 | INFO | Wrote Phase 2 derived workbook to G:\Support\orderbook\Jayanth\OrderbookAutomation\output\Derived_Data.xlsx
2026-08-13 23:31:20,025 | INFO | Phase 2 completed successfully. Derived workbook saved to G:\Support\orderbook\Jayanth\OrderbookAutomation\output\Derived_Data.xlsx
2026-08-13 23:31:20,055 | INFO | Open_Order_Summary.xlsx lookup stats | total_rows=8 | values_normalized=0 | successful_matches=0 | unmatched_records=8 | duplicate_lookup_keys=3
2026-08-13 23:31:20,055 | INFO | Open_Order_Summary.xlsx merged using Sold To Party Name | rows updated=0 | rows missing=4 | duplicate keys=3
2026-08-13 23:31:20,075 | INFO | sales_summ.xlsx lookup stats | total_rows=8 | values_normalized=0 | successful_matches=0 | unmatched_records=8 | duplicate_lookup_keys=0
2026-08-13 23:31:20,075 | INFO | sales_summ.xlsx merged using Sold To Party Name | rows updated=0 | rows missing=1 | duplicate keys=0
2026-08-13 23:31:20,110 | INFO | Strend.xlsx lookup stats | total_rows=8 | values_normalized=91 | successful_matches=0 | unmatched_records=0 | duplicate_lookup_keys=0
2026-08-13 23:31:20,110 | INFO | Strend.xlsx merged using Lookup | rows updated=0 | rows missing=101 | duplicate keys=0
2026-08-13 23:31:20,131 | INFO | Buying_groups.xlsx lookup stats | total_rows=8 | values_normalized=10 | successful_matches=0 | unmatched_records=8 | duplicate_lookup_keys=664
2026-08-13 23:31:20,131 | INFO | Buying_groups.xlsx merged using Sold To Party Name to Customer | rows updated=0 | rows missing=11 | duplicate keys=664
2026-08-13 23:31:20,155 | INFO | Awards.xlsx lookup stats | total_rows=8 | values_normalized=95 | successful_matches=0 | unmatched_records=0 | duplicate_lookup_keys=0
2026-08-13 23:31:20,155 | INFO | Awards.xlsx merged using Lookup | rows updated=0 | rows missing=129 | duplicate keys=0
2026-08-13 23:31:20,222 | INFO | Saved master workbook to G:\Support\orderbook\Jayanth\OrderbookAutomation\output\Business_Master_Data.xlsx
2026-08-13 23:31:20,222 | INFO | Phase 3 completed successfully. Business Master workbook saved to G:\Support\orderbook\Jayanth\OrderbookAutomation\output\Business_Master_Data.xlsx
2026-08-13 23:31:20,222 | INFO | Phase 1 completed successfully in 1.03 seconds
2026-08-13 23:46:30,782 | INFO | Starting Phase 1 ingestion workflow
2026-08-13 23:46:30,794 | INFO | Application root=G:\Support\orderbook\Jayanth\OrderbookAutomation | input_dir=G:\Support\orderbook\Jayanth
2026-08-13 23:46:30,808 | INFO | Discovery scan | file=07-30_inv.xlsx | sheet=Sheet1 | header_row=0 | header_count=13
2026-08-13 23:46:30,819 | INFO | Discovery scan | file=Awards.xlsx | sheet=Sheet1 | header_row=0 | header_count=7
2026-08-13 23:46:30,838 | INFO | Discovery scan | file=Buying_groups.xlsx | sheet=Sheet1 | header_row=0 | header_count=2
2026-08-13 23:46:30,854 | INFO | Discovery scan | file=CIP.xlsx | sheet=Sheet1 | header_row=0 | header_count=4
2026-08-13 23:46:30,866 | INFO | Discovery scan | file=Mat_Desc,_MOQ_,_Material_#.xlsx | sheet=Sheet1 | header_row=0 | header_count=4
2026-08-13 23:46:30,891 | INFO | Discovery scan | file=Open_Order_Summary.xlsx | sheet=Sheet1 | header_row=3 | header_count=21
2026-08-13 23:46:30,904 | INFO | Discovery scan | file=POB.xlsx | sheet=Sheet1 | header_row=0 | header_count=16
2026-08-13 23:46:30,926 | INFO | Discovery scan | file=raw_OB.xlsx | sheet=UOB | header_row=0 | header_count=34
2026-08-13 23:46:30,929 | INFO | Discovery scan | file=sales_summ.xlsx | sheet=Sheet1 | header_row=0 | header_count=37
2026-08-13 23:46:30,975 | INFO | Discovery scan | file=Strend.xlsx | sheet=Sheet1 | header_row=3 | header_count=66
2026-08-13 23:46:30,975 | INFO | Resolved source 'orderbook' (Orderbook) -> file=raw_OB.xlsx | sheet=UOB
2026-08-13 23:46:30,975 | INFO | Resolved source 'moq' (Material Description / MOQ Master) -> file=Mat_Desc,_MOQ_,_Material_#.xlsx | sheet=Sheet1
2026-08-13 23:46:30,976 | INFO | Resolved source 'inventory' (Daily Inventory) -> file=07-30_inv.xlsx | sheet=Sheet1
2026-08-13 23:46:30,976 | INFO | Resolved source 'open_order_summary' (Open Order Summary) -> file=Open_Order_Summary.xlsx | sheet=Sheet1
2026-08-13 23:46:30,976 | INFO | Resolved source 'buying_groups' (Buying Groups) -> file=Buying_groups.xlsx | sheet=Sheet1
2026-08-13 23:46:30,976 | INFO | Resolved source 'awards' (Awards) -> file=Awards.xlsx | sheet=Sheet1
2026-08-13 23:46:30,976 | INFO | Resolved source 'critical_inventory_tracker' (Critical Inventory Tracker (CIP)) -> file=CIP.xlsx | sheet=Sheet1
2026-08-13 23:46:30,978 | INFO | Resolved source 'sales_summary' (Sales Summary) -> file=sales_summ.xlsx | sheet=Sheet1
2026-08-13 23:46:30,978 | INFO | Resolved source 'sales_trend' (Sales Trend (Strend)) -> file=Strend.xlsx | sheet=Sheet1
2026-08-13 23:46:31,028 | INFO | Loaded workbook=raw_OB.xlsx sheet=UOB rows=8 cols=34
2026-08-13 23:46:31,042 | INFO | Loaded workbook=Mat_Desc,_MOQ_,_Material_#.xlsx sheet=Sheet1 rows=4 cols=4
2026-08-13 23:46:31,059 | INFO | Loaded workbook=07-30_inv.xlsx sheet=Sheet1 rows=16 cols=13
2026-08-13 23:46:31,081 | INFO | Loaded workbook=Open_Order_Summary.xlsx sheet=Sheet1 rows=7 cols=21
2026-08-13 23:46:31,130 | INFO | Loaded workbook=Buying_groups.xlsx sheet=Sheet1 rows=677 cols=2
2026-08-13 23:46:31,165 | INFO | Loaded workbook=Awards.xlsx sheet=Sheet1 rows=129 cols=7
2026-08-13 23:46:31,180 | INFO | Loaded workbook=CIP.xlsx sheet=Sheet1 rows=10 cols=4
2026-08-13 23:46:31,192 | INFO | Loaded workbook=sales_summ.xlsx sheet=Sheet1 rows=1 cols=37
2026-08-13 23:46:31,409 | INFO | Loaded workbook=Strend.xlsx sheet=Sheet1 rows=101 cols=66
2026-08-13 23:46:31,441 | WARNING | EMPTY_COLUMNS | workbook=Orderbook | worksheet=UOB | Completely blank columns: ['Floor limit Blk', 'Multiple of MOQ Blk', 'Expected Price Blk', 'SOM Indc.']
2026-08-13 23:46:31,441 | WARNING | EMPTY_COLUMNS | workbook=Sales Summary | worksheet=Sheet1 | Completely blank columns: ['Action', 'Floor limit Blk', 'Multiple of MOQ Blk', 'Expected Price Blk', 'SOM Indc.']
2026-08-13 23:46:31,441 | WARNING | BLANK_HEADERS | workbook=Sales Trend (Strend) | worksheet=Sheet1 | Blank raw headers found: 3
2026-08-13 23:46:31,470 | INFO | Profiled workbook=raw_OB.xlsx sheet=UOB
2026-08-13 23:46:31,476 | INFO | Profiled workbook=Mat_Desc,_MOQ_,_Material_#.xlsx sheet=Sheet1
2026-08-13 23:46:31,482 | INFO | Profiled workbook=07-30_inv.xlsx sheet=Sheet1
2026-08-13 23:46:31,492 | INFO | Profiled workbook=Open_Order_Summary.xlsx sheet=Sheet1
2026-08-13 23:46:31,496 | INFO | Profiled workbook=Buying_groups.xlsx sheet=Sheet1
2026-08-13 23:46:31,499 | INFO | Profiled workbook=Awards.xlsx sheet=Sheet1
2026-08-13 23:46:31,502 | INFO | Profiled workbook=CIP.xlsx sheet=Sheet1
2026-08-13 23:46:31,518 | INFO | Profiled workbook=sales_summ.xlsx sheet=Sheet1
2026-08-13 23:46:31,549 | INFO | Profiled workbook=Strend.xlsx sheet=Sheet1
2026-08-13 23:46:31,608 | INFO | Wrote Workbook_Profile.xlsx to G:\Support\orderbook\Jayanth\OrderbookAutomation\output\Workbook_Profile.xlsx
2026-08-13 23:46:31,645 | INFO | Wrote data dictionary to G:\Support\orderbook\Jayanth\OrderbookAutomation\docs\DATA_DICTIONARY.md
2026-08-13 23:46:31,645 | INFO | Join key candidate=NDC workbook_count=7 worksheet_count=7 confidence=77.78
2026-08-13 23:46:31,646 | INFO | Join key candidate=Material Number workbook_count=2 worksheet_count=2 confidence=22.22
2026-08-13 23:46:31,646 | INFO | Join key candidate=Customer workbook_count=6 worksheet_count=6 confidence=66.67
2026-08-13 23:46:31,646 | INFO | Join key candidate=Sold-to Party workbook_count=4 worksheet_count=4 confidence=44.44
2026-08-13 23:46:31,646 | INFO | Join key candidate=Lookup workbook_count=4 worksheet_count=4 confidence=44.44
2026-08-13 23:46:31,646 | INFO | Join key candidate=SKU workbook_count=2 worksheet_count=2 confidence=22.22
2026-08-13 23:46:31,646 | INFO | Join key candidate=Sales Order workbook_count=3 worksheet_count=3 confidence=33.33
2026-08-13 23:46:31,647 | INFO | Wrote join key analysis to G:\Support\orderbook\Jayanth\OrderbookAutomation\docs\JOIN_KEY_ANALYSIS.md
2026-08-13 23:46:31,649 | WARNING | Duplicate inventory NDC values detected: 12
2026-08-13 23:46:31,668 | WARNING | Missing inventory for allocated NDC values: 3
2026-08-13 23:46:31,679 | INFO | Derived inventory stats | inventory_rows=4 | allocated_rows=3 | unique_ndcs=7 | missing_inventory=3 | missing_allocations=4
2026-08-13 23:46:31,684 | INFO | Lookup key stats | total_rows=1 | values_normalized=0 | successful_matches=1 | unmatched_records=0 | duplicate_lookup_keys=0
2026-08-13 23:46:31,692 | INFO | MOQ validation stats | total_rows=1 | values_normalized=0 | successful_matches=1 | unmatched_records=0 | duplicate_lookup_keys=0
2026-08-13 23:46:31,731 | INFO | Wrote Phase 2 derived workbook to G:\Support\orderbook\Jayanth\OrderbookAutomation\output\Derived_Data.xlsx
2026-08-13 23:46:31,731 | INFO | Phase 2 completed successfully. Derived workbook saved to G:\Support\orderbook\Jayanth\OrderbookAutomation\output\Derived_Data.xlsx
2026-08-13 23:46:31,760 | INFO | Open_Order_Summary.xlsx lookup stats | total_rows=8 | values_normalized=0 | successful_matches=0 | unmatched_records=8 | duplicate_lookup_keys=3
2026-08-13 23:46:31,761 | INFO | Open_Order_Summary.xlsx merged using Sold To Party Name | rows updated=0 | rows missing=4 | duplicate keys=3
2026-08-13 23:46:31,781 | INFO | sales_summ.xlsx lookup stats | total_rows=8 | values_normalized=0 | successful_matches=0 | unmatched_records=8 | duplicate_lookup_keys=0
2026-08-13 23:46:31,781 | INFO | sales_summ.xlsx merged using Sold To Party Name | rows updated=0 | rows missing=1 | duplicate keys=0
2026-08-13 23:46:31,810 | INFO | Strend.xlsx lookup stats | total_rows=8 | values_normalized=91 | successful_matches=0 | unmatched_records=0 | duplicate_lookup_keys=0
2026-08-13 23:46:31,810 | INFO | Strend.xlsx merged using Lookup | rows updated=0 | rows missing=101 | duplicate keys=0
2026-08-13 23:46:31,830 | INFO | Buying_groups.xlsx lookup stats | total_rows=8 | values_normalized=10 | successful_matches=0 | unmatched_records=8 | duplicate_lookup_keys=664
2026-08-13 23:46:31,830 | INFO | Buying_groups.xlsx merged using Sold To Party Name to Customer | rows updated=0 | rows missing=11 | duplicate keys=664
2026-08-13 23:46:31,867 | INFO | Awards.xlsx lookup stats | total_rows=8 | values_normalized=95 | successful_matches=0 | unmatched_records=0 | duplicate_lookup_keys=0
2026-08-13 23:46:31,868 | INFO | Awards.xlsx merged using Lookup | rows updated=0 | rows missing=129 | duplicate keys=0
2026-08-13 23:46:31,928 | INFO | Saved master workbook to G:\Support\orderbook\Jayanth\OrderbookAutomation\output\Business_Master_Data.xlsx
2026-08-13 23:46:31,928 | INFO | Phase 3 completed successfully. Business Master workbook saved to G:\Support\orderbook\Jayanth\OrderbookAutomation\output\Business_Master_Data.xlsx
2026-08-13 23:46:31,940 | INFO | Determined reporting period from 'PO date': 2026-07
2026-08-13 23:46:31,951 | INFO | Historical sales stats | reporting_period=2026-07 | matched=0 | missing=8 | duplicate_keys=0
2026-08-13 23:46:31,963 | INFO | Phase 4 enrichment stats | ups_inventory_matches=4 | moq_matches=0 | sc_comments_matches=0 | sc_comments_missing=8 | buying_group_missing=8 | award_missing=8
2026-08-13 23:46:31,973 | INFO | Business rules applied | controlled_products=0 | price_issues=0 | moq_issues=8 | low_ups_inventory=0
2026-08-13 23:46:31,981 | INFO | Historical sales merge stats | matched=0 | missing=8
2026-08-13 23:46:31,994 | INFO | Sales Summary aggregation stats | rows=2 | unique_lookups=0 | duplicate_lookups=0
2026-08-13 23:47:40,950 | INFO | Starting Phase 1 ingestion workflow
2026-08-13 23:47:40,950 | INFO | Application root=G:\Support\orderbook\Jayanth\OrderbookAutomation | input_dir=G:\Support\orderbook\Jayanth
2026-08-13 23:47:40,969 | INFO | Discovery scan | file=07-30_inv.xlsx | sheet=Sheet1 | header_row=0 | header_count=13
2026-08-13 23:47:40,982 | INFO | Discovery scan | file=Awards.xlsx | sheet=Sheet1 | header_row=0 | header_count=7
2026-08-13 23:47:40,999 | INFO | Discovery scan | file=Buying_groups.xlsx | sheet=Sheet1 | header_row=0 | header_count=2
2026-08-13 23:47:41,004 | INFO | Discovery scan | file=CIP.xlsx | sheet=Sheet1 | header_row=0 | header_count=4
2026-08-13 23:47:41,020 | INFO | Discovery scan | file=Mat_Desc,_MOQ_,_Material_#.xlsx | sheet=Sheet1 | header_row=0 | header_count=4
2026-08-13 23:47:41,039 | INFO | Discovery scan | file=Open_Order_Summary.xlsx | sheet=Sheet1 | header_row=3 | header_count=21
2026-08-13 23:47:41,051 | INFO | Discovery scan | file=POB.xlsx | sheet=Sheet1 | header_row=0 | header_count=16
2026-08-13 23:47:41,069 | INFO | Discovery scan | file=raw_OB.xlsx | sheet=UOB | header_row=0 | header_count=34
2026-08-13 23:47:41,079 | INFO | Discovery scan | file=sales_summ.xlsx | sheet=Sheet1 | header_row=0 | header_count=37
2026-08-13 23:47:41,106 | INFO | Discovery scan | file=Strend.xlsx | sheet=Sheet1 | header_row=3 | header_count=66
2026-08-13 23:47:41,106 | INFO | Resolved source 'orderbook' (Orderbook) -> file=raw_OB.xlsx | sheet=UOB
2026-08-13 23:47:41,106 | INFO | Resolved source 'moq' (Material Description / MOQ Master) -> file=Mat_Desc,_MOQ_,_Material_#.xlsx | sheet=Sheet1
2026-08-13 23:47:41,106 | INFO | Resolved source 'inventory' (Daily Inventory) -> file=07-30_inv.xlsx | sheet=Sheet1
2026-08-13 23:47:41,106 | INFO | Resolved source 'open_order_summary' (Open Order Summary) -> file=Open_Order_Summary.xlsx | sheet=Sheet1
2026-08-13 23:47:41,107 | INFO | Resolved source 'buying_groups' (Buying Groups) -> file=Buying_groups.xlsx | sheet=Sheet1
2026-08-13 23:47:41,107 | INFO | Resolved source 'awards' (Awards) -> file=Awards.xlsx | sheet=Sheet1
2026-08-13 23:47:41,107 | INFO | Resolved source 'critical_inventory_tracker' (Critical Inventory Tracker (CIP)) -> file=CIP.xlsx | sheet=Sheet1
2026-08-13 23:47:41,107 | INFO | Resolved source 'sales_summary' (Sales Summary) -> file=sales_summ.xlsx | sheet=Sheet1
2026-08-13 23:47:41,107 | INFO | Resolved source 'sales_trend' (Sales Trend (Strend)) -> file=Strend.xlsx | sheet=Sheet1
2026-08-13 23:47:41,134 | INFO | Loaded workbook=raw_OB.xlsx sheet=UOB rows=8 cols=34
2026-08-13 23:47:41,145 | INFO | Loaded workbook=Mat_Desc,_MOQ_,_Material_#.xlsx sheet=Sheet1 rows=4 cols=4
2026-08-13 23:47:41,159 | INFO | Loaded workbook=07-30_inv.xlsx sheet=Sheet1 rows=16 cols=13
2026-08-13 23:47:41,184 | INFO | Loaded workbook=Open_Order_Summary.xlsx sheet=Sheet1 rows=7 cols=21
2026-08-13 23:47:41,226 | INFO | Loaded workbook=Buying_groups.xlsx sheet=Sheet1 rows=677 cols=2
2026-08-13 23:47:41,254 | INFO | Loaded workbook=Awards.xlsx sheet=Sheet1 rows=129 cols=7
2026-08-13 23:47:41,270 | INFO | Loaded workbook=CIP.xlsx sheet=Sheet1 rows=10 cols=4
2026-08-13 23:47:41,280 | INFO | Loaded workbook=sales_summ.xlsx sheet=Sheet1 rows=1 cols=37
2026-08-13 23:47:41,474 | INFO | Loaded workbook=Strend.xlsx sheet=Sheet1 rows=101 cols=66
2026-08-13 23:47:41,497 | WARNING | EMPTY_COLUMNS | workbook=Orderbook | worksheet=UOB | Completely blank columns: ['Floor limit Blk', 'Multiple of MOQ Blk', 'Expected Price Blk', 'SOM Indc.']
2026-08-13 23:47:41,497 | WARNING | EMPTY_COLUMNS | workbook=Sales Summary | worksheet=Sheet1 | Completely blank columns: ['Action', 'Floor limit Blk', 'Multiple of MOQ Blk', 'Expected Price Blk', 'SOM Indc.']
2026-08-13 23:47:41,498 | WARNING | BLANK_HEADERS | workbook=Sales Trend (Strend) | worksheet=Sheet1 | Blank raw headers found: 3
2026-08-13 23:47:41,509 | INFO | Profiled workbook=raw_OB.xlsx sheet=UOB
2026-08-13 23:47:41,513 | INFO | Profiled workbook=Mat_Desc,_MOQ_,_Material_#.xlsx sheet=Sheet1
2026-08-13 23:47:41,519 | INFO | Profiled workbook=07-30_inv.xlsx sheet=Sheet1
2026-08-13 23:47:41,525 | INFO | Profiled workbook=Open_Order_Summary.xlsx sheet=Sheet1
2026-08-13 23:47:41,528 | INFO | Profiled workbook=Buying_groups.xlsx sheet=Sheet1
2026-08-13 23:47:41,530 | INFO | Profiled workbook=Awards.xlsx sheet=Sheet1
2026-08-13 23:47:41,534 | INFO | Profiled workbook=CIP.xlsx sheet=Sheet1
2026-08-13 23:47:41,548 | INFO | Profiled workbook=sales_summ.xlsx sheet=Sheet1
2026-08-13 23:47:41,572 | INFO | Profiled workbook=Strend.xlsx sheet=Sheet1
2026-08-13 23:47:41,611 | INFO | Wrote Workbook_Profile.xlsx to G:\Support\orderbook\Jayanth\OrderbookAutomation\output\Workbook_Profile.xlsx
2026-08-13 23:47:41,652 | INFO | Wrote data dictionary to G:\Support\orderbook\Jayanth\OrderbookAutomation\docs\DATA_DICTIONARY.md
2026-08-13 23:47:41,653 | INFO | Join key candidate=NDC workbook_count=7 worksheet_count=7 confidence=77.78
2026-08-13 23:47:41,653 | INFO | Join key candidate=Material Number workbook_count=2 worksheet_count=2 confidence=22.22
2026-08-13 23:47:41,653 | INFO | Join key candidate=Customer workbook_count=6 worksheet_count=6 confidence=66.67
2026-08-13 23:47:41,653 | INFO | Join key candidate=Sold-to Party workbook_count=4 worksheet_count=4 confidence=44.44
2026-08-13 23:47:41,654 | INFO | Join key candidate=Lookup workbook_count=4 worksheet_count=4 confidence=44.44
2026-08-13 23:47:41,654 | INFO | Join key candidate=SKU workbook_count=2 worksheet_count=2 confidence=22.22
2026-08-13 23:47:41,654 | INFO | Join key candidate=Sales Order workbook_count=3 worksheet_count=3 confidence=33.33
2026-08-13 23:47:41,654 | INFO | Wrote join key analysis to G:\Support\orderbook\Jayanth\OrderbookAutomation\docs\JOIN_KEY_ANALYSIS.md
2026-08-13 23:47:41,657 | WARNING | Duplicate inventory NDC values detected: 12
2026-08-13 23:47:41,661 | WARNING | Missing inventory for allocated NDC values: 3
2026-08-13 23:47:41,670 | INFO | Derived inventory stats | inventory_rows=4 | allocated_rows=3 | unique_ndcs=7 | missing_inventory=3 | missing_allocations=4
2026-08-13 23:47:41,671 | INFO | Lookup key stats | total_rows=1 | values_normalized=0 | successful_matches=1 | unmatched_records=0 | duplicate_lookup_keys=0
2026-08-13 23:47:41,680 | INFO | MOQ validation stats | total_rows=1 | values_normalized=0 | successful_matches=1 | unmatched_records=0 | duplicate_lookup_keys=0
2026-08-13 23:47:41,716 | INFO | Wrote Phase 2 derived workbook to G:\Support\orderbook\Jayanth\OrderbookAutomation\output\Derived_Data.xlsx
2026-08-13 23:47:41,717 | INFO | Phase 2 completed successfully. Derived workbook saved to G:\Support\orderbook\Jayanth\OrderbookAutomation\output\Derived_Data.xlsx
2026-08-13 23:47:41,735 | INFO | Open_Order_Summary.xlsx lookup stats | total_rows=8 | values_normalized=0 | successful_matches=0 | unmatched_records=8 | duplicate_lookup_keys=3
2026-08-13 23:47:41,736 | INFO | Open_Order_Summary.xlsx merged using Sold To Party Name | rows updated=0 | rows missing=4 | duplicate keys=3
2026-08-13 23:47:41,759 | INFO | sales_summ.xlsx lookup stats | total_rows=8 | values_normalized=0 | successful_matches=0 | unmatched_records=8 | duplicate_lookup_keys=0
2026-08-13 23:47:41,760 | INFO | sales_summ.xlsx merged using Sold To Party Name | rows updated=0 | rows missing=1 | duplicate keys=0
2026-08-13 23:47:41,781 | INFO | Strend.xlsx lookup stats | total_rows=8 | values_normalized=91 | successful_matches=0 | unmatched_records=0 | duplicate_lookup_keys=0
2026-08-13 23:47:41,781 | INFO | Strend.xlsx merged using Lookup | rows updated=0 | rows missing=101 | duplicate keys=0
2026-08-13 23:47:41,803 | INFO | Buying_groups.xlsx lookup stats | total_rows=8 | values_normalized=10 | successful_matches=0 | unmatched_records=8 | duplicate_lookup_keys=664
2026-08-13 23:47:41,803 | INFO | Buying_groups.xlsx merged using Sold To Party Name to Customer | rows updated=0 | rows missing=11 | duplicate keys=664
2026-08-13 23:47:41,823 | INFO | Awards.xlsx lookup stats | total_rows=8 | values_normalized=95 | successful_matches=0 | unmatched_records=0 | duplicate_lookup_keys=0
2026-08-13 23:47:41,823 | INFO | Awards.xlsx merged using Lookup | rows updated=0 | rows missing=129 | duplicate keys=0
2026-08-13 23:47:41,882 | INFO | Saved master workbook to G:\Support\orderbook\Jayanth\OrderbookAutomation\output\Business_Master_Data.xlsx
2026-08-13 23:47:41,883 | INFO | Phase 3 completed successfully. Business Master workbook saved to G:\Support\orderbook\Jayanth\OrderbookAutomation\output\Business_Master_Data.xlsx
2026-08-13 23:47:41,884 | INFO | Determined reporting period from 'PO date': 2026-07
2026-08-13 23:47:41,891 | INFO | Historical sales stats | reporting_period=2026-07 | matched=0 | missing=8 | duplicate_keys=0
2026-08-13 23:47:41,905 | INFO | Phase 4 enrichment stats | ups_inventory_matches=4 | moq_matches=0 | sc_comments_matches=0 | sc_comments_missing=8 | buying_group_missing=8 | award_missing=8
2026-08-13 23:47:41,909 | INFO | Business rules applied | controlled_products=0 | price_issues=0 | moq_issues=8 | low_ups_inventory=0
2026-08-13 23:47:41,911 | INFO | Historical sales merge stats | matched=0 | missing=8
2026-08-13 23:47:41,920 | INFO | Sales Summary aggregation stats | rows=2 | unique_lookups=0 | duplicate_lookups=0
2026-08-13 23:48:32,215 | INFO | Starting Phase 1 ingestion workflow
2026-08-13 23:48:32,215 | INFO | Application root=G:\Support\orderbook\Jayanth\OrderbookAutomation | input_dir=G:\Support\orderbook\Jayanth
2026-08-13 23:48:32,230 | INFO | Discovery scan | file=07-30_inv.xlsx | sheet=Sheet1 | header_row=0 | header_count=13
2026-08-13 23:48:32,246 | INFO | Discovery scan | file=Awards.xlsx | sheet=Sheet1 | header_row=0 | header_count=7
2026-08-13 23:48:32,256 | INFO | Discovery scan | file=Buying_groups.xlsx | sheet=Sheet1 | header_row=0 | header_count=2
2026-08-13 23:48:32,266 | INFO | Discovery scan | file=CIP.xlsx | sheet=Sheet1 | header_row=0 | header_count=4
2026-08-13 23:48:32,280 | INFO | Discovery scan | file=Mat_Desc,_MOQ_,_Material_#.xlsx | sheet=Sheet1 | header_row=0 | header_count=4
2026-08-13 23:48:32,297 | INFO | Discovery scan | file=Open_Order_Summary.xlsx | sheet=Sheet1 | header_row=3 | header_count=21
2026-08-13 23:48:32,305 | INFO | Discovery scan | file=POB.xlsx | sheet=Sheet1 | header_row=0 | header_count=16
2026-08-13 23:48:32,325 | INFO | Discovery scan | file=raw_OB.xlsx | sheet=UOB | header_row=0 | header_count=34
2026-08-13 23:48:32,336 | INFO | Discovery scan | file=sales_summ.xlsx | sheet=Sheet1 | header_row=0 | header_count=37
2026-08-13 23:48:32,363 | INFO | Discovery scan | file=Strend.xlsx | sheet=Sheet1 | header_row=3 | header_count=66
2026-08-13 23:48:32,365 | INFO | Resolved source 'orderbook' (Orderbook) -> file=raw_OB.xlsx | sheet=UOB
2026-08-13 23:48:32,365 | INFO | Resolved source 'moq' (Material Description / MOQ Master) -> file=Mat_Desc,_MOQ_,_Material_#.xlsx | sheet=Sheet1
2026-08-13 23:48:32,365 | INFO | Resolved source 'inventory' (Daily Inventory) -> file=07-30_inv.xlsx | sheet=Sheet1
2026-08-13 23:48:32,365 | INFO | Resolved source 'open_order_summary' (Open Order Summary) -> file=Open_Order_Summary.xlsx | sheet=Sheet1
2026-08-13 23:48:32,365 | INFO | Resolved source 'buying_groups' (Buying Groups) -> file=Buying_groups.xlsx | sheet=Sheet1
2026-08-13 23:48:32,365 | INFO | Resolved source 'awards' (Awards) -> file=Awards.xlsx | sheet=Sheet1
2026-08-13 23:48:32,365 | INFO | Resolved source 'critical_inventory_tracker' (Critical Inventory Tracker (CIP)) -> file=CIP.xlsx | sheet=Sheet1
2026-08-13 23:48:32,365 | INFO | Resolved source 'sales_summary' (Sales Summary) -> file=sales_summ.xlsx | sheet=Sheet1
2026-08-13 23:48:32,365 | INFO | Resolved source 'sales_trend' (Sales Trend (Strend)) -> file=Strend.xlsx | sheet=Sheet1
2026-08-13 23:48:32,389 | INFO | Loaded workbook=raw_OB.xlsx sheet=UOB rows=8 cols=34
2026-08-13 23:48:32,396 | INFO | Loaded workbook=Mat_Desc,_MOQ_,_Material_#.xlsx sheet=Sheet1 rows=4 cols=4
2026-08-13 23:48:32,416 | INFO | Loaded workbook=07-30_inv.xlsx sheet=Sheet1 rows=16 cols=13
2026-08-13 23:48:32,446 | INFO | Loaded workbook=Open_Order_Summary.xlsx sheet=Sheet1 rows=7 cols=21
2026-08-13 23:48:32,488 | INFO | Loaded workbook=Buying_groups.xlsx sheet=Sheet1 rows=677 cols=2
2026-08-13 23:48:32,515 | INFO | Loaded workbook=Awards.xlsx sheet=Sheet1 rows=129 cols=7
2026-08-13 23:48:32,539 | INFO | Loaded workbook=CIP.xlsx sheet=Sheet1 rows=10 cols=4
2026-08-13 23:48:32,555 | INFO | Loaded workbook=sales_summ.xlsx sheet=Sheet1 rows=1 cols=37
2026-08-13 23:48:32,774 | INFO | Loaded workbook=Strend.xlsx sheet=Sheet1 rows=101 cols=66
2026-08-13 23:48:32,793 | WARNING | EMPTY_COLUMNS | workbook=Orderbook | worksheet=UOB | Completely blank columns: ['Floor limit Blk', 'Multiple of MOQ Blk', 'Expected Price Blk', 'SOM Indc.']
2026-08-13 23:48:32,793 | WARNING | EMPTY_COLUMNS | workbook=Sales Summary | worksheet=Sheet1 | Completely blank columns: ['Action', 'Floor limit Blk', 'Multiple of MOQ Blk', 'Expected Price Blk', 'SOM Indc.']
2026-08-13 23:48:32,793 | WARNING | BLANK_HEADERS | workbook=Sales Trend (Strend) | worksheet=Sheet1 | Blank raw headers found: 3
2026-08-13 23:48:32,806 | INFO | Profiled workbook=raw_OB.xlsx sheet=UOB
2026-08-13 23:48:32,807 | INFO | Profiled workbook=Mat_Desc,_MOQ_,_Material_#.xlsx sheet=Sheet1
2026-08-13 23:48:32,807 | INFO | Profiled workbook=07-30_inv.xlsx sheet=Sheet1
2026-08-13 23:48:32,815 | INFO | Profiled workbook=Open_Order_Summary.xlsx sheet=Sheet1
2026-08-13 23:48:32,822 | INFO | Profiled workbook=Buying_groups.xlsx sheet=Sheet1
2026-08-13 23:48:32,826 | INFO | Profiled workbook=Awards.xlsx sheet=Sheet1
2026-08-13 23:48:32,832 | INFO | Profiled workbook=CIP.xlsx sheet=Sheet1
2026-08-13 23:48:32,846 | INFO | Profiled workbook=sales_summ.xlsx sheet=Sheet1
2026-08-13 23:48:32,866 | INFO | Profiled workbook=Strend.xlsx sheet=Sheet1
2026-08-13 23:48:32,906 | INFO | Wrote Workbook_Profile.xlsx to G:\Support\orderbook\Jayanth\OrderbookAutomation\output\Workbook_Profile.xlsx
2026-08-13 23:48:32,946 | INFO | Wrote data dictionary to G:\Support\orderbook\Jayanth\OrderbookAutomation\docs\DATA_DICTIONARY.md
2026-08-13 23:48:32,946 | INFO | Join key candidate=NDC workbook_count=7 worksheet_count=7 confidence=77.78
2026-08-13 23:48:32,952 | INFO | Join key candidate=Material Number workbook_count=2 worksheet_count=2 confidence=22.22
2026-08-13 23:48:32,952 | INFO | Join key candidate=Customer workbook_count=6 worksheet_count=6 confidence=66.67
2026-08-13 23:48:32,952 | INFO | Join key candidate=Sold-to Party workbook_count=4 worksheet_count=4 confidence=44.44
2026-08-13 23:48:32,952 | INFO | Join key candidate=Lookup workbook_count=4 worksheet_count=4 confidence=44.44
2026-08-13 23:48:32,952 | INFO | Join key candidate=SKU workbook_count=2 worksheet_count=2 confidence=22.22
2026-08-13 23:48:32,952 | INFO | Join key candidate=Sales Order workbook_count=3 worksheet_count=3 confidence=33.33
2026-08-13 23:48:32,954 | INFO | Wrote join key analysis to G:\Support\orderbook\Jayanth\OrderbookAutomation\docs\JOIN_KEY_ANALYSIS.md
2026-08-13 23:48:32,956 | WARNING | Duplicate inventory NDC values detected: 12
2026-08-13 23:48:32,965 | WARNING | Missing inventory for allocated NDC values: 3
2026-08-13 23:48:32,969 | INFO | Derived inventory stats | inventory_rows=4 | allocated_rows=3 | unique_ndcs=7 | missing_inventory=3 | missing_allocations=4
2026-08-13 23:48:32,977 | INFO | Lookup key stats | total_rows=1 | values_normalized=0 | successful_matches=1 | unmatched_records=0 | duplicate_lookup_keys=0
2026-08-13 23:48:32,977 | INFO | MOQ validation stats | total_rows=1 | values_normalized=0 | successful_matches=1 | unmatched_records=0 | duplicate_lookup_keys=0
2026-08-13 23:48:33,016 | INFO | Wrote Phase 2 derived workbook to G:\Support\orderbook\Jayanth\OrderbookAutomation\output\Derived_Data.xlsx
2026-08-13 23:48:33,016 | INFO | Phase 2 completed successfully. Derived workbook saved to G:\Support\orderbook\Jayanth\OrderbookAutomation\output\Derived_Data.xlsx
2026-08-13 23:48:33,038 | INFO | Open_Order_Summary.xlsx lookup stats | total_rows=8 | values_normalized=0 | successful_matches=0 | unmatched_records=8 | duplicate_lookup_keys=3
2026-08-13 23:48:33,038 | INFO | Open_Order_Summary.xlsx merged using Sold To Party Name | rows updated=0 | rows missing=4 | duplicate keys=3
2026-08-13 23:48:33,065 | INFO | sales_summ.xlsx lookup stats | total_rows=8 | values_normalized=0 | successful_matches=0 | unmatched_records=8 | duplicate_lookup_keys=0
2026-08-13 23:48:33,065 | INFO | sales_summ.xlsx merged using Sold To Party Name | rows updated=0 | rows missing=1 | duplicate keys=0
2026-08-13 23:48:33,089 | INFO | Strend.xlsx lookup stats | total_rows=8 | values_normalized=91 | successful_matches=0 | unmatched_records=0 | duplicate_lookup_keys=0
2026-08-13 23:48:33,089 | INFO | Strend.xlsx merged using Lookup | rows updated=0 | rows missing=101 | duplicate keys=0
2026-08-13 23:48:33,106 | INFO | Buying_groups.xlsx lookup stats | total_rows=8 | values_normalized=10 | successful_matches=0 | unmatched_records=8 | duplicate_lookup_keys=664
2026-08-13 23:48:33,106 | INFO | Buying_groups.xlsx merged using Sold To Party Name to Customer | rows updated=0 | rows missing=11 | duplicate keys=664
2026-08-13 23:48:33,126 | INFO | Awards.xlsx lookup stats | total_rows=8 | values_normalized=95 | successful_matches=0 | unmatched_records=0 | duplicate_lookup_keys=0
2026-08-13 23:48:33,126 | INFO | Awards.xlsx merged using Lookup | rows updated=0 | rows missing=129 | duplicate keys=0
2026-08-13 23:48:33,184 | INFO | Saved master workbook to G:\Support\orderbook\Jayanth\OrderbookAutomation\output\Business_Master_Data.xlsx
2026-08-13 23:48:33,184 | INFO | Phase 3 completed successfully. Business Master workbook saved to G:\Support\orderbook\Jayanth\OrderbookAutomation\output\Business_Master_Data.xlsx
2026-08-13 23:48:33,186 | INFO | Determined reporting period from 'PO date': 2026-07
2026-08-13 23:48:33,194 | INFO | Historical sales stats | reporting_period=2026-07 | matched=0 | missing=8 | duplicate_keys=0
2026-08-13 23:48:33,206 | INFO | Phase 4 enrichment stats | ups_inventory_matches=4 | moq_matches=0 | sc_comments_matches=0 | sc_comments_missing=8 | buying_group_missing=8 | award_missing=8
2026-08-13 23:48:33,215 | INFO | Business rules applied | controlled_products=0 | price_issues=0 | moq_issues=8 | low_ups_inventory=0
2026-08-13 23:48:33,218 | INFO | Historical sales merge stats | matched=0 | missing=8
2026-08-13 23:48:33,226 | INFO | Sales Summary aggregation stats | rows=2 | unique_lookups=0 | duplicate_lookups=0
2026-08-13 23:48:41,833 | INFO | Starting Phase 1 ingestion workflow
2026-08-13 23:48:41,833 | INFO | Application root=G:\Support\orderbook\Jayanth\OrderbookAutomation | input_dir=G:\Support\orderbook\Jayanth
2026-08-13 23:48:41,849 | INFO | Discovery scan | file=07-30_inv.xlsx | sheet=Sheet1 | header_row=0 | header_count=13
2026-08-13 23:48:41,874 | INFO | Discovery scan | file=Awards.xlsx | sheet=Sheet1 | header_row=0 | header_count=7
2026-08-13 23:48:41,890 | INFO | Discovery scan | file=Buying_groups.xlsx | sheet=Sheet1 | header_row=0 | header_count=2
2026-08-13 23:48:41,898 | INFO | Discovery scan | file=CIP.xlsx | sheet=Sheet1 | header_row=0 | header_count=4
2026-08-13 23:48:41,913 | INFO | Discovery scan | file=Mat_Desc,_MOQ_,_Material_#.xlsx | sheet=Sheet1 | header_row=0 | header_count=4
2026-08-13 23:48:41,929 | INFO | Discovery scan | file=Open_Order_Summary.xlsx | sheet=Sheet1 | header_row=3 | header_count=21
2026-08-13 23:48:41,938 | INFO | Discovery scan | file=POB.xlsx | sheet=Sheet1 | header_row=0 | header_count=16
2026-08-13 23:48:41,960 | INFO | Discovery scan | file=raw_OB.xlsx | sheet=UOB | header_row=0 | header_count=34
2026-08-13 23:48:41,970 | INFO | Discovery scan | file=sales_summ.xlsx | sheet=Sheet1 | header_row=0 | header_count=37
2026-08-13 23:48:41,995 | INFO | Discovery scan | file=Strend.xlsx | sheet=Sheet1 | header_row=3 | header_count=66
2026-08-13 23:48:41,995 | INFO | Resolved source 'orderbook' (Orderbook) -> file=raw_OB.xlsx | sheet=UOB
2026-08-13 23:48:41,995 | INFO | Resolved source 'moq' (Material Description / MOQ Master) -> file=Mat_Desc,_MOQ_,_Material_#.xlsx | sheet=Sheet1
2026-08-13 23:48:41,995 | INFO | Resolved source 'inventory' (Daily Inventory) -> file=07-30_inv.xlsx | sheet=Sheet1
2026-08-13 23:48:41,995 | INFO | Resolved source 'open_order_summary' (Open Order Summary) -> file=Open_Order_Summary.xlsx | sheet=Sheet1
2026-08-13 23:48:41,995 | INFO | Resolved source 'buying_groups' (Buying Groups) -> file=Buying_groups.xlsx | sheet=Sheet1
2026-08-13 23:48:41,995 | INFO | Resolved source 'awards' (Awards) -> file=Awards.xlsx | sheet=Sheet1
2026-08-13 23:48:41,995 | INFO | Resolved source 'critical_inventory_tracker' (Critical Inventory Tracker (CIP)) -> file=CIP.xlsx | sheet=Sheet1
2026-08-13 23:48:41,995 | INFO | Resolved source 'sales_summary' (Sales Summary) -> file=sales_summ.xlsx | sheet=Sheet1
2026-08-13 23:48:41,995 | INFO | Resolved source 'sales_trend' (Sales Trend (Strend)) -> file=Strend.xlsx | sheet=Sheet1
2026-08-13 23:48:42,027 | INFO | Loaded workbook=raw_OB.xlsx sheet=UOB rows=8 cols=34
2026-08-13 23:48:42,035 | INFO | Loaded workbook=Mat_Desc,_MOQ_,_Material_#.xlsx sheet=Sheet1 rows=4 cols=4
2026-08-13 23:48:42,050 | INFO | Loaded workbook=07-30_inv.xlsx sheet=Sheet1 rows=16 cols=13
2026-08-13 23:48:42,075 | INFO | Loaded workbook=Open_Order_Summary.xlsx sheet=Sheet1 rows=7 cols=21
2026-08-13 23:48:42,125 | INFO | Loaded workbook=Buying_groups.xlsx sheet=Sheet1 rows=677 cols=2
2026-08-13 23:48:42,160 | INFO | Loaded workbook=Awards.xlsx sheet=Sheet1 rows=129 cols=7
2026-08-13 23:48:42,174 | INFO | Loaded workbook=CIP.xlsx sheet=Sheet1 rows=10 cols=4
2026-08-13 23:48:42,188 | INFO | Loaded workbook=sales_summ.xlsx sheet=Sheet1 rows=1 cols=37
2026-08-13 23:48:42,383 | INFO | Loaded workbook=Strend.xlsx sheet=Sheet1 rows=101 cols=66
2026-08-13 23:48:42,405 | WARNING | EMPTY_COLUMNS | workbook=Orderbook | worksheet=UOB | Completely blank columns: ['Floor limit Blk', 'Multiple of MOQ Blk', 'Expected Price Blk', 'SOM Indc.']
2026-08-13 23:48:42,405 | WARNING | EMPTY_COLUMNS | workbook=Sales Summary | worksheet=Sheet1 | Completely blank columns: ['Action', 'Floor limit Blk', 'Multiple of MOQ Blk', 'Expected Price Blk', 'SOM Indc.']
2026-08-13 23:48:42,405 | WARNING | BLANK_HEADERS | workbook=Sales Trend (Strend) | worksheet=Sheet1 | Blank raw headers found: 3
2026-08-13 23:48:42,425 | INFO | Profiled workbook=raw_OB.xlsx sheet=UOB
2026-08-13 23:48:42,425 | INFO | Profiled workbook=Mat_Desc,_MOQ_,_Material_#.xlsx sheet=Sheet1
2026-08-13 23:48:42,425 | INFO | Profiled workbook=07-30_inv.xlsx sheet=Sheet1
2026-08-13 23:48:42,438 | INFO | Profiled workbook=Open_Order_Summary.xlsx sheet=Sheet1
2026-08-13 23:48:42,445 | INFO | Profiled workbook=Buying_groups.xlsx sheet=Sheet1
2026-08-13 23:48:42,445 | INFO | Profiled workbook=Awards.xlsx sheet=Sheet1
2026-08-13 23:48:42,453 | INFO | Profiled workbook=CIP.xlsx sheet=Sheet1
2026-08-13 23:48:42,465 | INFO | Profiled workbook=sales_summ.xlsx sheet=Sheet1
2026-08-13 23:48:42,485 | INFO | Profiled workbook=Strend.xlsx sheet=Sheet1
2026-08-13 23:48:42,533 | INFO | Wrote Workbook_Profile.xlsx to G:\Support\orderbook\Jayanth\OrderbookAutomation\output\Workbook_Profile.xlsx
2026-08-13 23:48:42,575 | INFO | Wrote data dictionary to G:\Support\orderbook\Jayanth\OrderbookAutomation\docs\DATA_DICTIONARY.md
2026-08-13 23:48:42,575 | INFO | Join key candidate=NDC workbook_count=7 worksheet_count=7 confidence=77.78
2026-08-13 23:48:42,575 | INFO | Join key candidate=Material Number workbook_count=2 worksheet_count=2 confidence=22.22
2026-08-13 23:48:42,575 | INFO | Join key candidate=Customer workbook_count=6 worksheet_count=6 confidence=66.67
2026-08-13 23:48:42,575 | INFO | Join key candidate=Sold-to Party workbook_count=4 worksheet_count=4 confidence=44.44
2026-08-13 23:48:42,575 | INFO | Join key candidate=Lookup workbook_count=4 worksheet_count=4 confidence=44.44
2026-08-13 23:48:42,575 | INFO | Join key candidate=SKU workbook_count=2 worksheet_count=2 confidence=22.22
2026-08-13 23:48:42,575 | INFO | Join key candidate=Sales Order workbook_count=3 worksheet_count=3 confidence=33.33
2026-08-13 23:48:42,575 | INFO | Wrote join key analysis to G:\Support\orderbook\Jayanth\OrderbookAutomation\docs\JOIN_KEY_ANALYSIS.md
2026-08-13 23:48:42,584 | WARNING | Duplicate inventory NDC values detected: 12
2026-08-13 23:48:42,595 | WARNING | Missing inventory for allocated NDC values: 3
2026-08-13 23:48:42,598 | INFO | Derived inventory stats | inventory_rows=4 | allocated_rows=3 | unique_ndcs=7 | missing_inventory=3 | missing_allocations=4
2026-08-13 23:48:42,604 | INFO | Lookup key stats | total_rows=1 | values_normalized=0 | successful_matches=1 | unmatched_records=0 | duplicate_lookup_keys=0
2026-08-13 23:48:42,606 | INFO | MOQ validation stats | total_rows=1 | values_normalized=0 | successful_matches=1 | unmatched_records=0 | duplicate_lookup_keys=0
2026-08-13 23:48:42,648 | INFO | Wrote Phase 2 derived workbook to G:\Support\orderbook\Jayanth\OrderbookAutomation\output\Derived_Data.xlsx
2026-08-13 23:48:42,648 | INFO | Phase 2 completed successfully. Derived workbook saved to G:\Support\orderbook\Jayanth\OrderbookAutomation\output\Derived_Data.xlsx
2026-08-13 23:48:42,670 | INFO | Open_Order_Summary.xlsx lookup stats | total_rows=8 | values_normalized=0 | successful_matches=0 | unmatched_records=8 | duplicate_lookup_keys=3
2026-08-13 23:48:42,673 | INFO | Open_Order_Summary.xlsx merged using Sold To Party Name | rows updated=0 | rows missing=4 | duplicate keys=3
2026-08-13 23:48:42,694 | INFO | sales_summ.xlsx lookup stats | total_rows=8 | values_normalized=0 | successful_matches=0 | unmatched_records=8 | duplicate_lookup_keys=0
2026-08-13 23:48:42,694 | INFO | sales_summ.xlsx merged using Sold To Party Name | rows updated=0 | rows missing=1 | duplicate keys=0
2026-08-13 23:48:42,714 | INFO | Strend.xlsx lookup stats | total_rows=8 | values_normalized=91 | successful_matches=0 | unmatched_records=0 | duplicate_lookup_keys=0
2026-08-13 23:48:42,714 | INFO | Strend.xlsx merged using Lookup | rows updated=0 | rows missing=101 | duplicate keys=0
2026-08-13 23:48:42,738 | INFO | Buying_groups.xlsx lookup stats | total_rows=8 | values_normalized=10 | successful_matches=0 | unmatched_records=8 | duplicate_lookup_keys=664
2026-08-13 23:48:42,738 | INFO | Buying_groups.xlsx merged using Sold To Party Name to Customer | rows updated=0 | rows missing=11 | duplicate keys=664
2026-08-13 23:48:42,760 | INFO | Awards.xlsx lookup stats | total_rows=8 | values_normalized=95 | successful_matches=0 | unmatched_records=0 | duplicate_lookup_keys=0
2026-08-13 23:48:42,760 | INFO | Awards.xlsx merged using Lookup | rows updated=0 | rows missing=129 | duplicate keys=0
2026-08-13 23:48:42,823 | INFO | Saved master workbook to G:\Support\orderbook\Jayanth\OrderbookAutomation\output\Business_Master_Data.xlsx
2026-08-13 23:48:42,825 | INFO | Phase 3 completed successfully. Business Master workbook saved to G:\Support\orderbook\Jayanth\OrderbookAutomation\output\Business_Master_Data.xlsx
2026-08-13 23:48:42,825 | INFO | Determined reporting period from 'PO date': 2026-07
2026-08-13 23:48:42,826 | INFO | Historical sales stats | reporting_period=2026-07 | matched=0 | missing=8 | duplicate_keys=0
2026-08-13 23:48:42,845 | INFO | Phase 4 enrichment stats | ups_inventory_matches=4 | moq_matches=0 | sc_comments_matches=0 | sc_comments_missing=8 | buying_group_missing=8 | award_missing=8
2026-08-13 23:48:42,851 | INFO | Business rules applied | controlled_products=0 | price_issues=0 | moq_issues=8 | low_ups_inventory=0
2026-08-13 23:48:42,854 | INFO | Historical sales merge stats | matched=0 | missing=8
2026-08-13 23:48:42,864 | INFO | Sales Summary aggregation stats | rows=2 | unique_lookups=0 | duplicate_lookups=0
2026-08-13 23:49:23,493 | INFO | Starting Phase 1 ingestion workflow
2026-08-13 23:49:23,493 | INFO | Application root=G:\Support\orderbook\Jayanth\OrderbookAutomation | input_dir=G:\Support\orderbook\Jayanth
2026-08-13 23:49:23,519 | INFO | Discovery scan | file=07-30_inv.xlsx | sheet=Sheet1 | header_row=0 | header_count=13
2026-08-13 23:49:23,531 | INFO | Discovery scan | file=Awards.xlsx | sheet=Sheet1 | header_row=0 | header_count=7
2026-08-13 23:49:23,542 | INFO | Discovery scan | file=Buying_groups.xlsx | sheet=Sheet1 | header_row=0 | header_count=2
2026-08-13 23:49:23,552 | INFO | Discovery scan | file=CIP.xlsx | sheet=Sheet1 | header_row=0 | header_count=4
2026-08-13 23:49:23,560 | INFO | Discovery scan | file=Mat_Desc,_MOQ_,_Material_#.xlsx | sheet=Sheet1 | header_row=0 | header_count=4
2026-08-13 23:49:23,583 | INFO | Discovery scan | file=Open_Order_Summary.xlsx | sheet=Sheet1 | header_row=3 | header_count=21
2026-08-13 23:49:23,591 | INFO | Discovery scan | file=POB.xlsx | sheet=Sheet1 | header_row=0 | header_count=16
2026-08-13 23:49:23,624 | INFO | Discovery scan | file=raw_OB.xlsx | sheet=UOB | header_row=0 | header_count=34
2026-08-13 23:49:23,633 | INFO | Discovery scan | file=sales_summ.xlsx | sheet=Sheet1 | header_row=0 | header_count=37
2026-08-13 23:49:23,664 | INFO | Discovery scan | file=Strend.xlsx | sheet=Sheet1 | header_row=3 | header_count=66
2026-08-13 23:49:23,664 | INFO | Resolved source 'orderbook' (Orderbook) -> file=raw_OB.xlsx | sheet=UOB
2026-08-13 23:49:23,664 | INFO | Resolved source 'moq' (Material Description / MOQ Master) -> file=Mat_Desc,_MOQ_,_Material_#.xlsx | sheet=Sheet1
2026-08-13 23:49:23,664 | INFO | Resolved source 'inventory' (Daily Inventory) -> file=07-30_inv.xlsx | sheet=Sheet1
2026-08-13 23:49:23,664 | INFO | Resolved source 'open_order_summary' (Open Order Summary) -> file=Open_Order_Summary.xlsx | sheet=Sheet1
2026-08-13 23:49:23,664 | INFO | Resolved source 'buying_groups' (Buying Groups) -> file=Buying_groups.xlsx | sheet=Sheet1
2026-08-13 23:49:23,664 | INFO | Resolved source 'awards' (Awards) -> file=Awards.xlsx | sheet=Sheet1
2026-08-13 23:49:23,664 | INFO | Resolved source 'critical_inventory_tracker' (Critical Inventory Tracker (CIP)) -> file=CIP.xlsx | sheet=Sheet1
2026-08-13 23:49:23,664 | INFO | Resolved source 'sales_summary' (Sales Summary) -> file=sales_summ.xlsx | sheet=Sheet1
2026-08-13 23:49:23,664 | INFO | Resolved source 'sales_trend' (Sales Trend (Strend)) -> file=Strend.xlsx | sheet=Sheet1
2026-08-13 23:49:23,700 | INFO | Loaded workbook=raw_OB.xlsx sheet=UOB rows=8 cols=34
2026-08-13 23:49:23,710 | INFO | Loaded workbook=Mat_Desc,_MOQ_,_Material_#.xlsx sheet=Sheet1 rows=4 cols=4
2026-08-13 23:49:23,733 | INFO | Loaded workbook=07-30_inv.xlsx sheet=Sheet1 rows=16 cols=13
2026-08-13 23:49:23,760 | INFO | Loaded workbook=Open_Order_Summary.xlsx sheet=Sheet1 rows=7 cols=21
2026-08-13 23:49:23,820 | INFO | Loaded workbook=Buying_groups.xlsx sheet=Sheet1 rows=677 cols=2
2026-08-13 23:49:23,866 | INFO | Loaded workbook=Awards.xlsx sheet=Sheet1 rows=129 cols=7
2026-08-13 23:49:23,882 | INFO | Loaded workbook=CIP.xlsx sheet=Sheet1 rows=10 cols=4
2026-08-13 23:49:23,891 | INFO | Loaded workbook=sales_summ.xlsx sheet=Sheet1 rows=1 cols=37
2026-08-13 23:49:24,144 | INFO | Loaded workbook=Strend.xlsx sheet=Sheet1 rows=101 cols=66
2026-08-13 23:49:24,166 | WARNING | EMPTY_COLUMNS | workbook=Orderbook | worksheet=UOB | Completely blank columns: ['Floor limit Blk', 'Multiple of MOQ Blk', 'Expected Price Blk', 'SOM Indc.']
2026-08-13 23:49:24,166 | WARNING | EMPTY_COLUMNS | workbook=Sales Summary | worksheet=Sheet1 | Completely blank columns: ['Action', 'Floor limit Blk', 'Multiple of MOQ Blk', 'Expected Price Blk', 'SOM Indc.']
2026-08-13 23:49:24,166 | WARNING | BLANK_HEADERS | workbook=Sales Trend (Strend) | worksheet=Sheet1 | Blank raw headers found: 3
2026-08-13 23:49:24,180 | INFO | Profiled workbook=raw_OB.xlsx sheet=UOB
2026-08-13 23:49:24,183 | INFO | Profiled workbook=Mat_Desc,_MOQ_,_Material_#.xlsx sheet=Sheet1
2026-08-13 23:49:24,190 | INFO | Profiled workbook=07-30_inv.xlsx sheet=Sheet1
2026-08-13 23:49:24,195 | INFO | Profiled workbook=Open_Order_Summary.xlsx sheet=Sheet1
2026-08-13 23:49:24,200 | INFO | Profiled workbook=Buying_groups.xlsx sheet=Sheet1
2026-08-13 23:49:24,200 | INFO | Profiled workbook=Awards.xlsx sheet=Sheet1
2026-08-13 23:49:24,209 | INFO | Profiled workbook=CIP.xlsx sheet=Sheet1
2026-08-13 23:49:24,220 | INFO | Profiled workbook=sales_summ.xlsx sheet=Sheet1
2026-08-13 23:49:24,251 | INFO | Profiled workbook=Strend.xlsx sheet=Sheet1
2026-08-13 23:49:24,292 | INFO | Wrote Workbook_Profile.xlsx to G:\Support\orderbook\Jayanth\OrderbookAutomation\output\Workbook_Profile.xlsx
2026-08-13 23:49:24,330 | INFO | Wrote data dictionary to G:\Support\orderbook\Jayanth\OrderbookAutomation\docs\DATA_DICTIONARY.md
2026-08-13 23:49:24,330 | INFO | Join key candidate=NDC workbook_count=7 worksheet_count=7 confidence=77.78
2026-08-13 23:49:24,330 | INFO | Join key candidate=Material Number workbook_count=2 worksheet_count=2 confidence=22.22
2026-08-13 23:49:24,330 | INFO | Join key candidate=Customer workbook_count=6 worksheet_count=6 confidence=66.67
2026-08-13 23:49:24,330 | INFO | Join key candidate=Sold-to Party workbook_count=4 worksheet_count=4 confidence=44.44
2026-08-13 23:49:24,330 | INFO | Join key candidate=Lookup workbook_count=4 worksheet_count=4 confidence=44.44
2026-08-13 23:49:24,330 | INFO | Join key candidate=SKU workbook_count=2 worksheet_count=2 confidence=22.22
2026-08-13 23:49:24,330 | INFO | Join key candidate=Sales Order workbook_count=3 worksheet_count=3 confidence=33.33
2026-08-13 23:49:24,330 | INFO | Wrote join key analysis to G:\Support\orderbook\Jayanth\OrderbookAutomation\docs\JOIN_KEY_ANALYSIS.md
2026-08-13 23:49:24,333 | WARNING | Duplicate inventory NDC values detected: 12
2026-08-13 23:49:24,342 | WARNING | Missing inventory for allocated NDC values: 3
2026-08-13 23:49:24,342 | INFO | Derived inventory stats | inventory_rows=4 | allocated_rows=3 | unique_ndcs=7 | missing_inventory=3 | missing_allocations=4
2026-08-13 23:49:24,351 | INFO | Lookup key stats | total_rows=1 | values_normalized=0 | successful_matches=1 | unmatched_records=0 | duplicate_lookup_keys=0
2026-08-13 23:49:24,360 | INFO | MOQ validation stats | total_rows=1 | values_normalized=0 | successful_matches=1 | unmatched_records=0 | duplicate_lookup_keys=0
2026-08-13 23:49:24,392 | INFO | Wrote Phase 2 derived workbook to G:\Support\orderbook\Jayanth\OrderbookAutomation\output\Derived_Data.xlsx
2026-08-13 23:49:24,392 | INFO | Phase 2 completed successfully. Derived workbook saved to G:\Support\orderbook\Jayanth\OrderbookAutomation\output\Derived_Data.xlsx
2026-08-13 23:49:24,421 | INFO | Open_Order_Summary.xlsx lookup stats | total_rows=8 | values_normalized=0 | successful_matches=0 | unmatched_records=8 | duplicate_lookup_keys=3
2026-08-13 23:49:24,421 | INFO | Open_Order_Summary.xlsx merged using Sold To Party Name | rows updated=0 | rows missing=4 | duplicate keys=3
2026-08-13 23:49:24,450 | INFO | sales_summ.xlsx lookup stats | total_rows=8 | values_normalized=0 | successful_matches=0 | unmatched_records=8 | duplicate_lookup_keys=0
2026-08-13 23:49:24,450 | INFO | sales_summ.xlsx merged using Sold To Party Name | rows updated=0 | rows missing=1 | duplicate keys=0
2026-08-13 23:49:24,471 | INFO | Strend.xlsx lookup stats | total_rows=8 | values_normalized=91 | successful_matches=0 | unmatched_records=0 | duplicate_lookup_keys=0
2026-08-13 23:49:24,471 | INFO | Strend.xlsx merged using Lookup | rows updated=0 | rows missing=101 | duplicate keys=0
2026-08-13 23:49:24,495 | INFO | Buying_groups.xlsx lookup stats | total_rows=8 | values_normalized=10 | successful_matches=0 | unmatched_records=8 | duplicate_lookup_keys=664
2026-08-13 23:49:24,495 | INFO | Buying_groups.xlsx merged using Sold To Party Name to Customer | rows updated=0 | rows missing=11 | duplicate keys=664
2026-08-13 23:49:24,524 | INFO | Awards.xlsx lookup stats | total_rows=8 | values_normalized=95 | successful_matches=0 | unmatched_records=0 | duplicate_lookup_keys=0
2026-08-13 23:49:24,524 | INFO | Awards.xlsx merged using Lookup | rows updated=0 | rows missing=129 | duplicate keys=0
2026-08-13 23:49:24,592 | INFO | Saved master workbook to G:\Support\orderbook\Jayanth\OrderbookAutomation\output\Business_Master_Data.xlsx
2026-08-13 23:49:24,592 | INFO | Phase 3 completed successfully. Business Master workbook saved to G:\Support\orderbook\Jayanth\OrderbookAutomation\output\Business_Master_Data.xlsx
2026-08-13 23:49:24,592 | INFO | Determined reporting period from 'PO date': 2026-07
2026-08-13 23:49:24,609 | INFO | Historical sales stats | reporting_period=2026-07 | matched=0 | missing=8 | duplicate_keys=0
2026-08-13 23:49:24,634 | INFO | Phase 4 enrichment stats | ups_inventory_matches=4 | moq_matches=0 | sc_comments_matches=0 | sc_comments_missing=8 | buying_group_missing=8 | award_missing=8
2026-08-13 23:49:24,641 | INFO | Business rules applied | controlled_products=0 | price_issues=0 | moq_issues=8 | low_ups_inventory=0
2026-08-13 23:49:24,642 | INFO | Historical sales merge stats | matched=0 | missing=8
2026-08-13 23:49:24,651 | INFO | Sales Summary aggregation stats | rows=2 | unique_lookups=0 | duplicate_lookups=0
2026-08-13 23:49:24,691 | INFO | Wrote Sales Summary workbook to G:\Support\orderbook\Jayanth\OrderbookAutomation\output\Sales_Summary.xlsx
2026-08-13 23:49:24,811 | INFO | Wrote final POB workbook to G:\Support\orderbook\Jayanth\OrderbookAutomation\output\POB.xlsx
2026-08-13 23:49:24,811 | INFO | Phase 4 completed successfully. Sales Summary saved to G:\Support\orderbook\Jayanth\OrderbookAutomation\output\Sales_Summary.xlsx | POB saved to G:\Support\orderbook\Jayanth\OrderbookAutomation\output\POB.xlsx
2026-08-13 23:49:24,811 | INFO | Phase 1 completed successfully in 1.31 seconds
2026-08-13 23:49:32,695 | INFO | Starting Phase 1 ingestion workflow
2026-08-13 23:49:32,695 | INFO | Application root=G:\Support\orderbook\Jayanth\OrderbookAutomation | input_dir=G:\Support\orderbook\Jayanth
2026-08-13 23:49:32,711 | INFO | Discovery scan | file=07-30_inv.xlsx | sheet=Sheet1 | header_row=0 | header_count=13
2026-08-13 23:49:32,730 | INFO | Discovery scan | file=Awards.xlsx | sheet=Sheet1 | header_row=0 | header_count=7
2026-08-13 23:49:32,759 | INFO | Discovery scan | file=Buying_groups.xlsx | sheet=Sheet1 | header_row=0 | header_count=2
2026-08-13 23:49:32,769 | INFO | Discovery scan | file=CIP.xlsx | sheet=Sheet1 | header_row=0 | header_count=4
2026-08-13 23:49:32,782 | INFO | Discovery scan | file=Mat_Desc,_MOQ_,_Material_#.xlsx | sheet=Sheet1 | header_row=0 | header_count=4
2026-08-13 23:49:32,806 | INFO | Discovery scan | file=Open_Order_Summary.xlsx | sheet=Sheet1 | header_row=3 | header_count=21
2026-08-13 23:49:32,822 | INFO | Discovery scan | file=POB.xlsx | sheet=Sheet1 | header_row=0 | header_count=16
2026-08-13 23:49:32,849 | INFO | Discovery scan | file=raw_OB.xlsx | sheet=UOB | header_row=0 | header_count=34
2026-08-13 23:49:32,862 | INFO | Discovery scan | file=sales_summ.xlsx | sheet=Sheet1 | header_row=0 | header_count=37
2026-08-13 23:49:32,894 | INFO | Discovery scan | file=Strend.xlsx | sheet=Sheet1 | header_row=3 | header_count=66
2026-08-13 23:49:32,894 | INFO | Resolved source 'orderbook' (Orderbook) -> file=raw_OB.xlsx | sheet=UOB
2026-08-13 23:49:32,894 | INFO | Resolved source 'moq' (Material Description / MOQ Master) -> file=Mat_Desc,_MOQ_,_Material_#.xlsx | sheet=Sheet1
2026-08-13 23:49:32,900 | INFO | Resolved source 'inventory' (Daily Inventory) -> file=07-30_inv.xlsx | sheet=Sheet1
2026-08-13 23:49:32,900 | INFO | Resolved source 'open_order_summary' (Open Order Summary) -> file=Open_Order_Summary.xlsx | sheet=Sheet1
2026-08-13 23:49:32,901 | INFO | Resolved source 'buying_groups' (Buying Groups) -> file=Buying_groups.xlsx | sheet=Sheet1
2026-08-13 23:49:32,901 | INFO | Resolved source 'awards' (Awards) -> file=Awards.xlsx | sheet=Sheet1
2026-08-13 23:49:32,901 | INFO | Resolved source 'critical_inventory_tracker' (Critical Inventory Tracker (CIP)) -> file=CIP.xlsx | sheet=Sheet1
2026-08-13 23:49:32,901 | INFO | Resolved source 'sales_summary' (Sales Summary) -> file=sales_summ.xlsx | sheet=Sheet1
2026-08-13 23:49:32,901 | INFO | Resolved source 'sales_trend' (Sales Trend (Strend)) -> file=Strend.xlsx | sheet=Sheet1
2026-08-13 23:49:32,932 | INFO | Loaded workbook=raw_OB.xlsx sheet=UOB rows=8 cols=34
2026-08-13 23:49:32,940 | INFO | Loaded workbook=Mat_Desc,_MOQ_,_Material_#.xlsx sheet=Sheet1 rows=4 cols=4
2026-08-13 23:49:32,966 | INFO | Loaded workbook=07-30_inv.xlsx sheet=Sheet1 rows=16 cols=13
2026-08-13 23:49:32,990 | INFO | Loaded workbook=Open_Order_Summary.xlsx sheet=Sheet1 rows=7 cols=21
2026-08-13 23:49:33,063 | INFO | Loaded workbook=Buying_groups.xlsx sheet=Sheet1 rows=677 cols=2
2026-08-13 23:49:33,103 | INFO | Loaded workbook=Awards.xlsx sheet=Sheet1 rows=129 cols=7
2026-08-13 23:49:33,119 | INFO | Loaded workbook=CIP.xlsx sheet=Sheet1 rows=10 cols=4
2026-08-13 23:49:33,139 | INFO | Loaded workbook=sales_summ.xlsx sheet=Sheet1 rows=1 cols=37
2026-08-13 23:49:33,365 | INFO | Loaded workbook=Strend.xlsx sheet=Sheet1 rows=101 cols=66
2026-08-13 23:49:33,389 | WARNING | EMPTY_COLUMNS | workbook=Orderbook | worksheet=UOB | Completely blank columns: ['Floor limit Blk', 'Multiple of MOQ Blk', 'Expected Price Blk', 'SOM Indc.']
2026-08-13 23:49:33,389 | WARNING | EMPTY_COLUMNS | workbook=Sales Summary | worksheet=Sheet1 | Completely blank columns: ['Action', 'Floor limit Blk', 'Multiple of MOQ Blk', 'Expected Price Blk', 'SOM Indc.']
2026-08-13 23:49:33,389 | WARNING | BLANK_HEADERS | workbook=Sales Trend (Strend) | worksheet=Sheet1 | Blank raw headers found: 3
2026-08-13 23:49:33,423 | INFO | Profiled workbook=raw_OB.xlsx sheet=UOB
2026-08-13 23:49:33,432 | INFO | Profiled workbook=Mat_Desc,_MOQ_,_Material_#.xlsx sheet=Sheet1
2026-08-13 23:49:33,440 | INFO | Profiled workbook=07-30_inv.xlsx sheet=Sheet1
2026-08-13 23:49:33,440 | INFO | Profiled workbook=Open_Order_Summary.xlsx sheet=Sheet1
2026-08-13 23:49:33,451 | INFO | Profiled workbook=Buying_groups.xlsx sheet=Sheet1
2026-08-13 23:49:33,459 | INFO | Profiled workbook=Awards.xlsx sheet=Sheet1
2026-08-13 23:49:33,459 | INFO | Profiled workbook=CIP.xlsx sheet=Sheet1
2026-08-13 23:49:33,478 | INFO | Profiled workbook=sales_summ.xlsx sheet=Sheet1
2026-08-13 23:49:33,508 | INFO | Profiled workbook=Strend.xlsx sheet=Sheet1
2026-08-13 23:49:33,552 | INFO | Wrote Workbook_Profile.xlsx to G:\Support\orderbook\Jayanth\OrderbookAutomation\output\Workbook_Profile.xlsx
2026-08-13 23:49:33,594 | INFO | Wrote data dictionary to G:\Support\orderbook\Jayanth\OrderbookAutomation\docs\DATA_DICTIONARY.md
2026-08-13 23:49:33,594 | INFO | Join key candidate=NDC workbook_count=7 worksheet_count=7 confidence=77.78
2026-08-13 23:49:33,594 | INFO | Join key candidate=Material Number workbook_count=2 worksheet_count=2 confidence=22.22
2026-08-13 23:49:33,594 | INFO | Join key candidate=Customer workbook_count=6 worksheet_count=6 confidence=66.67
2026-08-13 23:49:33,597 | INFO | Join key candidate=Sold-to Party workbook_count=4 worksheet_count=4 confidence=44.44
2026-08-13 23:49:33,597 | INFO | Join key candidate=Lookup workbook_count=4 worksheet_count=4 confidence=44.44
2026-08-13 23:49:33,597 | INFO | Join key candidate=SKU workbook_count=2 worksheet_count=2 confidence=22.22
2026-08-13 23:49:33,598 | INFO | Join key candidate=Sales Order workbook_count=3 worksheet_count=3 confidence=33.33
2026-08-13 23:49:33,599 | INFO | Wrote join key analysis to G:\Support\orderbook\Jayanth\OrderbookAutomation\docs\JOIN_KEY_ANALYSIS.md
2026-08-13 23:49:33,603 | WARNING | Duplicate inventory NDC values detected: 12
2026-08-13 23:49:33,611 | WARNING | Missing inventory for allocated NDC values: 3
2026-08-13 23:49:33,621 | INFO | Derived inventory stats | inventory_rows=4 | allocated_rows=3 | unique_ndcs=7 | missing_inventory=3 | missing_allocations=4
2026-08-13 23:49:33,629 | INFO | Lookup key stats | total_rows=1 | values_normalized=0 | successful_matches=1 | unmatched_records=0 | duplicate_lookup_keys=0
2026-08-13 23:49:33,640 | INFO | MOQ validation stats | total_rows=1 | values_normalized=0 | successful_matches=1 | unmatched_records=0 | duplicate_lookup_keys=0
2026-08-13 23:49:33,689 | INFO | Wrote Phase 2 derived workbook to G:\Support\orderbook\Jayanth\OrderbookAutomation\output\Derived_Data.xlsx
2026-08-13 23:49:33,689 | INFO | Phase 2 completed successfully. Derived workbook saved to G:\Support\orderbook\Jayanth\OrderbookAutomation\output\Derived_Data.xlsx
2026-08-13 23:49:33,709 | INFO | Open_Order_Summary.xlsx lookup stats | total_rows=8 | values_normalized=0 | successful_matches=0 | unmatched_records=8 | duplicate_lookup_keys=3
2026-08-13 23:49:33,709 | INFO | Open_Order_Summary.xlsx merged using Sold To Party Name | rows updated=0 | rows missing=4 | duplicate keys=3
2026-08-13 23:49:33,742 | INFO | sales_summ.xlsx lookup stats | total_rows=8 | values_normalized=0 | successful_matches=0 | unmatched_records=8 | duplicate_lookup_keys=0
2026-08-13 23:49:33,742 | INFO | sales_summ.xlsx merged using Sold To Party Name | rows updated=0 | rows missing=1 | duplicate keys=0
2026-08-13 23:49:33,774 | INFO | Strend.xlsx lookup stats | total_rows=8 | values_normalized=91 | successful_matches=0 | unmatched_records=0 | duplicate_lookup_keys=0
2026-08-13 23:49:33,774 | INFO | Strend.xlsx merged using Lookup | rows updated=0 | rows missing=101 | duplicate keys=0
2026-08-13 23:49:33,802 | INFO | Buying_groups.xlsx lookup stats | total_rows=8 | values_normalized=10 | successful_matches=0 | unmatched_records=8 | duplicate_lookup_keys=664
2026-08-13 23:49:33,802 | INFO | Buying_groups.xlsx merged using Sold To Party Name to Customer | rows updated=0 | rows missing=11 | duplicate keys=664
2026-08-13 23:49:33,829 | INFO | Awards.xlsx lookup stats | total_rows=8 | values_normalized=95 | successful_matches=0 | unmatched_records=0 | duplicate_lookup_keys=0
2026-08-13 23:49:33,829 | INFO | Awards.xlsx merged using Lookup | rows updated=0 | rows missing=129 | duplicate keys=0
2026-08-13 23:49:33,909 | INFO | Saved master workbook to G:\Support\orderbook\Jayanth\OrderbookAutomation\output\Business_Master_Data.xlsx
2026-08-13 23:49:33,909 | INFO | Phase 3 completed successfully. Business Master workbook saved to G:\Support\orderbook\Jayanth\OrderbookAutomation\output\Business_Master_Data.xlsx
2026-08-13 23:49:33,909 | INFO | Determined reporting period from 'PO date': 2026-07
2026-08-13 23:49:33,920 | INFO | Historical sales stats | reporting_period=2026-07 | matched=0 | missing=8 | duplicate_keys=0
2026-08-13 23:49:33,943 | INFO | Phase 4 enrichment stats | ups_inventory_matches=4 | moq_matches=0 | sc_comments_matches=0 | sc_comments_missing=8 | buying_group_missing=8 | award_missing=8
2026-08-13 23:49:33,951 | INFO | Business rules applied | controlled_products=0 | price_issues=0 | moq_issues=8 | low_ups_inventory=0
2026-08-13 23:49:33,961 | INFO | Historical sales merge stats | matched=0 | missing=8
2026-08-13 23:49:33,970 | INFO | Sales Summary aggregation stats | rows=2 | unique_lookups=0 | duplicate_lookups=0
2026-08-13 23:49:34,019 | INFO | Wrote Sales Summary workbook to G:\Support\orderbook\Jayanth\OrderbookAutomation\output\Sales_Summary.xlsx
2026-08-13 23:49:34,158 | INFO | Wrote final POB workbook to G:\Support\orderbook\Jayanth\OrderbookAutomation\output\POB.xlsx
2026-08-13 23:49:34,159 | INFO | Phase 4 completed successfully. Sales Summary saved to G:\Support\orderbook\Jayanth\OrderbookAutomation\output\Sales_Summary.xlsx | POB saved to G:\Support\orderbook\Jayanth\OrderbookAutomation\output\POB.xlsx
2026-08-13 23:49:34,159 | INFO | Phase 1 completed successfully in 1.46 seconds
2026-08-14 00:18:49,077 | INFO | Starting Phase 1 ingestion workflow
2026-08-14 00:18:49,090 | INFO | Application root=G:\Support\orderbook\Jayanth\OrderbookAutomation | input_dir=G:\Support\orderbook\Jayanth
2026-08-14 00:18:49,128 | INFO | Discovery scan | file=07-30_inv.xlsx | sheet=Sheet1 | header_row=0 | header_count=13
2026-08-14 00:18:49,162 | INFO | Discovery scan | file=Awards.xlsx | sheet=Sheet1 | header_row=0 | header_count=7
2026-08-14 00:18:49,175 | INFO | Discovery scan | file=Buying_groups.xlsx | sheet=Sheet1 | header_row=0 | header_count=2
2026-08-14 00:18:49,196 | INFO | Discovery scan | file=CIP.xlsx | sheet=Sheet1 | header_row=0 | header_count=4
2026-08-14 00:18:49,227 | INFO | Discovery scan | file=Mat_Desc,_MOQ_,_Material_#.xlsx | sheet=Sheet1 | header_row=0 | header_count=4
2026-08-14 00:18:49,267 | INFO | Discovery scan | file=Open_Order_Summary.xlsx | sheet=Sheet1 | header_row=3 | header_count=21
2026-08-14 00:18:49,285 | INFO | Discovery scan | file=POB.xlsx | sheet=Sheet1 | header_row=0 | header_count=16
2026-08-14 00:18:49,315 | INFO | Discovery scan | file=raw_OB.xlsx | sheet=UOB | header_row=0 | header_count=34
2026-08-14 00:18:49,325 | INFO | Discovery scan | file=sales_summ.xlsx | sheet=Sheet1 | header_row=0 | header_count=37
2026-08-14 00:18:49,365 | INFO | Discovery scan | file=Strend.xlsx | sheet=Sheet1 | header_row=3 | header_count=66
2026-08-14 00:18:49,365 | WARNING | Skipping unreadable workbook '~$POB.xlsx': [Errno 13] Permission denied: 'G:\\Support\\orderbook\\Jayanth\\~$POB.xlsx'
2026-08-14 00:18:49,365 | INFO | Resolved source 'orderbook' (Orderbook) -> file=raw_OB.xlsx | sheet=UOB
2026-08-14 00:18:49,365 | INFO | Resolved source 'moq' (Material Description / MOQ Master) -> file=Mat_Desc,_MOQ_,_Material_#.xlsx | sheet=Sheet1
2026-08-14 00:18:49,365 | INFO | Resolved source 'inventory' (Daily Inventory) -> file=07-30_inv.xlsx | sheet=Sheet1
2026-08-14 00:18:49,365 | INFO | Resolved source 'open_order_summary' (Open Order Summary) -> file=Open_Order_Summary.xlsx | sheet=Sheet1
2026-08-14 00:18:49,365 | INFO | Resolved source 'buying_groups' (Buying Groups) -> file=Buying_groups.xlsx | sheet=Sheet1
2026-08-14 00:18:49,365 | INFO | Resolved source 'awards' (Awards) -> file=Awards.xlsx | sheet=Sheet1
2026-08-14 00:18:49,365 | INFO | Resolved source 'critical_inventory_tracker' (Critical Inventory Tracker (CIP)) -> file=CIP.xlsx | sheet=Sheet1
2026-08-14 00:18:49,365 | INFO | Resolved source 'sales_summary' (Sales Summary) -> file=sales_summ.xlsx | sheet=Sheet1
2026-08-14 00:18:49,365 | INFO | Resolved source 'sales_trend' (Sales Trend (Strend)) -> file=Strend.xlsx | sheet=Sheet1
2026-08-14 00:18:49,437 | INFO | Loaded workbook=raw_OB.xlsx sheet=UOB rows=8 cols=34
2026-08-14 00:18:49,451 | INFO | Loaded workbook=Mat_Desc,_MOQ_,_Material_#.xlsx sheet=Sheet1 rows=4 cols=4
2026-08-14 00:18:49,467 | INFO | Loaded workbook=07-30_inv.xlsx sheet=Sheet1 rows=16 cols=13
2026-08-14 00:18:49,500 | INFO | Loaded workbook=Open_Order_Summary.xlsx sheet=Sheet1 rows=7 cols=21
2026-08-14 00:18:49,566 | INFO | Loaded workbook=Buying_groups.xlsx sheet=Sheet1 rows=677 cols=2
2026-08-14 00:18:49,624 | INFO | Loaded workbook=Awards.xlsx sheet=Sheet1 rows=129 cols=7
2026-08-14 00:18:49,645 | INFO | Loaded workbook=CIP.xlsx sheet=Sheet1 rows=10 cols=4
2026-08-14 00:18:49,679 | INFO | Loaded workbook=sales_summ.xlsx sheet=Sheet1 rows=1 cols=37
2026-08-14 00:18:49,927 | INFO | Loaded workbook=Strend.xlsx sheet=Sheet1 rows=101 cols=66
2026-08-14 00:18:49,947 | WARNING | EMPTY_COLUMNS | workbook=Orderbook | worksheet=UOB | Completely blank columns: ['Floor limit Blk', 'Multiple of MOQ Blk', 'Expected Price Blk', 'SOM Indc.']
2026-08-14 00:18:49,947 | WARNING | EMPTY_COLUMNS | workbook=Sales Summary | worksheet=Sheet1 | Completely blank columns: ['Action', 'Floor limit Blk', 'Multiple of MOQ Blk', 'Expected Price Blk', 'SOM Indc.']
2026-08-14 00:18:49,947 | WARNING | BLANK_HEADERS | workbook=Sales Trend (Strend) | worksheet=Sheet1 | Blank raw headers found: 3
2026-08-14 00:18:49,980 | INFO | Profiled workbook=raw_OB.xlsx sheet=UOB
2026-08-14 00:18:49,980 | INFO | Profiled workbook=Mat_Desc,_MOQ_,_Material_#.xlsx sheet=Sheet1
2026-08-14 00:18:49,985 | INFO | Profiled workbook=07-30_inv.xlsx sheet=Sheet1
2026-08-14 00:18:49,997 | INFO | Profiled workbook=Open_Order_Summary.xlsx sheet=Sheet1
2026-08-14 00:18:50,003 | INFO | Profiled workbook=Buying_groups.xlsx sheet=Sheet1
2026-08-14 00:18:50,009 | INFO | Profiled workbook=Awards.xlsx sheet=Sheet1
2026-08-14 00:18:50,014 | INFO | Profiled workbook=CIP.xlsx sheet=Sheet1
2026-08-14 00:18:50,030 | INFO | Profiled workbook=sales_summ.xlsx sheet=Sheet1
2026-08-14 00:18:50,065 | INFO | Profiled workbook=Strend.xlsx sheet=Sheet1
2026-08-14 00:18:50,140 | INFO | Wrote Workbook_Profile.xlsx to G:\Support\orderbook\Jayanth\OrderbookAutomation\output\Workbook_Profile.xlsx
2026-08-14 00:18:50,182 | INFO | Wrote data dictionary to G:\Support\orderbook\Jayanth\OrderbookAutomation\docs\DATA_DICTIONARY.md
2026-08-14 00:18:50,182 | INFO | Join key candidate=NDC workbook_count=7 worksheet_count=7 confidence=77.78
2026-08-14 00:18:50,184 | INFO | Join key candidate=Material Number workbook_count=2 worksheet_count=2 confidence=22.22
2026-08-14 00:18:50,184 | INFO | Join key candidate=Customer workbook_count=6 worksheet_count=6 confidence=66.67
2026-08-14 00:18:50,184 | INFO | Join key candidate=Sold-to Party workbook_count=4 worksheet_count=4 confidence=44.44
2026-08-14 00:18:50,185 | INFO | Join key candidate=Lookup workbook_count=4 worksheet_count=4 confidence=44.44
2026-08-14 00:18:50,185 | INFO | Join key candidate=SKU workbook_count=2 worksheet_count=2 confidence=22.22
2026-08-14 00:18:50,185 | INFO | Join key candidate=Sales Order workbook_count=3 worksheet_count=3 confidence=33.33
2026-08-14 00:18:50,187 | INFO | Wrote join key analysis to G:\Support\orderbook\Jayanth\OrderbookAutomation\docs\JOIN_KEY_ANALYSIS.md
2026-08-14 00:18:50,194 | WARNING | Duplicate inventory NDC values detected: 12
2026-08-14 00:18:50,215 | WARNING | Missing inventory for allocated NDC values: 3
2026-08-14 00:18:50,229 | INFO | Derived inventory stats | inventory_rows=4 | allocated_rows=3 | unique_ndcs=7 | missing_inventory=3 | missing_allocations=4
2026-08-14 00:18:50,236 | INFO | Lookup key stats | total_rows=1 | values_normalized=0 | successful_matches=1 | unmatched_records=0 | duplicate_lookup_keys=0
2026-08-14 00:18:50,245 | INFO | MOQ validation stats | total_rows=1 | values_normalized=0 | successful_matches=1 | unmatched_records=0 | duplicate_lookup_keys=0
2026-08-14 00:18:50,285 | INFO | Wrote Phase 2 derived workbook to G:\Support\orderbook\Jayanth\OrderbookAutomation\output\Derived_Data.xlsx
2026-08-14 00:18:50,285 | INFO | Phase 2 completed successfully. Derived workbook saved to G:\Support\orderbook\Jayanth\OrderbookAutomation\output\Derived_Data.xlsx
2026-08-14 00:18:50,317 | INFO | 07-30_inv.xlsx lookup stats | total_rows=8 | values_normalized=0 | successful_matches=4 | unmatched_records=4 | duplicate_lookup_keys=12
2026-08-14 00:18:50,317 | INFO | 07-30_inv.xlsx merged using NDC Code | rows updated=4 | rows missing=3 | duplicate keys=12
2026-08-14 00:18:50,341 | INFO | Open_Order_Summary.xlsx lookup stats | total_rows=8 | values_normalized=0 | successful_matches=0 | unmatched_records=8 | duplicate_lookup_keys=3
2026-08-14 00:18:50,342 | INFO | Open_Order_Summary.xlsx merged using Sold To Party Name | rows updated=0 | rows missing=4 | duplicate keys=3
2026-08-14 00:18:50,373 | INFO | sales_summ.xlsx lookup stats | total_rows=8 | values_normalized=0 | successful_matches=4 | unmatched_records=4 | duplicate_lookup_keys=0
2026-08-14 00:18:50,373 | INFO | sales_summ.xlsx merged using NDC Code | rows updated=4 | rows missing=0 | duplicate keys=0
2026-08-14 00:18:50,397 | INFO | Strend.xlsx lookup stats | total_rows=8 | values_normalized=91 | successful_matches=4 | unmatched_records=0 | duplicate_lookup_keys=0
2026-08-14 00:18:50,397 | INFO | Strend.xlsx merged using Lookup | rows updated=4 | rows missing=100 | duplicate keys=0
2026-08-14 00:18:50,429 | INFO | Buying_groups.xlsx lookup stats | total_rows=8 | values_normalized=10 | successful_matches=0 | unmatched_records=8 | duplicate_lookup_keys=664
2026-08-14 00:18:50,431 | INFO | Buying_groups.xlsx merged using Sold To Party Name to Customer | rows updated=0 | rows missing=11 | duplicate keys=664
2026-08-14 00:18:50,462 | INFO | Awards.xlsx lookup stats | total_rows=8 | values_normalized=95 | successful_matches=0 | unmatched_records=4 | duplicate_lookup_keys=0
2026-08-14 00:18:50,462 | INFO | Awards.xlsx merged using Lookup | rows updated=0 | rows missing=129 | duplicate keys=0
2026-08-14 00:18:50,484 | INFO | CIP.xlsx lookup stats | total_rows=8 | values_normalized=0 | successful_matches=0 | unmatched_records=8 | duplicate_lookup_keys=0
2026-08-14 00:18:50,484 | INFO | CIP.xlsx merged using NDC Code | rows updated=0 | rows missing=10 | duplicate keys=0
2026-08-14 00:18:50,555 | INFO | Saved master workbook to G:\Support\orderbook\Jayanth\OrderbookAutomation\output\Business_Master_Data.xlsx
2026-08-14 00:18:50,557 | INFO | Phase 3 completed successfully. Business Master workbook saved to G:\Support\orderbook\Jayanth\OrderbookAutomation\output\Business_Master_Data.xlsx
2026-08-14 00:18:50,557 | INFO | Determined reporting period from 'PO date': 2026-07
2026-08-14 00:18:50,567 | INFO | Historical sales stats | reporting_period=2026-07 | matched=0 | missing=8 | duplicate_keys=0
2026-08-14 00:18:50,585 | INFO | Phase 4 enrichment stats | ups_inventory_matches=4 | moq_matches=0 | sc_comments_matches=0 | sc_comments_missing=8 | buying_group_missing=8 | award_missing=8
2026-08-14 00:18:50,597 | INFO | Business rules applied | controlled_products=0 | price_issues=0 | moq_issues=8 | low_ups_inventory=0
2026-08-14 00:18:50,600 | INFO | Historical sales merge stats | matched=0 | missing=8
2026-08-14 00:18:50,616 | INFO | Sales Summary aggregation stats | rows=2 | unique_lookups=1 | duplicate_lookups=0
2026-08-14 00:18:50,659 | INFO | Wrote Sales Summary workbook to G:\Support\orderbook\Jayanth\OrderbookAutomation\output\Sales_Summary.xlsx
2026-08-14 00:18:50,796 | INFO | Wrote final POB workbook to G:\Support\orderbook\Jayanth\OrderbookAutomation\output\POB.xlsx
2026-08-14 00:18:50,796 | INFO | Phase 4 completed successfully. Sales Summary saved to G:\Support\orderbook\Jayanth\OrderbookAutomation\output\Sales_Summary.xlsx | POB saved to G:\Support\orderbook\Jayanth\OrderbookAutomation\output\POB.xlsx
2026-08-14 00:18:50,796 | INFO | Phase 1 completed successfully in 1.72 seconds
2026-08-14 00:20:11,261 | INFO | Starting Phase 1 ingestion workflow
2026-08-14 00:20:11,300 | INFO | Application root=G:\Support\orderbook\Jayanth\OrderbookAutomation | input_dir=G:\Support\orderbook\Jayanth
2026-08-14 00:20:11,340 | INFO | Discovery scan | file=07-30_inv.xlsx | sheet=Sheet1 | header_row=0 | header_count=13
2026-08-14 00:20:11,359 | INFO | Discovery scan | file=Awards.xlsx | sheet=Sheet1 | header_row=0 | header_count=7
2026-08-14 00:20:11,372 | INFO | Discovery scan | file=Buying_groups.xlsx | sheet=Sheet1 | header_row=0 | header_count=2
2026-08-14 00:20:11,384 | INFO | Discovery scan | file=CIP.xlsx | sheet=Sheet1 | header_row=0 | header_count=4
2026-08-14 00:20:11,398 | INFO | Discovery scan | file=Mat_Desc,_MOQ_,_Material_#.xlsx | sheet=Sheet1 | header_row=0 | header_count=4
2026-08-14 00:20:11,414 | INFO | Discovery scan | file=Open_Order_Summary.xlsx | sheet=Sheet1 | header_row=3 | header_count=21
2026-08-14 00:20:11,429 | INFO | Discovery scan | file=POB.xlsx | sheet=Sheet1 | header_row=0 | header_count=16
2026-08-14 00:20:11,449 | INFO | Discovery scan | file=raw_OB.xlsx | sheet=UOB | header_row=0 | header_count=34
2026-08-14 00:20:11,460 | INFO | Discovery scan | file=sales_summ.xlsx | sheet=Sheet1 | header_row=0 | header_count=37
2026-08-14 00:20:11,490 | INFO | Discovery scan | file=Strend.xlsx | sheet=Sheet1 | header_row=3 | header_count=66
2026-08-14 00:20:11,490 | WARNING | Skipping unreadable workbook '~$POB.xlsx': [Errno 13] Permission denied: 'G:\\Support\\orderbook\\Jayanth\\~$POB.xlsx'
2026-08-14 00:20:11,490 | INFO | Resolved source 'orderbook' (Orderbook) -> file=raw_OB.xlsx | sheet=UOB
2026-08-14 00:20:11,490 | INFO | Resolved source 'moq' (Material Description / MOQ Master) -> file=Mat_Desc,_MOQ_,_Material_#.xlsx | sheet=Sheet1
2026-08-14 00:20:11,490 | INFO | Resolved source 'inventory' (Daily Inventory) -> file=07-30_inv.xlsx | sheet=Sheet1
2026-08-14 00:20:11,490 | INFO | Resolved source 'open_order_summary' (Open Order Summary) -> file=Open_Order_Summary.xlsx | sheet=Sheet1
2026-08-14 00:20:11,490 | INFO | Resolved source 'buying_groups' (Buying Groups) -> file=Buying_groups.xlsx | sheet=Sheet1
2026-08-14 00:20:11,490 | INFO | Resolved source 'awards' (Awards) -> file=Awards.xlsx | sheet=Sheet1
2026-08-14 00:20:11,490 | INFO | Resolved source 'critical_inventory_tracker' (Critical Inventory Tracker (CIP)) -> file=CIP.xlsx | sheet=Sheet1
2026-08-14 00:20:11,490 | INFO | Resolved source 'sales_summary' (Sales Summary) -> file=sales_summ.xlsx | sheet=Sheet1
2026-08-14 00:20:11,490 | INFO | Resolved source 'sales_trend' (Sales Trend (Strend)) -> file=Strend.xlsx | sheet=Sheet1
2026-08-14 00:20:11,540 | INFO | Loaded workbook=raw_OB.xlsx sheet=UOB rows=8 cols=34
2026-08-14 00:20:11,577 | INFO | Loaded workbook=Mat_Desc,_MOQ_,_Material_#.xlsx sheet=Sheet1 rows=4 cols=4
2026-08-14 00:20:11,592 | INFO | Loaded workbook=07-30_inv.xlsx sheet=Sheet1 rows=16 cols=13
2026-08-14 00:20:11,620 | INFO | Loaded workbook=Open_Order_Summary.xlsx sheet=Sheet1 rows=7 cols=21
2026-08-14 00:20:11,669 | INFO | Loaded workbook=Buying_groups.xlsx sheet=Sheet1 rows=677 cols=2
2026-08-14 00:20:11,700 | INFO | Loaded workbook=Awards.xlsx sheet=Sheet1 rows=129 cols=7
2026-08-14 00:20:11,722 | INFO | Loaded workbook=CIP.xlsx sheet=Sheet1 rows=10 cols=4
2026-08-14 00:20:11,751 | INFO | Loaded workbook=sales_summ.xlsx sheet=Sheet1 rows=1 cols=37
2026-08-14 00:20:11,972 | INFO | Loaded workbook=Strend.xlsx sheet=Sheet1 rows=101 cols=66
2026-08-14 00:20:11,994 | WARNING | EMPTY_COLUMNS | workbook=Orderbook | worksheet=UOB | Completely blank columns: ['Floor limit Blk', 'Multiple of MOQ Blk', 'Expected Price Blk', 'SOM Indc.']
2026-08-14 00:20:11,994 | WARNING | EMPTY_COLUMNS | workbook=Sales Summary | worksheet=Sheet1 | Completely blank columns: ['Action', 'Floor limit Blk', 'Multiple of MOQ Blk', 'Expected Price Blk', 'SOM Indc.']
2026-08-14 00:20:11,994 | WARNING | BLANK_HEADERS | workbook=Sales Trend (Strend) | worksheet=Sheet1 | Blank raw headers found: 3
2026-08-14 00:20:12,012 | INFO | Profiled workbook=raw_OB.xlsx sheet=UOB
2026-08-14 00:20:12,022 | INFO | Profiled workbook=Mat_Desc,_MOQ_,_Material_#.xlsx sheet=Sheet1
2026-08-14 00:20:12,022 | INFO | Profiled workbook=07-30_inv.xlsx sheet=Sheet1
2026-08-14 00:20:12,034 | INFO | Profiled workbook=Open_Order_Summary.xlsx sheet=Sheet1
2026-08-14 00:20:12,042 | INFO | Profiled workbook=Buying_groups.xlsx sheet=Sheet1
2026-08-14 00:20:12,042 | INFO | Profiled workbook=Awards.xlsx sheet=Sheet1
2026-08-14 00:20:12,050 | INFO | Profiled workbook=CIP.xlsx sheet=Sheet1
2026-08-14 00:20:12,062 | INFO | Profiled workbook=sales_summ.xlsx sheet=Sheet1
2026-08-14 00:20:12,090 | INFO | Profiled workbook=Strend.xlsx sheet=Sheet1
2026-08-14 00:20:12,159 | INFO | Wrote Workbook_Profile.xlsx to G:\Support\orderbook\Jayanth\OrderbookAutomation\output\Workbook_Profile.xlsx
2026-08-14 00:20:12,192 | INFO | Wrote data dictionary to G:\Support\orderbook\Jayanth\OrderbookAutomation\docs\DATA_DICTIONARY.md
2026-08-14 00:20:12,199 | INFO | Join key candidate=NDC workbook_count=7 worksheet_count=7 confidence=77.78
2026-08-14 00:20:12,199 | INFO | Join key candidate=Material Number workbook_count=2 worksheet_count=2 confidence=22.22
2026-08-14 00:20:12,199 | INFO | Join key candidate=Customer workbook_count=6 worksheet_count=6 confidence=66.67
2026-08-14 00:20:12,199 | INFO | Join key candidate=Sold-to Party workbook_count=4 worksheet_count=4 confidence=44.44
2026-08-14 00:20:12,199 | INFO | Join key candidate=Lookup workbook_count=4 worksheet_count=4 confidence=44.44
2026-08-14 00:20:12,199 | INFO | Join key candidate=SKU workbook_count=2 worksheet_count=2 confidence=22.22
2026-08-14 00:20:12,199 | INFO | Join key candidate=Sales Order workbook_count=3 worksheet_count=3 confidence=33.33
2026-08-14 00:20:12,199 | INFO | Wrote join key analysis to G:\Support\orderbook\Jayanth\OrderbookAutomation\docs\JOIN_KEY_ANALYSIS.md
2026-08-14 00:20:12,203 | WARNING | Duplicate inventory NDC values detected: 12
2026-08-14 00:20:12,220 | WARNING | Missing inventory for allocated NDC values: 3
2026-08-14 00:20:12,220 | INFO | Derived inventory stats | inventory_rows=4 | allocated_rows=3 | unique_ndcs=7 | missing_inventory=3 | missing_allocations=4
2026-08-14 00:20:12,231 | INFO | Lookup key stats | total_rows=1 | values_normalized=0 | successful_matches=1 | unmatched_records=0 | duplicate_lookup_keys=0
2026-08-14 00:20:12,240 | INFO | MOQ validation stats | total_rows=1 | values_normalized=0 | successful_matches=1 | unmatched_records=0 | duplicate_lookup_keys=0
2026-08-14 00:20:12,272 | INFO | Wrote Phase 2 derived workbook to G:\Support\orderbook\Jayanth\OrderbookAutomation\output\Derived_Data.xlsx
2026-08-14 00:20:12,272 | INFO | Phase 2 completed successfully. Derived workbook saved to G:\Support\orderbook\Jayanth\OrderbookAutomation\output\Derived_Data.xlsx
2026-08-14 00:20:12,300 | INFO | 07-30_inv.xlsx lookup stats | total_rows=8 | values_normalized=0 | successful_matches=4 | unmatched_records=4 | duplicate_lookup_keys=12
2026-08-14 00:20:12,300 | INFO | 07-30_inv.xlsx merged using NDC Code | rows updated=4 | rows missing=3 | duplicate keys=12
2026-08-14 00:20:12,326 | INFO | Open_Order_Summary.xlsx lookup stats | total_rows=8 | values_normalized=0 | successful_matches=0 | unmatched_records=8 | duplicate_lookup_keys=3
2026-08-14 00:20:12,326 | INFO | Open_Order_Summary.xlsx merged using Sold To Party Name | rows updated=0 | rows missing=4 | duplicate keys=3
2026-08-14 00:20:12,350 | INFO | sales_summ.xlsx lookup stats | total_rows=8 | values_normalized=0 | successful_matches=4 | unmatched_records=4 | duplicate_lookup_keys=0
2026-08-14 00:20:12,350 | INFO | sales_summ.xlsx merged using NDC Code | rows updated=4 | rows missing=0 | duplicate keys=0
2026-08-14 00:20:12,379 | INFO | Strend.xlsx lookup stats | total_rows=8 | values_normalized=91 | successful_matches=4 | unmatched_records=0 | duplicate_lookup_keys=0
2026-08-14 00:20:12,380 | INFO | Strend.xlsx merged using Lookup | rows updated=4 | rows missing=100 | duplicate keys=0
2026-08-14 00:20:12,403 | INFO | Buying_groups.xlsx lookup stats | total_rows=8 | values_normalized=10 | successful_matches=0 | unmatched_records=8 | duplicate_lookup_keys=664
2026-08-14 00:20:12,403 | INFO | Buying_groups.xlsx merged using Sold To Party Name to Customer | rows updated=0 | rows missing=11 | duplicate keys=664
2026-08-14 00:20:12,439 | INFO | Awards.xlsx lookup stats | total_rows=8 | values_normalized=95 | successful_matches=0 | unmatched_records=4 | duplicate_lookup_keys=0
2026-08-14 00:20:12,440 | INFO | Awards.xlsx merged using Lookup | rows updated=0 | rows missing=129 | duplicate keys=0
2026-08-14 00:20:12,459 | INFO | CIP.xlsx lookup stats | total_rows=8 | values_normalized=0 | successful_matches=0 | unmatched_records=8 | duplicate_lookup_keys=0
2026-08-14 00:20:12,459 | INFO | CIP.xlsx merged using NDC Code | rows updated=0 | rows missing=10 | duplicate keys=0
2026-08-14 00:20:12,530 | INFO | Saved master workbook to G:\Support\orderbook\Jayanth\OrderbookAutomation\output\Business_Master_Data.xlsx
2026-08-14 00:20:12,530 | INFO | Phase 3 completed successfully. Business Master workbook saved to G:\Support\orderbook\Jayanth\OrderbookAutomation\output\Business_Master_Data.xlsx
2026-08-14 00:20:12,536 | INFO | Determined reporting period from 'PO date': 2026-07
2026-08-14 00:20:12,540 | INFO | Historical sales stats | reporting_period=2026-07 | matched=4 | missing=4 | duplicate_keys=0
2026-08-14 00:20:12,560 | INFO | Phase 4 enrichment stats | ups_inventory_matches=4 | moq_matches=0 | sc_comments_matches=0 | sc_comments_missing=8 | buying_group_missing=8 | award_missing=8
2026-08-14 00:20:12,564 | INFO | Business rules applied | controlled_products=0 | price_issues=0 | moq_issues=8 | low_ups_inventory=0
2026-08-14 00:20:12,573 | INFO | Historical sales merge stats | matched=4 | missing=4
2026-08-14 00:20:12,580 | INFO | Sales Summary aggregation stats | rows=2 | unique_lookups=1 | duplicate_lookups=0
2026-08-14 00:20:12,629 | INFO | Wrote Sales Summary workbook to G:\Support\orderbook\Jayanth\OrderbookAutomation\output\Sales_Summary.xlsx
2026-08-14 00:20:12,761 | INFO | Wrote final POB workbook to G:\Support\orderbook\Jayanth\OrderbookAutomation\output\POB.xlsx
2026-08-14 00:20:12,761 | INFO | Phase 4 completed successfully. Sales Summary saved to G:\Support\orderbook\Jayanth\OrderbookAutomation\output\Sales_Summary.xlsx | POB saved to G:\Support\orderbook\Jayanth\OrderbookAutomation\output\POB.xlsx
2026-08-14 00:20:12,761 | INFO | Phase 1 completed successfully in 1.50 seconds
2026-08-14 00:33:29,512 | INFO | Starting Phase 1 ingestion workflow
2026-08-14 00:33:29,513 | INFO | Application root=G:\Support\orderbook\Jayanth\OrderbookAutomation | input_dir=G:\Support\orderbook\Jayanth
2026-08-14 00:33:29,530 | INFO | Discovery scan | file=07-30_inv.xlsx | sheet=Sheet1 | header_row=0 | header_count=13
2026-08-14 00:33:29,548 | INFO | Discovery scan | file=Awards.xlsx | sheet=Sheet1 | header_row=0 | header_count=7
2026-08-14 00:33:29,565 | INFO | Discovery scan | file=Buying_groups.xlsx | sheet=Sheet1 | header_row=0 | header_count=2
2026-08-14 00:33:29,584 | INFO | Discovery scan | file=CIP.xlsx | sheet=Sheet1 | header_row=0 | header_count=4
2026-08-14 00:33:29,596 | INFO | Discovery scan | file=Mat_Desc,_MOQ_,_Material_#.xlsx | sheet=Sheet1 | header_row=0 | header_count=4
2026-08-14 00:33:29,612 | INFO | Discovery scan | file=Open_Order_Summary.xlsx | sheet=Sheet1 | header_row=3 | header_count=21
2026-08-14 00:33:29,614 | INFO | Discovery scan | file=POB.xlsx | sheet=Sheet1 | header_row=0 | header_count=16
2026-08-14 00:33:29,645 | INFO | Discovery scan | file=raw_OB.xlsx | sheet=UOB | header_row=0 | header_count=34
2026-08-14 00:33:29,647 | INFO | Discovery scan | file=sales_summ.xlsx | sheet=Sheet1 | header_row=0 | header_count=37
2026-08-14 00:33:29,697 | INFO | Discovery scan | file=sampo.xlsx | sheet=Orderbook | header_row=0 | header_count=37
2026-08-14 00:33:29,713 | INFO | Discovery scan | file=sampo.xlsx | sheet=Summary | header_row=0 | header_count=16
2026-08-14 00:33:29,747 | INFO | Discovery scan | file=Strend.xlsx | sheet=Sheet1 | header_row=3 | header_count=66
2026-08-14 00:33:29,747 | WARNING | Skipping unreadable workbook '~$sampo.xlsx': [Errno 13] Permission denied: 'G:\\Support\\orderbook\\Jayanth\\~$sampo.xlsx'
2026-08-14 00:33:29,747 | INFO | Resolved source 'orderbook' (Orderbook) -> file=raw_OB.xlsx | sheet=UOB
2026-08-14 00:33:29,747 | INFO | Resolved source 'moq' (Material Description / MOQ Master) -> file=Mat_Desc,_MOQ_,_Material_#.xlsx | sheet=Sheet1
2026-08-14 00:33:29,747 | INFO | Resolved source 'inventory' (Daily Inventory) -> file=07-30_inv.xlsx | sheet=Sheet1
2026-08-14 00:33:29,747 | INFO | Resolved source 'open_order_summary' (Open Order Summary) -> file=Open_Order_Summary.xlsx | sheet=Sheet1
2026-08-14 00:33:29,747 | INFO | Resolved source 'buying_groups' (Buying Groups) -> file=Buying_groups.xlsx | sheet=Sheet1
2026-08-14 00:33:29,747 | INFO | Resolved source 'awards' (Awards) -> file=Awards.xlsx | sheet=Sheet1
2026-08-14 00:33:29,747 | INFO | Resolved source 'critical_inventory_tracker' (Critical Inventory Tracker (CIP)) -> file=CIP.xlsx | sheet=Sheet1
2026-08-14 00:33:29,747 | INFO | Resolved source 'sales_summary' (Sales Summary) -> file=sales_summ.xlsx | sheet=Sheet1
2026-08-14 00:33:29,747 | INFO | Resolved source 'sales_trend' (Sales Trend (Strend)) -> file=Strend.xlsx | sheet=Sheet1
2026-08-14 00:33:29,797 | INFO | Loaded workbook=raw_OB.xlsx sheet=UOB rows=8 cols=34
2026-08-14 00:33:29,814 | INFO | Loaded workbook=Mat_Desc,_MOQ_,_Material_#.xlsx sheet=Sheet1 rows=4 cols=4
2026-08-14 00:33:29,830 | INFO | Loaded workbook=07-30_inv.xlsx sheet=Sheet1 rows=16 cols=13
2026-08-14 00:33:29,847 | INFO | Loaded workbook=Open_Order_Summary.xlsx sheet=Sheet1 rows=7 cols=21
2026-08-14 00:33:29,897 | INFO | Loaded workbook=Buying_groups.xlsx sheet=Sheet1 rows=677 cols=2
2026-08-14 00:33:29,930 | INFO | Loaded workbook=Awards.xlsx sheet=Sheet1 rows=129 cols=7
2026-08-14 00:33:29,947 | INFO | Loaded workbook=CIP.xlsx sheet=Sheet1 rows=10 cols=4
2026-08-14 00:33:29,964 | INFO | Loaded workbook=sales_summ.xlsx sheet=Sheet1 rows=1 cols=37
2026-08-14 00:33:30,145 | INFO | Loaded workbook=Strend.xlsx sheet=Sheet1 rows=101 cols=66
2026-08-14 00:33:30,164 | WARNING | EMPTY_COLUMNS | workbook=Orderbook | worksheet=UOB | Completely blank columns: ['Floor limit Blk', 'Multiple of MOQ Blk', 'Expected Price Blk', 'SOM Indc.']
2026-08-14 00:33:30,164 | WARNING | EMPTY_COLUMNS | workbook=Sales Summary | worksheet=Sheet1 | Completely blank columns: ['Action', 'Floor limit Blk', 'Multiple of MOQ Blk', 'Expected Price Blk', 'SOM Indc.']
2026-08-14 00:33:30,164 | WARNING | BLANK_HEADERS | workbook=Sales Trend (Strend) | worksheet=Sheet1 | Blank raw headers found: 3
2026-08-14 00:33:30,180 | INFO | Profiled workbook=raw_OB.xlsx sheet=UOB
2026-08-14 00:33:30,180 | INFO | Profiled workbook=Mat_Desc,_MOQ_,_Material_#.xlsx sheet=Sheet1
2026-08-14 00:33:30,197 | INFO | Profiled workbook=07-30_inv.xlsx sheet=Sheet1
2026-08-14 00:33:30,197 | INFO | Profiled workbook=Open_Order_Summary.xlsx sheet=Sheet1
2026-08-14 00:33:30,197 | INFO | Profiled workbook=Buying_groups.xlsx sheet=Sheet1
2026-08-14 00:33:30,197 | INFO | Profiled workbook=Awards.xlsx sheet=Sheet1
2026-08-14 00:33:30,213 | INFO | Profiled workbook=CIP.xlsx sheet=Sheet1
2026-08-14 00:33:30,214 | INFO | Profiled workbook=sales_summ.xlsx sheet=Sheet1
2026-08-14 00:33:30,247 | INFO | Profiled workbook=Strend.xlsx sheet=Sheet1
2026-08-14 00:33:30,297 | INFO | Wrote Workbook_Profile.xlsx to G:\Support\orderbook\Jayanth\OrderbookAutomation\output\Workbook_Profile.xlsx
2026-08-14 00:33:30,330 | INFO | Wrote data dictionary to G:\Support\orderbook\Jayanth\OrderbookAutomation\docs\DATA_DICTIONARY.md
2026-08-14 00:33:30,330 | INFO | Join key candidate=NDC workbook_count=7 worksheet_count=7 confidence=77.78
2026-08-14 00:33:30,330 | INFO | Join key candidate=Material Number workbook_count=2 worksheet_count=2 confidence=22.22
2026-08-14 00:33:30,330 | INFO | Join key candidate=Customer workbook_count=6 worksheet_count=6 confidence=66.67
2026-08-14 00:33:30,330 | INFO | Join key candidate=Sold-to Party workbook_count=4 worksheet_count=4 confidence=44.44
2026-08-14 00:33:30,330 | INFO | Join key candidate=Lookup workbook_count=4 worksheet_count=4 confidence=44.44
2026-08-14 00:33:30,330 | INFO | Join key candidate=SKU workbook_count=2 worksheet_count=2 confidence=22.22
2026-08-14 00:33:30,330 | INFO | Join key candidate=Sales Order workbook_count=3 worksheet_count=3 confidence=33.33
2026-08-14 00:33:30,330 | INFO | Wrote join key analysis to G:\Support\orderbook\Jayanth\OrderbookAutomation\docs\JOIN_KEY_ANALYSIS.md
2026-08-14 00:33:30,348 | WARNING | Duplicate inventory NDC values detected: 12
2026-08-14 00:33:30,363 | WARNING | Missing inventory for allocated NDC values: 3
2026-08-14 00:33:30,364 | INFO | Derived inventory stats | inventory_rows=4 | allocated_rows=3 | unique_ndcs=7 | missing_inventory=3 | missing_allocations=4
2026-08-14 00:33:30,364 | INFO | Lookup key stats | total_rows=1 | values_normalized=0 | successful_matches=1 | unmatched_records=0 | duplicate_lookup_keys=0
2026-08-14 00:33:30,380 | INFO | MOQ validation stats | total_rows=1 | values_normalized=0 | successful_matches=1 | unmatched_records=0 | duplicate_lookup_keys=0
2026-08-14 00:33:30,420 | INFO | Wrote Phase 2 derived workbook to G:\Support\orderbook\Jayanth\OrderbookAutomation\output\Derived_Data.xlsx
2026-08-14 00:33:30,420 | INFO | Phase 2 completed successfully. Derived workbook saved to G:\Support\orderbook\Jayanth\OrderbookAutomation\output\Derived_Data.xlsx
2026-08-14 00:33:30,447 | INFO | 07-30_inv.xlsx lookup stats | total_rows=8 | values_normalized=0 | successful_matches=4 | unmatched_records=4 | duplicate_lookup_keys=12
2026-08-14 00:33:30,447 | INFO | 07-30_inv.xlsx merged using NDC Code | rows updated=4 | rows missing=3 | duplicate keys=12
2026-08-14 00:33:30,479 | INFO | Open_Order_Summary.xlsx lookup stats | total_rows=8 | values_normalized=0 | successful_matches=0 | unmatched_records=8 | duplicate_lookup_keys=3
2026-08-14 00:33:30,479 | INFO | Open_Order_Summary.xlsx merged using Sold To Party Name | rows updated=0 | rows missing=4 | duplicate keys=3
2026-08-14 00:33:30,497 | INFO | sales_summ.xlsx lookup stats | total_rows=8 | values_normalized=0 | successful_matches=4 | unmatched_records=4 | duplicate_lookup_keys=0
2026-08-14 00:33:30,497 | INFO | sales_summ.xlsx merged using NDC Code | rows updated=4 | rows missing=0 | duplicate keys=0
2026-08-14 00:33:30,514 | INFO | Strend.xlsx lookup stats | total_rows=8 | values_normalized=91 | successful_matches=4 | unmatched_records=0 | duplicate_lookup_keys=0
2026-08-14 00:33:30,514 | INFO | Strend.xlsx merged using Lookup | rows updated=4 | rows missing=100 | duplicate keys=0
2026-08-14 00:33:30,546 | INFO | Buying_groups.xlsx lookup stats | total_rows=8 | values_normalized=10 | successful_matches=0 | unmatched_records=8 | duplicate_lookup_keys=664
2026-08-14 00:33:30,546 | INFO | Buying_groups.xlsx merged using Sold To Party Name to Customer | rows updated=0 | rows missing=11 | duplicate keys=664
2026-08-14 00:33:30,564 | INFO | Awards.xlsx lookup stats | total_rows=8 | values_normalized=95 | successful_matches=0 | unmatched_records=4 | duplicate_lookup_keys=0
2026-08-14 00:33:30,564 | INFO | Awards.xlsx merged using Lookup | rows updated=0 | rows missing=129 | duplicate keys=0
2026-08-14 00:33:30,580 | INFO | CIP.xlsx lookup stats | total_rows=8 | values_normalized=0 | successful_matches=0 | unmatched_records=8 | duplicate_lookup_keys=0
2026-08-14 00:33:30,580 | INFO | CIP.xlsx merged using NDC Code | rows updated=0 | rows missing=10 | duplicate keys=0
2026-08-14 00:33:30,647 | INFO | Saved master workbook to G:\Support\orderbook\Jayanth\OrderbookAutomation\output\Business_Master_Data.xlsx
2026-08-14 00:33:30,647 | INFO | Phase 3 completed successfully. Business Master workbook saved to G:\Support\orderbook\Jayanth\OrderbookAutomation\output\Business_Master_Data.xlsx
2026-08-14 00:33:30,647 | INFO | Determined reporting period from 'PO date': 2026-07
2026-08-14 00:33:30,662 | INFO | Historical sales stats | reporting_period=2026-07 | matched=4 | missing=4 | duplicate_keys=0
2026-08-14 00:33:30,679 | INFO | Phase 4 enrichment stats | ups_inventory_matches=4 | moq_matches=0 | sc_comments_matches=0 | sc_comments_missing=8 | buying_group_missing=8 | award_missing=8
2026-08-14 00:33:30,680 | INFO | Business rules applied | controlled_products=0 | price_issues=0 | moq_issues=8 | low_ups_inventory=0
2026-08-14 00:33:30,680 | INFO | Historical sales merge stats | matched=4 | missing=4
2026-08-14 00:33:30,696 | INFO | Sales Summary aggregation stats | rows=2 | unique_lookups=1 | duplicate_lookups=0
2026-08-14 00:33:30,730 | INFO | Wrote Sales Summary workbook to G:\Support\orderbook\Jayanth\OrderbookAutomation\output\Sales_Summary.xlsx
2026-08-14 00:33:30,730 | INFO | Orderbook grain validation passed | master_rows=8 | orderbook_rows=8 | dropped_records=0
2026-08-14 00:33:30,814 | INFO | Wrote final POB workbook to G:\Support\orderbook\Jayanth\OrderbookAutomation\output\POB.xlsx
2026-08-14 00:33:30,814 | INFO | Phase 4 completed successfully. Sales Summary saved to G:\Support\orderbook\Jayanth\OrderbookAutomation\output\Sales_Summary.xlsx | POB saved to G:\Support\orderbook\Jayanth\OrderbookAutomation\output\POB.xlsx
2026-08-14 00:33:30,814 | INFO | Phase 1 completed successfully in 1.32 seconds
2026-08-14 00:34:57,181 | INFO | Starting Phase 1 ingestion workflow
2026-08-14 00:34:57,181 | INFO | Application root=G:\Support\orderbook\Jayanth\OrderbookAutomation | input_dir=G:\Support\orderbook\Jayanth
2026-08-14 00:34:57,213 | INFO | Discovery scan | file=07-30_inv.xlsx | sheet=Sheet1 | header_row=0 | header_count=13
2026-08-14 00:34:57,228 | INFO | Discovery scan | file=Awards.xlsx | sheet=Sheet1 | header_row=0 | header_count=7
2026-08-14 00:34:57,307 | INFO | Discovery scan | file=Buying_groups.xlsx | sheet=Sheet1 | header_row=0 | header_count=2
2026-08-14 00:34:57,307 | INFO | Discovery scan | file=CIP.xlsx | sheet=Sheet1 | header_row=0 | header_count=4
2026-08-14 00:34:57,322 | INFO | Discovery scan | file=Mat_Desc,_MOQ_,_Material_#.xlsx | sheet=Sheet1 | header_row=0 | header_count=4
2026-08-14 00:34:57,354 | INFO | Discovery scan | file=Open_Order_Summary.xlsx | sheet=Sheet1 | header_row=3 | header_count=21
2026-08-14 00:34:57,369 | INFO | Discovery scan | file=POB.xlsx | sheet=Sheet1 | header_row=0 | header_count=16
2026-08-14 00:34:57,405 | INFO | Discovery scan | file=raw_OB.xlsx | sheet=UOB | header_row=0 | header_count=34
2026-08-14 00:34:57,416 | INFO | Discovery scan | file=sales_summ.xlsx | sheet=Sheet1 | header_row=0 | header_count=37
2026-08-14 00:34:57,472 | INFO | Discovery scan | file=sampo.xlsx | sheet=Orderbook | header_row=0 | header_count=37
2026-08-14 00:34:57,487 | INFO | Discovery scan | file=sampo.xlsx | sheet=Summary | header_row=0 | header_count=16
2026-08-14 00:34:57,543 | INFO | Discovery scan | file=Strend.xlsx | sheet=Sheet1 | header_row=3 | header_count=66
2026-08-14 00:34:57,543 | WARNING | Skipping unreadable workbook '~$sampo.xlsx': [Errno 13] Permission denied: 'G:\\Support\\orderbook\\Jayanth\\~$sampo.xlsx'
2026-08-14 00:34:57,543 | INFO | Resolved source 'orderbook' (Orderbook) -> file=raw_OB.xlsx | sheet=UOB
2026-08-14 00:34:57,543 | INFO | Resolved source 'moq' (Material Description / MOQ Master) -> file=Mat_Desc,_MOQ_,_Material_#.xlsx | sheet=Sheet1
2026-08-14 00:34:57,543 | INFO | Resolved source 'inventory' (Daily Inventory) -> file=07-30_inv.xlsx | sheet=Sheet1
2026-08-14 00:34:57,543 | INFO | Resolved source 'open_order_summary' (Open Order Summary) -> file=Open_Order_Summary.xlsx | sheet=Sheet1
2026-08-14 00:34:57,543 | INFO | Resolved source 'buying_groups' (Buying Groups) -> file=Buying_groups.xlsx | sheet=Sheet1
2026-08-14 00:34:57,543 | INFO | Resolved source 'awards' (Awards) -> file=Awards.xlsx | sheet=Sheet1
2026-08-14 00:34:57,543 | INFO | Resolved source 'critical_inventory_tracker' (Critical Inventory Tracker (CIP)) -> file=CIP.xlsx | sheet=Sheet1
2026-08-14 00:34:57,543 | INFO | Resolved source 'sales_summary' (Sales Summary) -> file=sales_summ.xlsx | sheet=Sheet1
2026-08-14 00:34:57,543 | INFO | Resolved source 'sales_trend' (Sales Trend (Strend)) -> file=Strend.xlsx | sheet=Sheet1
2026-08-14 00:34:57,558 | INFO | Loaded workbook=raw_OB.xlsx sheet=UOB rows=8 cols=34
2026-08-14 00:34:57,574 | INFO | Loaded workbook=Mat_Desc,_MOQ_,_Material_#.xlsx sheet=Sheet1 rows=4 cols=4
2026-08-14 00:34:57,606 | INFO | Loaded workbook=07-30_inv.xlsx sheet=Sheet1 rows=16 cols=13
2026-08-14 00:34:57,637 | INFO | Loaded workbook=Open_Order_Summary.xlsx sheet=Sheet1 rows=7 cols=21
2026-08-14 00:34:57,684 | INFO | Loaded workbook=Buying_groups.xlsx sheet=Sheet1 rows=677 cols=2
2026-08-14 00:34:57,715 | INFO | Loaded workbook=Awards.xlsx sheet=Sheet1 rows=129 cols=7
2026-08-14 00:34:57,731 | INFO | Loaded workbook=CIP.xlsx sheet=Sheet1 rows=10 cols=4
2026-08-14 00:34:57,747 | INFO | Loaded workbook=sales_summ.xlsx sheet=Sheet1 rows=1 cols=37
2026-08-14 00:34:57,962 | INFO | Loaded workbook=Strend.xlsx sheet=Sheet1 rows=101 cols=66
2026-08-14 00:34:57,978 | WARNING | EMPTY_COLUMNS | workbook=Orderbook | worksheet=UOB | Completely blank columns: ['Floor limit Blk', 'Multiple of MOQ Blk', 'Expected Price Blk', 'SOM Indc.']
2026-08-14 00:34:57,978 | WARNING | EMPTY_COLUMNS | workbook=Sales Summary | worksheet=Sheet1 | Completely blank columns: ['Action', 'Floor limit Blk', 'Multiple of MOQ Blk', 'Expected Price Blk', 'SOM Indc.']
2026-08-14 00:34:57,978 | WARNING | BLANK_HEADERS | workbook=Sales Trend (Strend) | worksheet=Sheet1 | Blank raw headers found: 3
2026-08-14 00:34:57,978 | INFO | Profiled workbook=raw_OB.xlsx sheet=UOB
2026-08-14 00:34:57,993 | INFO | Profiled workbook=Mat_Desc,_MOQ_,_Material_#.xlsx sheet=Sheet1
2026-08-14 00:34:57,993 | INFO | Profiled workbook=07-30_inv.xlsx sheet=Sheet1
2026-08-14 00:34:58,005 | INFO | Profiled workbook=Open_Order_Summary.xlsx sheet=Sheet1
2026-08-14 00:34:58,009 | INFO | Profiled workbook=Buying_groups.xlsx sheet=Sheet1
2026-08-14 00:34:58,009 | INFO | Profiled workbook=Awards.xlsx sheet=Sheet1
2026-08-14 00:34:58,009 | INFO | Profiled workbook=CIP.xlsx sheet=Sheet1
2026-08-14 00:34:58,025 | INFO | Profiled workbook=sales_summ.xlsx sheet=Sheet1
2026-08-14 00:34:58,059 | INFO | Profiled workbook=Strend.xlsx sheet=Sheet1
2026-08-14 00:34:58,105 | INFO | Wrote Workbook_Profile.xlsx to G:\Support\orderbook\Jayanth\OrderbookAutomation\output\Workbook_Profile.xlsx
2026-08-14 00:34:58,137 | INFO | Wrote data dictionary to G:\Support\orderbook\Jayanth\OrderbookAutomation\docs\DATA_DICTIONARY.md
2026-08-14 00:34:58,137 | INFO | Join key candidate=NDC workbook_count=7 worksheet_count=7 confidence=77.78
2026-08-14 00:34:58,137 | INFO | Join key candidate=Material Number workbook_count=2 worksheet_count=2 confidence=22.22
2026-08-14 00:34:58,137 | INFO | Join key candidate=Customer workbook_count=6 worksheet_count=6 confidence=66.67
2026-08-14 00:34:58,137 | INFO | Join key candidate=Sold-to Party workbook_count=4 worksheet_count=4 confidence=44.44
2026-08-14 00:34:58,137 | INFO | Join key candidate=Lookup workbook_count=4 worksheet_count=4 confidence=44.44
2026-08-14 00:34:58,137 | INFO | Join key candidate=SKU workbook_count=2 worksheet_count=2 confidence=22.22
2026-08-14 00:34:58,137 | INFO | Join key candidate=Sales Order workbook_count=3 worksheet_count=3 confidence=33.33
2026-08-14 00:34:58,137 | INFO | Wrote join key analysis to G:\Support\orderbook\Jayanth\OrderbookAutomation\docs\JOIN_KEY_ANALYSIS.md
2026-08-14 00:34:58,137 | WARNING | Duplicate inventory NDC values detected: 12
2026-08-14 00:34:58,152 | WARNING | Missing inventory for allocated NDC values: 3
2026-08-14 00:34:58,152 | INFO | Derived inventory stats | inventory_rows=4 | allocated_rows=3 | unique_ndcs=7 | missing_inventory=3 | missing_allocations=4
2026-08-14 00:34:58,152 | INFO | Lookup key stats | total_rows=1 | values_normalized=0 | successful_matches=1 | unmatched_records=0 | duplicate_lookup_keys=0
2026-08-14 00:34:58,168 | INFO | MOQ validation stats | total_rows=1 | values_normalized=0 | successful_matches=1 | unmatched_records=0 | duplicate_lookup_keys=0
2026-08-14 00:34:58,199 | INFO | Wrote Phase 2 derived workbook to G:\Support\orderbook\Jayanth\OrderbookAutomation\output\Derived_Data.xlsx
2026-08-14 00:34:58,199 | INFO | Phase 2 completed successfully. Derived workbook saved to G:\Support\orderbook\Jayanth\OrderbookAutomation\output\Derived_Data.xlsx
2026-08-14 00:34:58,215 | INFO | 07-30_inv.xlsx lookup stats | total_rows=8 | values_normalized=0 | successful_matches=4 | unmatched_records=4 | duplicate_lookup_keys=12
2026-08-14 00:34:58,215 | INFO | 07-30_inv.xlsx merged using NDC Code | rows updated=4 | rows missing=3 | duplicate keys=12
2026-08-14 00:34:58,247 | INFO | Open_Order_Summary.xlsx lookup stats | total_rows=8 | values_normalized=0 | successful_matches=0 | unmatched_records=8 | duplicate_lookup_keys=3
2026-08-14 00:34:58,247 | INFO | Open_Order_Summary.xlsx merged using Sold To Party Name | rows updated=0 | rows missing=4 | duplicate keys=3
2026-08-14 00:34:58,262 | INFO | sales_summ.xlsx lookup stats | total_rows=8 | values_normalized=0 | successful_matches=4 | unmatched_records=4 | duplicate_lookup_keys=0
2026-08-14 00:34:58,262 | INFO | sales_summ.xlsx merged using NDC Code | rows updated=4 | rows missing=0 | duplicate keys=0
2026-08-14 00:34:58,278 | INFO | Strend.xlsx lookup stats | total_rows=8 | values_normalized=91 | successful_matches=4 | unmatched_records=0 | duplicate_lookup_keys=0
2026-08-14 00:34:58,278 | INFO | Strend.xlsx merged using Lookup | rows updated=4 | rows missing=100 | duplicate keys=0
2026-08-14 00:34:58,310 | INFO | Buying_groups.xlsx lookup stats | total_rows=8 | values_normalized=10 | successful_matches=0 | unmatched_records=8 | duplicate_lookup_keys=664
2026-08-14 00:34:58,310 | INFO | Buying_groups.xlsx merged using Sold To Party Name to Customer | rows updated=0 | rows missing=11 | duplicate keys=664
2026-08-14 00:34:58,325 | INFO | Awards.xlsx lookup stats | total_rows=8 | values_normalized=95 | successful_matches=0 | unmatched_records=4 | duplicate_lookup_keys=0
2026-08-14 00:34:58,325 | INFO | Awards.xlsx merged using Lookup | rows updated=0 | rows missing=129 | duplicate keys=0
2026-08-14 00:34:58,341 | INFO | CIP.xlsx lookup stats | total_rows=8 | values_normalized=0 | successful_matches=0 | unmatched_records=8 | duplicate_lookup_keys=0
2026-08-14 00:34:58,341 | INFO | CIP.xlsx merged using NDC Code | rows updated=0 | rows missing=10 | duplicate keys=0
2026-08-14 00:34:58,414 | INFO | Saved master workbook to G:\Support\orderbook\Jayanth\OrderbookAutomation\output\Business_Master_Data.xlsx
2026-08-14 00:34:58,414 | INFO | Phase 3 completed successfully. Business Master workbook saved to G:\Support\orderbook\Jayanth\OrderbookAutomation\output\Business_Master_Data.xlsx
2026-08-14 00:34:58,414 | INFO | Determined reporting period from 'PO date': 2026-07
2026-08-14 00:34:58,414 | INFO | Historical sales stats | reporting_period=2026-07 | matched=4 | missing=4 | duplicate_keys=0
2026-08-14 00:34:58,429 | INFO | Phase 4 enrichment stats | ups_inventory_matches=4 | moq_matches=0 | sc_comments_matches=0 | sc_comments_missing=8 | buying_group_missing=8 | award_missing=8
2026-08-14 00:34:58,429 | INFO | Business rules applied | controlled_products=0 | price_issues=0 | moq_issues=8 | low_ups_inventory=0
2026-08-14 00:34:58,445 | INFO | Historical sales merge stats | matched=4 | missing=4
2026-08-14 00:34:58,445 | INFO | Sales Summary aggregation stats | rows=2 | unique_lookups=1 | duplicate_lookups=0
2026-08-14 00:34:58,476 | INFO | Wrote Sales Summary workbook to G:\Support\orderbook\Jayanth\OrderbookAutomation\output\Sales_Summary.xlsx
2026-08-14 00:34:58,476 | INFO | Orderbook grain validation passed | master_rows=8 | orderbook_rows=8 | dropped_records=0
2026-08-14 00:34:58,539 | INFO | Wrote final POB workbook to G:\Support\orderbook\Jayanth\OrderbookAutomation\output\POB.xlsx
2026-08-14 00:34:58,539 | INFO | Phase 4 completed successfully. Sales Summary saved to G:\Support\orderbook\Jayanth\OrderbookAutomation\output\Sales_Summary.xlsx | POB saved to G:\Support\orderbook\Jayanth\OrderbookAutomation\output\POB.xlsx
2026-08-14 00:34:58,539 | INFO | Phase 1 completed successfully in 1.36 seconds
2026-08-14 00:40:24,907 | INFO | Starting Phase 1 ingestion workflow
2026-08-14 00:40:24,907 | INFO | Application root=G:\Support\orderbook\Jayanth\OrderbookAutomation | input_dir=G:\Support\orderbook\Jayanth
2026-08-14 00:40:24,923 | INFO | Discovery scan | file=07-30_inv.xlsx | sheet=Sheet1 | header_row=0 | header_count=13
2026-08-14 00:40:24,938 | INFO | Discovery scan | file=Awards.xlsx | sheet=Sheet1 | header_row=0 | header_count=7
2026-08-14 00:40:24,959 | INFO | Discovery scan | file=Buying_groups.xlsx | sheet=Sheet1 | header_row=0 | header_count=2
2026-08-14 00:40:24,970 | INFO | Discovery scan | file=CIP.xlsx | sheet=Sheet1 | header_row=0 | header_count=4
2026-08-14 00:40:24,970 | INFO | Discovery scan | file=Mat_Desc,_MOQ_,_Material_#.xlsx | sheet=Sheet1 | header_row=0 | header_count=4
2026-08-14 00:40:25,001 | INFO | Discovery scan | file=Open_Order_Summary.xlsx | sheet=Sheet1 | header_row=3 | header_count=21
2026-08-14 00:40:25,001 | INFO | Discovery scan | file=POB.xlsx | sheet=Sheet1 | header_row=0 | header_count=16
2026-08-14 00:40:25,032 | INFO | Discovery scan | file=raw_OB.xlsx | sheet=UOB | header_row=0 | header_count=34
2026-08-14 00:40:25,032 | INFO | Discovery scan | file=sales_summ.xlsx | sheet=Sheet1 | header_row=0 | header_count=37
2026-08-14 00:40:25,080 | INFO | Discovery scan | file=sampo.xlsx | sheet=Orderbook | header_row=0 | header_count=37
2026-08-14 00:40:25,111 | INFO | Discovery scan | file=sampo.xlsx | sheet=Summary | header_row=0 | header_count=16
2026-08-14 00:40:25,141 | INFO | Discovery scan | file=Strend.xlsx | sheet=Sheet1 | header_row=3 | header_count=66
2026-08-14 00:40:25,141 | WARNING | Skipping unreadable workbook '~$sampo.xlsx': [Errno 13] Permission denied: 'G:\\Support\\orderbook\\Jayanth\\~$sampo.xlsx'
2026-08-14 00:40:25,141 | INFO | Resolved source 'orderbook' (Orderbook) -> file=raw_OB.xlsx | sheet=UOB
2026-08-14 00:40:25,141 | INFO | Resolved source 'moq' (Material Description / MOQ Master) -> file=Mat_Desc,_MOQ_,_Material_#.xlsx | sheet=Sheet1
2026-08-14 00:40:25,141 | INFO | Resolved source 'inventory' (Daily Inventory) -> file=07-30_inv.xlsx | sheet=Sheet1
2026-08-14 00:40:25,141 | INFO | Resolved source 'open_order_summary' (Open Order Summary) -> file=Open_Order_Summary.xlsx | sheet=Sheet1
2026-08-14 00:40:25,141 | INFO | Resolved source 'buying_groups' (Buying Groups) -> file=Buying_groups.xlsx | sheet=Sheet1
2026-08-14 00:40:25,141 | INFO | Resolved source 'awards' (Awards) -> file=Awards.xlsx | sheet=Sheet1
2026-08-14 00:40:25,141 | INFO | Resolved source 'critical_inventory_tracker' (Critical Inventory Tracker (CIP)) -> file=CIP.xlsx | sheet=Sheet1
2026-08-14 00:40:25,141 | INFO | Resolved source 'sales_summary' (Sales Summary) -> file=sales_summ.xlsx | sheet=Sheet1
2026-08-14 00:40:25,141 | INFO | Resolved source 'sales_trend' (Sales Trend (Strend)) -> file=Strend.xlsx | sheet=Sheet1
2026-08-14 00:40:25,160 | INFO | Loaded workbook=raw_OB.xlsx sheet=UOB rows=8 cols=34
2026-08-14 00:40:25,172 | INFO | Loaded workbook=Mat_Desc,_MOQ_,_Material_#.xlsx sheet=Sheet1 rows=4 cols=4
2026-08-14 00:40:25,188 | INFO | Loaded workbook=07-30_inv.xlsx sheet=Sheet1 rows=16 cols=13
2026-08-14 00:40:25,220 | INFO | Loaded workbook=Open_Order_Summary.xlsx sheet=Sheet1 rows=7 cols=21
2026-08-14 00:40:25,260 | INFO | Loaded workbook=Buying_groups.xlsx sheet=Sheet1 rows=677 cols=2
2026-08-14 00:40:25,299 | INFO | Loaded workbook=Awards.xlsx sheet=Sheet1 rows=129 cols=7
2026-08-14 00:40:25,315 | INFO | Loaded workbook=CIP.xlsx sheet=Sheet1 rows=10 cols=4
2026-08-14 00:40:25,331 | INFO | Loaded workbook=sales_summ.xlsx sheet=Sheet1 rows=1 cols=37
2026-08-14 00:40:25,593 | INFO | Loaded workbook=Strend.xlsx sheet=Sheet1 rows=101 cols=66
2026-08-14 00:40:25,626 | WARNING | EMPTY_COLUMNS | workbook=Orderbook | worksheet=UOB | Completely blank columns: ['Floor limit Blk', 'Multiple of MOQ Blk', 'Expected Price Blk', 'SOM Indc.']
2026-08-14 00:40:25,626 | WARNING | EMPTY_COLUMNS | workbook=Sales Summary | worksheet=Sheet1 | Completely blank columns: ['Action', 'Floor limit Blk', 'Multiple of MOQ Blk', 'Expected Price Blk', 'SOM Indc.']
2026-08-14 00:40:25,626 | WARNING | BLANK_HEADERS | workbook=Sales Trend (Strend) | worksheet=Sheet1 | Blank raw headers found: 3
2026-08-14 00:40:25,644 | INFO | Profiled workbook=raw_OB.xlsx sheet=UOB
2026-08-14 00:40:25,644 | INFO | Profiled workbook=Mat_Desc,_MOQ_,_Material_#.xlsx sheet=Sheet1
2026-08-14 00:40:25,661 | INFO | Profiled workbook=07-30_inv.xlsx sheet=Sheet1
2026-08-14 00:40:25,661 | INFO | Profiled workbook=Open_Order_Summary.xlsx sheet=Sheet1
2026-08-14 00:40:25,676 | INFO | Profiled workbook=Buying_groups.xlsx sheet=Sheet1
2026-08-14 00:40:25,676 | INFO | Profiled workbook=Awards.xlsx sheet=Sheet1
2026-08-14 00:40:25,676 | INFO | Profiled workbook=CIP.xlsx sheet=Sheet1
2026-08-14 00:40:25,691 | INFO | Profiled workbook=sales_summ.xlsx sheet=Sheet1
2026-08-14 00:40:25,723 | INFO | Profiled workbook=Strend.xlsx sheet=Sheet1
2026-08-14 00:40:25,788 | INFO | Wrote Workbook_Profile.xlsx to G:\Support\orderbook\Jayanth\OrderbookAutomation\output\Workbook_Profile.xlsx
2026-08-14 00:40:25,846 | INFO | Wrote data dictionary to G:\Support\orderbook\Jayanth\OrderbookAutomation\docs\DATA_DICTIONARY.md
2026-08-14 00:40:25,853 | INFO | Join key candidate=NDC workbook_count=7 worksheet_count=7 confidence=77.78
2026-08-14 00:40:25,854 | INFO | Join key candidate=Material Number workbook_count=2 worksheet_count=2 confidence=22.22
2026-08-14 00:40:25,855 | INFO | Join key candidate=Customer workbook_count=6 worksheet_count=6 confidence=66.67
2026-08-14 00:40:25,855 | INFO | Join key candidate=Sold-to Party workbook_count=4 worksheet_count=4 confidence=44.44
2026-08-14 00:40:25,855 | INFO | Join key candidate=Lookup workbook_count=4 worksheet_count=4 confidence=44.44
2026-08-14 00:40:25,855 | INFO | Join key candidate=SKU workbook_count=2 worksheet_count=2 confidence=22.22
2026-08-14 00:40:25,855 | INFO | Join key candidate=Sales Order workbook_count=3 worksheet_count=3 confidence=33.33
2026-08-14 00:40:25,855 | INFO | Wrote join key analysis to G:\Support\orderbook\Jayanth\OrderbookAutomation\docs\JOIN_KEY_ANALYSIS.md
2026-08-14 00:40:25,861 | WARNING | Duplicate inventory NDC values detected: 12
2026-08-14 00:40:25,888 | WARNING | Missing inventory for allocated NDC values: 3
2026-08-14 00:40:25,888 | INFO | Derived inventory stats | inventory_rows=4 | allocated_rows=3 | unique_ndcs=7 | missing_inventory=3 | missing_allocations=4
2026-08-14 00:40:25,904 | INFO | Lookup key stats | total_rows=1 | values_normalized=0 | successful_matches=1 | unmatched_records=0 | duplicate_lookup_keys=0
2026-08-14 00:40:25,904 | INFO | MOQ validation stats | total_rows=1 | values_normalized=0 | successful_matches=1 | unmatched_records=0 | duplicate_lookup_keys=0
2026-08-14 00:40:25,961 | INFO | Wrote Phase 2 derived workbook to G:\Support\orderbook\Jayanth\OrderbookAutomation\output\Derived_Data.xlsx
2026-08-14 00:40:25,961 | INFO | Phase 2 completed successfully. Derived workbook saved to G:\Support\orderbook\Jayanth\OrderbookAutomation\output\Derived_Data.xlsx
2026-08-14 00:40:25,988 | INFO | 07-30_inv.xlsx lookup stats | total_rows=8 | values_normalized=0 | successful_matches=4 | unmatched_records=4 | duplicate_lookup_keys=12
2026-08-14 00:40:25,988 | INFO | 07-30_inv.xlsx merged using NDC Code | rows updated=4 | rows missing=3 | duplicate keys=12
2026-08-14 00:40:26,006 | INFO | Open_Order_Summary.xlsx lookup stats | total_rows=8 | values_normalized=0 | successful_matches=0 | unmatched_records=8 | duplicate_lookup_keys=3
2026-08-14 00:40:26,006 | INFO | Open_Order_Summary.xlsx merged using Sold To Party Name | rows updated=0 | rows missing=4 | duplicate keys=3
2026-08-14 00:40:26,038 | INFO | sales_summ.xlsx lookup stats | total_rows=8 | values_normalized=0 | successful_matches=4 | unmatched_records=4 | duplicate_lookup_keys=0
2026-08-14 00:40:26,038 | INFO | sales_summ.xlsx merged using NDC Code | rows updated=4 | rows missing=0 | duplicate keys=0
2026-08-14 00:40:26,061 | INFO | Strend.xlsx lookup stats | total_rows=8 | values_normalized=91 | successful_matches=4 | unmatched_records=0 | duplicate_lookup_keys=0
2026-08-14 00:40:26,061 | INFO | Strend.xlsx merged using Lookup | rows updated=4 | rows missing=100 | duplicate keys=0
2026-08-14 00:40:26,071 | INFO | Buying_groups.xlsx lookup stats | total_rows=8 | values_normalized=10 | successful_matches=0 | unmatched_records=8 | duplicate_lookup_keys=664
2026-08-14 00:40:26,071 | INFO | Buying_groups.xlsx merged using Sold To Party Name to Customer | rows updated=0 | rows missing=11 | duplicate keys=664
2026-08-14 00:40:26,110 | INFO | Awards.xlsx lookup stats | total_rows=8 | values_normalized=95 | successful_matches=0 | unmatched_records=4 | duplicate_lookup_keys=0
2026-08-14 00:40:26,110 | INFO | Awards.xlsx merged using Lookup | rows updated=0 | rows missing=129 | duplicate keys=0
2026-08-14 00:40:26,122 | INFO | CIP.xlsx lookup stats | total_rows=8 | values_normalized=0 | successful_matches=0 | unmatched_records=8 | duplicate_lookup_keys=0
2026-08-14 00:40:26,122 | INFO | CIP.xlsx merged using NDC Code | rows updated=0 | rows missing=10 | duplicate keys=0
2026-08-14 00:40:26,186 | INFO | Saved master workbook to G:\Support\orderbook\Jayanth\OrderbookAutomation\output\Business_Master_Data.xlsx
2026-08-14 00:40:26,186 | INFO | Phase 3 completed successfully. Business Master workbook saved to G:\Support\orderbook\Jayanth\OrderbookAutomation\output\Business_Master_Data.xlsx
2026-08-14 00:40:26,186 | INFO | Determined reporting period from 'PO date': 2026-07
2026-08-14 00:40:26,202 | INFO | Historical sales stats | reporting_period=2026-07 | matched=4 | missing=4 | duplicate_keys=0
2026-08-14 00:40:26,217 | INFO | Phase 4 enrichment stats | ups_inventory_matches=4 | moq_matches=0 | sc_comments_matches=0 | sc_comments_missing=8 | buying_group_missing=8 | award_missing=8
2026-08-14 00:40:26,217 | INFO | Business rules applied | controlled_products=0 | price_issues=0 | moq_issues=8 | low_ups_inventory=0
2026-08-14 00:40:26,217 | INFO | Historical sales merge stats | matched=4 | missing=4
2026-08-14 00:40:26,233 | INFO | Sales Summary aggregation stats | rows=2 | unique_lookups=1 | duplicate_lookups=0
2026-08-14 00:40:26,265 | INFO | Wrote Sales Summary workbook to G:\Support\orderbook\Jayanth\OrderbookAutomation\output\Sales_Summary.xlsx
2026-08-14 00:40:26,265 | INFO | Orderbook grain validation passed | master_rows=8 | orderbook_rows=8 | dropped_records=0
2026-08-14 00:40:26,335 | INFO | Wrote final POB workbook to G:\Support\orderbook\Jayanth\OrderbookAutomation\output\POB.xlsx
2026-08-14 00:40:26,335 | INFO | Phase 4 completed successfully. Sales Summary saved to G:\Support\orderbook\Jayanth\OrderbookAutomation\output\Sales_Summary.xlsx | POB saved to G:\Support\orderbook\Jayanth\OrderbookAutomation\output\POB.xlsx
2026-08-14 00:40:26,335 | INFO | Phase 1 completed successfully in 1.43 seconds
2026-08-14 00:41:58,252 | INFO | Starting Phase 1 ingestion workflow
2026-08-14 00:41:58,252 | INFO | Application root=G:\Support\orderbook\Jayanth\OrderbookAutomation | input_dir=G:\Support\orderbook\Jayanth
2026-08-14 00:41:58,268 | INFO | Discovery scan | file=07-30_inv.xlsx | sheet=Sheet1 | header_row=0 | header_count=13
2026-08-14 00:41:58,284 | INFO | Discovery scan | file=Awards.xlsx | sheet=Sheet1 | header_row=0 | header_count=7
2026-08-14 00:41:58,306 | INFO | Discovery scan | file=Buying_groups.xlsx | sheet=Sheet1 | header_row=0 | header_count=2
2026-08-14 00:41:58,315 | INFO | Discovery scan | file=CIP.xlsx | sheet=Sheet1 | header_row=0 | header_count=4
2026-08-14 00:41:58,331 | INFO | Discovery scan | file=Mat_Desc,_MOQ_,_Material_#.xlsx | sheet=Sheet1 | header_row=0 | header_count=4
2026-08-14 00:41:58,362 | INFO | Discovery scan | file=Open_Order_Summary.xlsx | sheet=Sheet1 | header_row=3 | header_count=21
2026-08-14 00:41:58,362 | INFO | Discovery scan | file=POB.xlsx | sheet=Sheet1 | header_row=0 | header_count=16
2026-08-14 00:41:58,393 | INFO | Discovery scan | file=raw_OB.xlsx | sheet=UOB | header_row=0 | header_count=34
2026-08-14 00:41:58,409 | INFO | Discovery scan | file=sales_summ.xlsx | sheet=Sheet1 | header_row=0 | header_count=37
2026-08-14 00:41:58,456 | INFO | Discovery scan | file=sampo.xlsx | sheet=Orderbook | header_row=0 | header_count=37
2026-08-14 00:41:58,488 | INFO | Discovery scan | file=sampo.xlsx | sheet=Summary | header_row=0 | header_count=16
2026-08-14 00:41:58,519 | INFO | Discovery scan | file=Strend.xlsx | sheet=Sheet1 | header_row=3 | header_count=66
2026-08-14 00:41:58,519 | WARNING | Skipping unreadable workbook '~$sampo.xlsx': [Errno 13] Permission denied: 'G:\\Support\\orderbook\\Jayanth\\~$sampo.xlsx'
2026-08-14 00:41:58,519 | INFO | Resolved source 'orderbook' (Orderbook) -> file=raw_OB.xlsx | sheet=UOB
2026-08-14 00:41:58,519 | INFO | Resolved source 'moq' (Material Description / MOQ Master) -> file=Mat_Desc,_MOQ_,_Material_#.xlsx | sheet=Sheet1
2026-08-14 00:41:58,519 | INFO | Resolved source 'inventory' (Daily Inventory) -> file=07-30_inv.xlsx | sheet=Sheet1
2026-08-14 00:41:58,519 | INFO | Resolved source 'open_order_summary' (Open Order Summary) -> file=Open_Order_Summary.xlsx | sheet=Sheet1
2026-08-14 00:41:58,519 | INFO | Resolved source 'buying_groups' (Buying Groups) -> file=Buying_groups.xlsx | sheet=Sheet1
2026-08-14 00:41:58,519 | INFO | Resolved source 'awards' (Awards) -> file=Awards.xlsx | sheet=Sheet1
2026-08-14 00:41:58,519 | INFO | Resolved source 'critical_inventory_tracker' (Critical Inventory Tracker (CIP)) -> file=CIP.xlsx | sheet=Sheet1
2026-08-14 00:41:58,519 | INFO | Resolved source 'sales_summary' (Sales Summary) -> file=sales_summ.xlsx | sheet=Sheet1
2026-08-14 00:41:58,519 | INFO | Resolved source 'sales_trend' (Sales Trend (Strend)) -> file=Strend.xlsx | sheet=Sheet1
2026-08-14 00:41:58,535 | INFO | Loaded workbook=raw_OB.xlsx sheet=UOB rows=8 cols=34
2026-08-14 00:41:58,551 | INFO | Loaded workbook=Mat_Desc,_MOQ_,_Material_#.xlsx sheet=Sheet1 rows=4 cols=4
2026-08-14 00:41:58,582 | INFO | Loaded workbook=07-30_inv.xlsx sheet=Sheet1 rows=16 cols=13
2026-08-14 00:41:58,606 | INFO | Loaded workbook=Open_Order_Summary.xlsx sheet=Sheet1 rows=7 cols=21
2026-08-14 00:41:58,645 | INFO | Loaded workbook=Buying_groups.xlsx sheet=Sheet1 rows=677 cols=2
2026-08-14 00:41:58,676 | INFO | Loaded workbook=Awards.xlsx sheet=Sheet1 rows=129 cols=7
2026-08-14 00:41:58,692 | INFO | Loaded workbook=CIP.xlsx sheet=Sheet1 rows=10 cols=4
2026-08-14 00:41:58,708 | INFO | Loaded workbook=sales_summ.xlsx sheet=Sheet1 rows=1 cols=37
2026-08-14 00:41:58,878 | INFO | Loaded workbook=Strend.xlsx sheet=Sheet1 rows=101 cols=66
2026-08-14 00:41:58,903 | WARNING | EMPTY_COLUMNS | workbook=Orderbook | worksheet=UOB | Completely blank columns: ['Floor limit Blk', 'Multiple of MOQ Blk', 'Expected Price Blk', 'SOM Indc.']
2026-08-14 00:41:58,903 | WARNING | EMPTY_COLUMNS | workbook=Sales Summary | worksheet=Sheet1 | Completely blank columns: ['Action', 'Floor limit Blk', 'Multiple of MOQ Blk', 'Expected Price Blk', 'SOM Indc.']
2026-08-14 00:41:58,904 | WARNING | BLANK_HEADERS | workbook=Sales Trend (Strend) | worksheet=Sheet1 | Blank raw headers found: 3
2026-08-14 00:41:58,922 | INFO | Profiled workbook=raw_OB.xlsx sheet=UOB
2026-08-14 00:41:58,925 | INFO | Profiled workbook=Mat_Desc,_MOQ_,_Material_#.xlsx sheet=Sheet1
2026-08-14 00:41:58,932 | INFO | Profiled workbook=07-30_inv.xlsx sheet=Sheet1
2026-08-14 00:41:58,940 | INFO | Profiled workbook=Open_Order_Summary.xlsx sheet=Sheet1
2026-08-14 00:41:58,943 | INFO | Profiled workbook=Buying_groups.xlsx sheet=Sheet1
2026-08-14 00:41:58,947 | INFO | Profiled workbook=Awards.xlsx sheet=Sheet1
2026-08-14 00:41:58,953 | INFO | Profiled workbook=CIP.xlsx sheet=Sheet1
2026-08-14 00:41:58,958 | INFO | Profiled workbook=sales_summ.xlsx sheet=Sheet1
2026-08-14 00:41:58,989 | INFO | Profiled workbook=Strend.xlsx sheet=Sheet1
2026-08-14 00:41:59,034 | INFO | Wrote Workbook_Profile.xlsx to G:\Support\orderbook\Jayanth\OrderbookAutomation\output\Workbook_Profile.xlsx
2026-08-14 00:41:59,074 | INFO | Wrote data dictionary to G:\Support\orderbook\Jayanth\OrderbookAutomation\docs\DATA_DICTIONARY.md
2026-08-14 00:41:59,074 | INFO | Join key candidate=NDC workbook_count=7 worksheet_count=7 confidence=77.78
2026-08-14 00:41:59,074 | INFO | Join key candidate=Material Number workbook_count=2 worksheet_count=2 confidence=22.22
2026-08-14 00:41:59,074 | INFO | Join key candidate=Customer workbook_count=6 worksheet_count=6 confidence=66.67
2026-08-14 00:41:59,074 | INFO | Join key candidate=Sold-to Party workbook_count=4 worksheet_count=4 confidence=44.44
2026-08-14 00:41:59,074 | INFO | Join key candidate=Lookup workbook_count=4 worksheet_count=4 confidence=44.44
2026-08-14 00:41:59,074 | INFO | Join key candidate=SKU workbook_count=2 worksheet_count=2 confidence=22.22
2026-08-14 00:41:59,074 | INFO | Join key candidate=Sales Order workbook_count=3 worksheet_count=3 confidence=33.33
2026-08-14 00:41:59,074 | INFO | Wrote join key analysis to G:\Support\orderbook\Jayanth\OrderbookAutomation\docs\JOIN_KEY_ANALYSIS.md
2026-08-14 00:41:59,074 | WARNING | Duplicate inventory NDC values detected: 12
2026-08-14 00:41:59,088 | WARNING | Missing inventory for allocated NDC values: 3
2026-08-14 00:41:59,098 | INFO | Derived inventory stats | inventory_rows=4 | allocated_rows=3 | unique_ndcs=7 | missing_inventory=3 | missing_allocations=4
2026-08-14 00:41:59,101 | INFO | Lookup key stats | total_rows=1 | values_normalized=0 | successful_matches=1 | unmatched_records=0 | duplicate_lookup_keys=0
2026-08-14 00:41:59,110 | INFO | MOQ validation stats | total_rows=1 | values_normalized=0 | successful_matches=1 | unmatched_records=0 | duplicate_lookup_keys=0
2026-08-14 00:41:59,134 | INFO | Wrote Phase 2 derived workbook to G:\Support\orderbook\Jayanth\OrderbookAutomation\output\Derived_Data.xlsx
2026-08-14 00:41:59,148 | INFO | Phase 2 completed successfully. Derived workbook saved to G:\Support\orderbook\Jayanth\OrderbookAutomation\output\Derived_Data.xlsx
2026-08-14 00:41:59,172 | INFO | 07-30_inv.xlsx lookup stats | total_rows=8 | values_normalized=0 | successful_matches=4 | unmatched_records=4 | duplicate_lookup_keys=12
2026-08-14 00:41:59,172 | INFO | 07-30_inv.xlsx merged using NDC Code | rows updated=4 | rows missing=3 | duplicate keys=12
2026-08-14 00:41:59,191 | INFO | Open_Order_Summary.xlsx lookup stats | total_rows=8 | values_normalized=0 | successful_matches=0 | unmatched_records=8 | duplicate_lookup_keys=3
2026-08-14 00:41:59,191 | INFO | Open_Order_Summary.xlsx merged using Sold To Party Name | rows updated=0 | rows missing=4 | duplicate keys=3
2026-08-14 00:41:59,220 | INFO | sales_summ.xlsx lookup stats | total_rows=8 | values_normalized=0 | successful_matches=4 | unmatched_records=4 | duplicate_lookup_keys=0
2026-08-14 00:41:59,221 | INFO | sales_summ.xlsx merged using NDC Code | rows updated=4 | rows missing=0 | duplicate keys=0
2026-08-14 00:41:59,241 | INFO | Strend.xlsx lookup stats | total_rows=8 | values_normalized=91 | successful_matches=4 | unmatched_records=0 | duplicate_lookup_keys=0
2026-08-14 00:41:59,241 | INFO | Strend.xlsx merged using Lookup | rows updated=4 | rows missing=100 | duplicate keys=0
2026-08-14 00:41:59,267 | INFO | Buying_groups.xlsx lookup stats | total_rows=8 | values_normalized=10 | successful_matches=0 | unmatched_records=8 | duplicate_lookup_keys=664
2026-08-14 00:41:59,267 | INFO | Buying_groups.xlsx merged using Sold To Party Name to Customer | rows updated=0 | rows missing=11 | duplicate keys=664
2026-08-14 00:41:59,291 | INFO | Awards.xlsx lookup stats | total_rows=8 | values_normalized=95 | successful_matches=0 | unmatched_records=4 | duplicate_lookup_keys=0
2026-08-14 00:41:59,291 | INFO | Awards.xlsx merged using Lookup | rows updated=0 | rows missing=129 | duplicate keys=0
2026-08-14 00:41:59,308 | INFO | CIP.xlsx lookup stats | total_rows=8 | values_normalized=0 | successful_matches=0 | unmatched_records=8 | duplicate_lookup_keys=0
2026-08-14 00:41:59,308 | INFO | CIP.xlsx merged using NDC Code | rows updated=0 | rows missing=10 | duplicate keys=0
2026-08-14 00:41:59,383 | INFO | Saved master workbook to G:\Support\orderbook\Jayanth\OrderbookAutomation\output\Business_Master_Data.xlsx
2026-08-14 00:41:59,383 | INFO | Phase 3 completed successfully. Business Master workbook saved to G:\Support\orderbook\Jayanth\OrderbookAutomation\output\Business_Master_Data.xlsx
2026-08-14 00:41:59,385 | INFO | Determined reporting period from 'PO date': 2026-07
2026-08-14 00:41:59,392 | INFO | Historical sales stats | reporting_period=2026-07 | matched=4 | missing=4 | duplicate_keys=0
2026-08-14 00:41:59,417 | INFO | Phase 4 enrichment stats | ups_inventory_matches=4 | moq_matches=0 | sc_comments_matches=0 | sc_comments_missing=8 | buying_group_missing=8 | award_missing=8
2026-08-14 00:41:59,417 | INFO | Business rules applied | controlled_products=0 | price_issues=0 | moq_issues=8 | low_ups_inventory=0
2026-08-14 00:41:59,417 | INFO | Historical sales merge stats | matched=4 | missing=4
2026-08-14 00:41:59,436 | INFO | Sales Summary aggregation stats | rows=2 | unique_lookups=1 | duplicate_lookups=0
2026-08-14 00:41:59,472 | INFO | Wrote Sales Summary workbook to G:\Support\orderbook\Jayanth\OrderbookAutomation\output\Sales_Summary.xlsx
2026-08-14 00:41:59,472 | INFO | Orderbook grain validation passed | master_rows=8 | orderbook_rows=8 | dropped_records=0
2026-08-14 00:41:59,534 | INFO | Wrote final POB workbook to G:\Support\orderbook\Jayanth\OrderbookAutomation\output\POB.xlsx
2026-08-14 00:41:59,534 | INFO | Phase 4 completed successfully. Sales Summary saved to G:\Support\orderbook\Jayanth\OrderbookAutomation\output\Sales_Summary.xlsx | POB saved to G:\Support\orderbook\Jayanth\OrderbookAutomation\output\POB.xlsx
2026-08-14 00:41:59,534 | INFO | Phase 1 completed successfully in 1.29 seconds
2026-08-14 01:29:50,163 | INFO | Starting Phase 1 ingestion workflow
2026-08-14 01:29:50,179 | INFO | Application root=G:\Support\orderbook\Jayanth\OrderbookAutomation | input_dir=G:\Support\orderbook\Jayanth
2026-08-14 01:29:50,262 | INFO | Discovery scan | file=07-30_inv.xlsx | sheet=Sheet1 | header_row=0 | header_count=13
2026-08-14 01:29:50,345 | INFO | Discovery scan | file=Awards.xlsx | sheet=Sheet1 | header_row=0 | header_count=7
2026-08-14 01:29:50,412 | INFO | Discovery scan | file=Buying_groups.xlsx | sheet=Sheet1 | header_row=0 | header_count=2
2026-08-14 01:29:50,442 | INFO | Discovery scan | file=CIP.xlsx | sheet=Sheet1 | header_row=0 | header_count=4
2026-08-14 01:29:50,500 | INFO | Discovery scan | file=Mat_Desc,_MOQ_,_Material_#.xlsx | sheet=Sheet1 | header_row=0 | header_count=4
2026-08-14 01:29:50,520 | INFO | Discovery scan | file=Open_Order_Summary.xlsx | sheet=Sheet1 | header_row=3 | header_count=21
2026-08-14 01:29:50,577 | INFO | Discovery scan | file=POB.xlsx | sheet=Sheet1 | header_row=0 | header_count=16
2026-08-14 01:29:50,615 | INFO | Discovery scan | file=raw_OB.xlsx | sheet=UOB | header_row=0 | header_count=34
2026-08-14 01:29:50,654 | INFO | Discovery scan | file=sales_summ.xlsx | sheet=Sheet1 | header_row=0 | header_count=37
2026-08-14 01:29:50,722 | INFO | Discovery scan | file=sampo.xlsx | sheet=Orderbook | header_row=0 | header_count=37
2026-08-14 01:29:50,761 | INFO | Discovery scan | file=sampo.xlsx | sheet=Summary | header_row=0 | header_count=16
2026-08-14 01:29:50,807 | INFO | Discovery scan | file=Strend.xlsx | sheet=Sheet1 | header_row=3 | header_count=66
2026-08-14 01:29:50,807 | WARNING | Skipping unreadable workbook '~$sampo.xlsx': [Errno 13] Permission denied: 'G:\\Support\\orderbook\\Jayanth\\~$sampo.xlsx'
2026-08-14 01:29:50,807 | INFO | Resolved source 'orderbook' (Orderbook) -> file=raw_OB.xlsx | sheet=UOB
2026-08-14 01:29:50,807 | INFO | Resolved source 'moq' (Material Description / MOQ Master) -> file=Mat_Desc,_MOQ_,_Material_#.xlsx | sheet=Sheet1
2026-08-14 01:29:50,807 | INFO | Resolved source 'inventory' (Daily Inventory) -> file=07-30_inv.xlsx | sheet=Sheet1
2026-08-14 01:29:50,807 | INFO | Resolved source 'open_order_summary' (Open Order Summary) -> file=Open_Order_Summary.xlsx | sheet=Sheet1
2026-08-14 01:29:50,807 | INFO | Resolved source 'buying_groups' (Buying Groups) -> file=Buying_groups.xlsx | sheet=Sheet1
2026-08-14 01:29:50,807 | INFO | Resolved source 'awards' (Awards) -> file=Awards.xlsx | sheet=Sheet1
2026-08-14 01:29:50,807 | INFO | Resolved source 'critical_inventory_tracker' (Critical Inventory Tracker (CIP)) -> file=CIP.xlsx | sheet=Sheet1
2026-08-14 01:29:50,807 | INFO | Resolved source 'sales_summary' (Sales Summary) -> file=sales_summ.xlsx | sheet=Sheet1
2026-08-14 01:29:50,807 | INFO | Resolved source 'sales_trend' (Sales Trend (Strend)) -> file=Strend.xlsx | sheet=Sheet1
2026-08-14 01:29:50,872 | INFO | Loaded workbook=raw_OB.xlsx sheet=UOB rows=8 cols=34
2026-08-14 01:29:50,889 | INFO | Loaded workbook=Mat_Desc,_MOQ_,_Material_#.xlsx sheet=Sheet1 rows=4 cols=4
2026-08-14 01:29:50,911 | INFO | Loaded workbook=07-30_inv.xlsx sheet=Sheet1 rows=16 cols=13
2026-08-14 01:29:50,957 | INFO | Loaded workbook=Open_Order_Summary.xlsx sheet=Sheet1 rows=7 cols=21
2026-08-14 01:29:51,036 | INFO | Loaded workbook=Buying_groups.xlsx sheet=Sheet1 rows=677 cols=2
2026-08-14 01:29:51,090 | INFO | Loaded workbook=Awards.xlsx sheet=Sheet1 rows=129 cols=7
2026-08-14 01:29:51,112 | INFO | Loaded workbook=CIP.xlsx sheet=Sheet1 rows=10 cols=4
2026-08-14 01:29:51,130 | INFO | Loaded workbook=sales_summ.xlsx sheet=Sheet1 rows=1 cols=37
2026-08-14 01:29:51,570 | INFO | Loaded workbook=Strend.xlsx sheet=Sheet1 rows=101 cols=66
2026-08-14 01:29:51,605 | WARNING | EMPTY_COLUMNS | workbook=Orderbook | worksheet=UOB | Completely blank columns: ['Floor limit Blk', 'Multiple of MOQ Blk', 'Expected Price Blk', 'SOM Indc.']
2026-08-14 01:29:51,607 | WARNING | EMPTY_COLUMNS | workbook=Sales Summary | worksheet=Sheet1 | Completely blank columns: ['Action', 'Floor limit Blk', 'Multiple of MOQ Blk', 'Expected Price Blk', 'SOM Indc.']
2026-08-14 01:29:51,608 | WARNING | BLANK_HEADERS | workbook=Sales Trend (Strend) | worksheet=Sheet1 | Blank raw headers found: 3
2026-08-14 01:29:51,646 | INFO | Profiled workbook=raw_OB.xlsx sheet=UOB
2026-08-14 01:29:51,646 | INFO | Profiled workbook=Mat_Desc,_MOQ_,_Material_#.xlsx sheet=Sheet1
2026-08-14 01:29:51,664 | INFO | Profiled workbook=07-30_inv.xlsx sheet=Sheet1
2026-08-14 01:29:51,697 | INFO | Profiled workbook=Open_Order_Summary.xlsx sheet=Sheet1
2026-08-14 01:29:51,711 | INFO | Profiled workbook=Buying_groups.xlsx sheet=Sheet1
2026-08-14 01:29:51,731 | INFO | Profiled workbook=Awards.xlsx sheet=Sheet1
2026-08-14 01:29:51,745 | INFO | Profiled workbook=CIP.xlsx sheet=Sheet1
2026-08-14 01:29:51,780 | INFO | Profiled workbook=sales_summ.xlsx sheet=Sheet1
2026-08-14 01:29:51,870 | INFO | Profiled workbook=Strend.xlsx sheet=Sheet1
2026-08-14 01:29:52,014 | INFO | Wrote Workbook_Profile.xlsx to G:\Support\orderbook\Jayanth\OrderbookAutomation\output\Workbook_Profile.xlsx
2026-08-14 01:29:52,229 | INFO | Wrote data dictionary to G:\Support\orderbook\Jayanth\OrderbookAutomation\docs\DATA_DICTIONARY.md
2026-08-14 01:29:52,229 | INFO | Join key candidate=NDC workbook_count=7 worksheet_count=7 confidence=77.78
2026-08-14 01:29:52,229 | INFO | Join key candidate=Material Number workbook_count=2 worksheet_count=2 confidence=22.22
2026-08-14 01:29:52,229 | INFO | Join key candidate=Customer workbook_count=6 worksheet_count=6 confidence=66.67
2026-08-14 01:29:52,234 | INFO | Join key candidate=Sold-to Party workbook_count=4 worksheet_count=4 confidence=44.44
2026-08-14 01:29:52,234 | INFO | Join key candidate=Lookup workbook_count=4 worksheet_count=4 confidence=44.44
2026-08-14 01:29:52,234 | INFO | Join key candidate=SKU workbook_count=2 worksheet_count=2 confidence=22.22
2026-08-14 01:29:52,234 | INFO | Join key candidate=Sales Order workbook_count=3 worksheet_count=3 confidence=33.33
2026-08-14 01:29:52,234 | INFO | Wrote join key analysis to G:\Support\orderbook\Jayanth\OrderbookAutomation\docs\JOIN_KEY_ANALYSIS.md
2026-08-14 01:29:52,249 | WARNING | Duplicate inventory NDC values detected: 12
2026-08-14 01:29:52,295 | WARNING | Missing inventory for allocated NDC values: 3
2026-08-14 01:29:52,311 | INFO | Derived inventory stats | inventory_rows=4 | allocated_rows=3 | unique_ndcs=7 | missing_inventory=3 | missing_allocations=4
2026-08-14 01:29:52,338 | INFO | Lookup key stats | total_rows=1 | values_normalized=0 | successful_matches=1 | unmatched_records=0 | duplicate_lookup_keys=0
2026-08-14 01:29:52,369 | INFO | MOQ validation stats | total_rows=1 | values_normalized=0 | successful_matches=1 | unmatched_records=0 | duplicate_lookup_keys=0
2026-08-14 01:29:52,499 | INFO | Wrote Phase 2 derived workbook to G:\Support\orderbook\Jayanth\OrderbookAutomation\output\Derived_Data.xlsx
2026-08-14 01:29:52,499 | INFO | Phase 2 completed successfully. Derived workbook saved to G:\Support\orderbook\Jayanth\OrderbookAutomation\output\Derived_Data.xlsx
2026-08-14 01:29:52,664 | INFO | 07-30_inv.xlsx lookup stats | total_rows=8 | values_normalized=0 | successful_matches=4 | unmatched_records=4 | duplicate_lookup_keys=12
2026-08-14 01:29:52,671 | INFO | 07-30_inv.xlsx merged using NDC Code | rows updated=4 | rows missing=3 | duplicate keys=12
2026-08-14 01:29:52,789 | INFO | Open_Order_Summary.xlsx lookup stats | total_rows=8 | values_normalized=0 | successful_matches=0 | unmatched_records=8 | duplicate_lookup_keys=3
2026-08-14 01:29:52,789 | INFO | Open_Order_Summary.xlsx merged using Sold To Party Name | rows updated=0 | rows missing=4 | duplicate keys=3
2026-08-14 01:29:52,884 | INFO | sales_summ.xlsx lookup stats | total_rows=8 | values_normalized=0 | successful_matches=4 | unmatched_records=4 | duplicate_lookup_keys=0
2026-08-14 01:29:52,884 | INFO | sales_summ.xlsx merged using NDC Code | rows updated=4 | rows missing=0 | duplicate keys=0
2026-08-14 01:29:52,964 | INFO | Strend.xlsx lookup stats | total_rows=8 | values_normalized=91 | successful_matches=4 | unmatched_records=0 | duplicate_lookup_keys=0
2026-08-14 01:29:52,964 | INFO | Strend.xlsx merged using Lookup | rows updated=4 | rows missing=100 | duplicate keys=0
2026-08-14 01:29:53,012 | INFO | Buying_groups.xlsx lookup stats | total_rows=8 | values_normalized=10 | successful_matches=0 | unmatched_records=8 | duplicate_lookup_keys=664
2026-08-14 01:29:53,012 | INFO | Buying_groups.xlsx merged using Sold To Party Name to Customer | rows updated=0 | rows missing=11 | duplicate keys=664
2026-08-14 01:29:53,059 | INFO | Awards.xlsx lookup stats | total_rows=8 | values_normalized=95 | successful_matches=0 | unmatched_records=4 | duplicate_lookup_keys=0
2026-08-14 01:29:53,059 | INFO | Awards.xlsx merged using Lookup | rows updated=0 | rows missing=129 | duplicate keys=0
2026-08-14 01:29:53,113 | INFO | CIP.xlsx lookup stats | total_rows=8 | values_normalized=0 | successful_matches=0 | unmatched_records=8 | duplicate_lookup_keys=0
2026-08-14 01:29:53,113 | INFO | CIP.xlsx merged using NDC Code | rows updated=0 | rows missing=10 | duplicate keys=0
2026-08-14 01:29:53,220 | INFO | Saved master workbook to G:\Support\orderbook\Jayanth\OrderbookAutomation\output\Business_Master_Data.xlsx
2026-08-14 01:29:53,220 | INFO | Phase 3 completed successfully. Business Master workbook saved to G:\Support\orderbook\Jayanth\OrderbookAutomation\output\Business_Master_Data.xlsx
2026-08-14 01:29:53,224 | INFO | Determined reporting period from 'PO date': 2026-07
2026-08-14 01:29:53,239 | INFO | Historical sales stats | reporting_period=2026-07 | matched=4 | missing=4 | duplicate_keys=0
2026-08-14 01:29:53,259 | INFO | Phase 4 enrichment stats | ups_inventory_matches=4 | moq_matches=0 | sc_comments_matches=0 | sc_comments_missing=8 | buying_group_missing=8 | award_missing=8
2026-08-14 01:29:53,267 | INFO | Business rules applied | controlled_products=0 | price_issues=0 | moq_issues=8 | low_ups_inventory=0
2026-08-14 01:29:53,277 | INFO | Historical sales merge stats | matched=4 | missing=4
2026-08-14 01:29:53,289 | INFO | Sales Summary aggregation stats | rows=2 | unique_lookups=1 | duplicate_lookups=0
2026-08-14 01:29:53,389 | INFO | Wrote Sales Summary workbook to G:\Support\orderbook\Jayanth\OrderbookAutomation\output\Sales_Summary.xlsx
2026-08-14 01:29:53,389 | INFO | Orderbook grain validation passed | master_rows=8 | orderbook_rows=8 | dropped_records=0
2026-08-14 01:29:53,646 | INFO | Wrote final POB workbook to G:\Support\orderbook\Jayanth\OrderbookAutomation\output\POB.xlsx
2026-08-14 01:29:53,646 | INFO | Phase 4 completed successfully. Sales Summary saved to G:\Support\orderbook\Jayanth\OrderbookAutomation\output\Sales_Summary.xlsx | POB saved to G:\Support\orderbook\Jayanth\OrderbookAutomation\output\POB.xlsx
2026-08-14 01:29:53,646 | INFO | Phase 1 completed successfully in 3.48 seconds
2026-08-16 21:08:13,657 | INFO | Starting Phase 1 ingestion workflow
2026-08-16 21:08:13,662 | INFO | Application root=G:\Support\orderbook\project1\OrderbookAutomation | input_dir=G:\Support\orderbook\project1\OrderbookAutomation\input
2026-08-16 21:08:13,677 | INFO | Discovery scan | file=07-30_inv.xlsx | sheet=Sheet1 | header_row=0 | header_count=13
2026-08-16 21:08:13,696 | INFO | Discovery scan | file=Awards.xlsx | sheet=Sheet1 | header_row=0 | header_count=7
2026-08-16 21:08:13,708 | INFO | Discovery scan | file=Buying_groups.xlsx | sheet=Sheet1 | header_row=0 | header_count=2
2026-08-16 21:08:13,721 | INFO | Discovery scan | file=CIP.xlsx | sheet=Sheet1 | header_row=0 | header_count=4
2026-08-16 21:08:13,733 | INFO | Discovery scan | file=MOQ.xlsx | sheet=Sheet1 | header_row=0 | header_count=4
2026-08-16 21:08:13,747 | INFO | Discovery scan | file=Open_Order_Summary.xlsx | sheet=Sheet1 | header_row=3 | header_count=21
2026-08-16 21:08:13,776 | INFO | Discovery scan | file=raw_OB.xlsx | sheet=UOB | header_row=0 | header_count=34
2026-08-16 21:08:13,804 | INFO | Discovery scan | file=Strend.xlsx | sheet=Sheet1 | header_row=3 | header_count=66
2026-08-16 21:08:13,806 | INFO | Resolved source 'orderbook' (Orderbook) -> file=raw_OB.xlsx | sheet=UOB
2026-08-16 21:08:13,806 | INFO | Resolved source 'moq' (Material Description / MOQ Master) -> file=MOQ.xlsx | sheet=Sheet1
2026-08-16 21:08:13,806 | INFO | Resolved source 'inventory' (Daily Inventory) -> file=07-30_inv.xlsx | sheet=Sheet1
2026-08-16 21:08:13,806 | INFO | Resolved source 'open_order_summary' (Open Order Summary) -> file=Open_Order_Summary.xlsx | sheet=Sheet1
2026-08-16 21:08:13,807 | INFO | Resolved source 'buying_groups' (Buying Groups) -> file=Buying_groups.xlsx | sheet=Sheet1
2026-08-16 21:08:13,807 | INFO | Resolved source 'awards' (Awards) -> file=Awards.xlsx | sheet=Sheet1
2026-08-16 21:08:13,807 | INFO | Resolved source 'critical_inventory_tracker' (Critical Inventory Tracker (CIP)) -> file=CIP.xlsx | sheet=Sheet1
2026-08-16 21:12:34,689 | INFO | Starting Phase 1 ingestion workflow
2026-08-16 21:12:34,689 | INFO | Application root=G:\Support\orderbook\project1\OrderbookAutomation | input_dir=G:\Support\orderbook\project1\OrderbookAutomation\input
2026-08-16 21:12:34,689 | INFO | Discovery scan | file=07-30_inv.xlsx | sheet=Sheet1 | header_row=0 | header_count=13
2026-08-16 21:12:34,726 | INFO | Discovery scan | file=Awards.xlsx | sheet=Sheet1 | header_row=0 | header_count=7
2026-08-16 21:12:34,748 | INFO | Discovery scan | file=Buying_groups.xlsx | sheet=Sheet1 | header_row=0 | header_count=2
2026-08-16 21:12:34,759 | INFO | Discovery scan | file=CIP.xlsx | sheet=Sheet1 | header_row=0 | header_count=4
2026-08-16 21:12:34,776 | INFO | Discovery scan | file=MOQ.xlsx | sheet=Sheet1 | header_row=0 | header_count=4
2026-08-16 21:12:34,792 | INFO | Discovery scan | file=Open_Order_Summary.xlsx | sheet=Sheet1 | header_row=3 | header_count=21
2026-08-16 21:12:34,825 | INFO | Discovery scan | file=raw_OB.xlsx | sheet=UOB | header_row=0 | header_count=34
2026-08-16 21:12:34,859 | INFO | Discovery scan | file=Strend.xlsx | sheet=Sheet1 | header_row=3 | header_count=66
2026-08-16 21:12:34,859 | INFO | Resolved source 'orderbook' (Orderbook) -> file=raw_OB.xlsx | sheet=UOB
2026-08-16 21:12:34,859 | INFO | Resolved source 'moq' (Material Description / MOQ Master) -> file=MOQ.xlsx | sheet=Sheet1
2026-08-16 21:12:34,859 | INFO | Resolved source 'inventory' (Daily Inventory) -> file=07-30_inv.xlsx | sheet=Sheet1
2026-08-16 21:12:34,860 | INFO | Resolved source 'open_order_summary' (Open Order Summary) -> file=Open_Order_Summary.xlsx | sheet=Sheet1
2026-08-16 21:12:34,860 | INFO | Resolved source 'buying_groups' (Buying Groups) -> file=Buying_groups.xlsx | sheet=Sheet1
2026-08-16 21:12:34,860 | INFO | Resolved source 'awards' (Awards) -> file=Awards.xlsx | sheet=Sheet1
2026-08-16 21:12:34,860 | INFO | Resolved source 'critical_inventory_tracker' (Critical Inventory Tracker (CIP)) -> file=CIP.xlsx | sheet=Sheet1
2026-08-16 21:17:05,763 | INFO | Starting Phase 1 ingestion workflow
2026-08-16 21:17:05,763 | INFO | Application root=G:\Support\orderbook\project1\OrderbookAutomation | input_dir=G:\Support\orderbook\project1\OrderbookAutomation\input
2026-08-16 21:17:05,797 | INFO | Discovery scan | file=07-30_inv.xlsx | sheet=Sheet1 | header_row=0 | header_count=13
2026-08-16 21:17:05,820 | INFO | Discovery scan | file=Awards.xlsx | sheet=Sheet1 | header_row=0 | header_count=7
2026-08-16 21:17:05,840 | INFO | Discovery scan | file=Buying_groups.xlsx | sheet=Sheet1 | header_row=0 | header_count=2
2026-08-16 21:17:05,854 | INFO | Discovery scan | file=CIP.xlsx | sheet=Sheet1 | header_row=0 | header_count=4
2026-08-16 21:17:05,870 | INFO | Discovery scan | file=MOQ.xlsx | sheet=Sheet1 | header_row=0 | header_count=4
2026-08-16 21:17:05,888 | INFO | Discovery scan | file=Open_Order_Summary.xlsx | sheet=Sheet1 | header_row=3 | header_count=21
2026-08-16 21:17:05,919 | INFO | Discovery scan | file=raw_OB.xlsx | sheet=UOB | header_row=0 | header_count=34
2026-08-16 21:17:05,952 | INFO | Discovery scan | file=Strend.xlsx | sheet=Sheet1 | header_row=3 | header_count=66
2026-08-16 21:17:05,952 | INFO | Resolved source 'orderbook' (Orderbook) -> file=raw_OB.xlsx | sheet=UOB
2026-08-16 21:17:05,953 | INFO | Resolved source 'moq' (Material Description / MOQ Master) -> file=MOQ.xlsx | sheet=Sheet1
2026-08-16 21:17:05,953 | INFO | Resolved source 'inventory' (Daily Inventory) -> file=07-30_inv.xlsx | sheet=Sheet1
2026-08-16 21:17:05,954 | INFO | Resolved source 'open_order_summary' (Open Order Summary) -> file=Open_Order_Summary.xlsx | sheet=Sheet1
2026-08-16 21:17:05,954 | INFO | Resolved source 'buying_groups' (Buying Groups) -> file=Buying_groups.xlsx | sheet=Sheet1
2026-08-16 21:17:05,954 | INFO | Resolved source 'awards' (Awards) -> file=Awards.xlsx | sheet=Sheet1
2026-08-16 21:17:05,955 | INFO | Resolved source 'critical_inventory_tracker' (Critical Inventory Tracker (CIP)) -> file=CIP.xlsx | sheet=Sheet1
2026-08-16 21:24:14,582 | INFO | Starting Phase 1 ingestion workflow
2026-08-16 21:24:14,582 | INFO | Application root=G:\Support\orderbook\project1\OrderbookAutomation | input_dir=G:\Support\orderbook\project1\OrderbookAutomation\input
2026-08-16 21:24:14,582 | INFO | Discovery scan | file=07-30_inv.xlsx | sheet=Sheet1 | header_row=0 | header_count=13
2026-08-16 21:24:14,612 | INFO | Discovery scan | file=Awards.xlsx | sheet=Sheet1 | header_row=0 | header_count=7
2026-08-16 21:24:14,621 | INFO | Discovery scan | file=Buying_groups.xlsx | sheet=Sheet1 | header_row=0 | header_count=2
2026-08-16 21:24:14,651 | INFO | Discovery scan | file=CIP.xlsx | sheet=Sheet1 | header_row=0 | header_count=4
2026-08-16 21:24:14,655 | INFO | Discovery scan | file=MOQ.xlsx | sheet=Sheet1 | header_row=0 | header_count=4
2026-08-16 21:24:14,671 | INFO | Discovery scan | file=Open_Order_Summary.xlsx | sheet=Sheet1 | header_row=3 | header_count=21
2026-08-16 21:24:14,704 | INFO | Discovery scan | file=raw_OB.xlsx | sheet=UOB | header_row=0 | header_count=34
2026-08-16 21:24:14,738 | INFO | Discovery scan | file=Strend.xlsx | sheet=Sheet1 | header_row=3 | header_count=66
2026-08-16 21:24:14,738 | INFO | Resolved source 'orderbook' (Orderbook) -> file=raw_OB.xlsx | sheet=UOB
2026-08-16 21:24:14,738 | INFO | Resolved source 'moq' (Material Description / MOQ Master) -> file=MOQ.xlsx | sheet=Sheet1
2026-08-16 21:24:14,738 | INFO | Resolved source 'inventory' (Daily Inventory) -> file=07-30_inv.xlsx | sheet=Sheet1
2026-08-16 21:24:14,738 | INFO | Resolved source 'open_order_summary' (Open Order Summary) -> file=Open_Order_Summary.xlsx | sheet=Sheet1
2026-08-16 21:24:14,746 | INFO | Resolved source 'buying_groups' (Buying Groups) -> file=Buying_groups.xlsx | sheet=Sheet1
2026-08-16 21:24:14,746 | INFO | Resolved source 'awards' (Awards) -> file=Awards.xlsx | sheet=Sheet1
2026-08-16 21:24:14,746 | INFO | Resolved source 'critical_inventory_tracker' (Critical Inventory Tracker (CIP)) -> file=CIP.xlsx | sheet=Sheet1
2026-08-16 21:24:14,746 | WARNING | Optional source 'sales_summary' (Sales Summary) not found in input folder; skipping (not required for this workflow).
2026-08-16 21:24:14,746 | INFO | Resolved source 'sales_trend' (Sales Trend (Strend)) -> file=Strend.xlsx | sheet=Sheet1
2026-08-16 21:24:14,788 | INFO | Loaded workbook=raw_OB.xlsx sheet=UOB rows=8 cols=34
2026-08-16 21:24:14,809 | INFO | Loaded workbook=MOQ.xlsx sheet=Sheet1 rows=4 cols=4
2026-08-16 21:24:14,823 | INFO | Loaded workbook=07-30_inv.xlsx sheet=Sheet1 rows=16 cols=13
2026-08-16 21:24:14,844 | INFO | Loaded workbook=Open_Order_Summary.xlsx sheet=Sheet1 rows=7 cols=21
2026-08-16 21:24:14,905 | INFO | Loaded workbook=Buying_groups.xlsx sheet=Sheet1 rows=677 cols=2
2026-08-16 21:24:14,947 | INFO | Loaded workbook=Awards.xlsx sheet=Sheet1 rows=129 cols=7
2026-08-16 21:24:14,954 | INFO | Loaded workbook=CIP.xlsx sheet=Sheet1 rows=10 cols=4
2026-08-16 21:24:15,119 | INFO | Loaded workbook=Strend.xlsx sheet=Sheet1 rows=101 cols=66
2026-08-16 21:24:15,141 | WARNING | EMPTY_COLUMNS | workbook=Orderbook | worksheet=UOB | Completely blank columns: ['Floor limit Blk', 'Multiple of MOQ Blk', 'Expected Price Blk', 'SOM Indc.']
2026-08-16 21:24:15,141 | INFO | MISSING_OPTIONAL_WORKBOOK | workbook=Sales Summary | worksheet= | The 'Sales Summary' source was not loaded. Hint: Sales summary export (optional; not required for this workflow).
2026-08-16 21:24:15,141 | WARNING | BLANK_HEADERS | workbook=Sales Trend (Strend) | worksheet=Sheet1 | Blank raw headers found: 3
2026-08-16 21:24:15,167 | INFO | Profiled workbook=raw_OB.xlsx sheet=UOB
2026-08-16 21:24:15,174 | INFO | Profiled workbook=MOQ.xlsx sheet=Sheet1
2026-08-16 21:24:15,179 | INFO | Profiled workbook=07-30_inv.xlsx sheet=Sheet1
2026-08-16 21:24:15,183 | INFO | Profiled workbook=Open_Order_Summary.xlsx sheet=Sheet1
2026-08-16 21:24:15,191 | INFO | Profiled workbook=Buying_groups.xlsx sheet=Sheet1
2026-08-16 21:24:15,195 | INFO | Profiled workbook=Awards.xlsx sheet=Sheet1
2026-08-16 21:24:15,196 | INFO | Profiled workbook=CIP.xlsx sheet=Sheet1
2026-08-16 21:24:15,223 | INFO | Profiled workbook=Strend.xlsx sheet=Sheet1
2026-08-16 21:24:15,256 | INFO | Wrote Workbook_Profile.xlsx to G:\Support\orderbook\project1\OrderbookAutomation\output\Workbook_Profile.xlsx
2026-08-16 21:24:15,294 | INFO | Wrote data dictionary to G:\Support\orderbook\project1\OrderbookAutomation\docs\DATA_DICTIONARY.md
2026-08-16 21:24:15,294 | INFO | Join key candidate=NDC workbook_count=6 worksheet_count=6 confidence=75.0
2026-08-16 21:24:15,295 | INFO | Join key candidate=Material Number workbook_count=1 worksheet_count=1 confidence=12.5
2026-08-16 21:24:15,295 | INFO | Join key candidate=Customer workbook_count=5 worksheet_count=5 confidence=62.5
2026-08-16 21:24:15,296 | INFO | Join key candidate=Sold-to Party workbook_count=3 worksheet_count=3 confidence=37.5
2026-08-16 21:24:15,296 | INFO | Join key candidate=Lookup workbook_count=3 worksheet_count=3 confidence=37.5
2026-08-16 21:24:15,296 | INFO | Join key candidate=SKU workbook_count=2 worksheet_count=2 confidence=25.0
2026-08-16 21:24:15,296 | INFO | Join key candidate=Sales Order workbook_count=2 worksheet_count=2 confidence=25.0
2026-08-16 21:24:15,297 | INFO | Wrote join key analysis to G:\Support\orderbook\project1\OrderbookAutomation\docs\JOIN_KEY_ANALYSIS.md
2026-08-16 21:24:15,301 | WARNING | Duplicate inventory NDC values detected: 12
2026-08-16 21:24:15,317 | WARNING | Missing inventory for allocated NDC values: 3
2026-08-16 21:24:15,326 | INFO | Derived inventory stats | inventory_rows=4 | allocated_rows=3 | unique_ndcs=7 | missing_inventory=3 | missing_allocations=4
2026-08-16 21:24:15,327 | WARNING | Optional 'sales_summary' input not found; skipping Lookup Key and MOQ Validation derived datasets for this run.
2026-08-16 21:24:15,360 | INFO | Wrote Phase 2 derived workbook to G:\Support\orderbook\project1\OrderbookAutomation\output\Derived_Data.xlsx
2026-08-16 21:24:15,360 | INFO | Phase 2 completed successfully. Derived workbook saved to G:\Support\orderbook\project1\OrderbookAutomation\output\Derived_Data.xlsx
2026-08-16 21:24:15,379 | INFO | 07-30_inv.xlsx lookup stats | total_rows=8 | values_normalized=0 | successful_matches=4 | unmatched_records=4 | duplicate_lookup_keys=12
2026-08-16 21:24:15,379 | INFO | 07-30_inv.xlsx merged using NDC Code | rows updated=4 | rows missing=3 | duplicate keys=12
2026-08-16 21:24:15,405 | INFO | Open_Order_Summary.xlsx lookup stats | total_rows=8 | values_normalized=0 | successful_matches=0 | unmatched_records=8 | duplicate_lookup_keys=3
2026-08-16 21:24:15,405 | INFO | Open_Order_Summary.xlsx merged using Sold To Party Name | rows updated=0 | rows missing=4 | duplicate keys=3
2026-08-16 21:24:15,406 | WARNING | Skipping sales_summ.xlsx because source dataframe is missing or empty
2026-08-16 21:24:15,429 | INFO | Strend.xlsx lookup stats | total_rows=8 | values_normalized=0 | successful_matches=8 | unmatched_records=0 | duplicate_lookup_keys=97
2026-08-16 21:24:15,429 | INFO | Strend.xlsx merged using NDC Code | rows updated=8 | rows missing=2 | duplicate keys=97
2026-08-16 21:24:15,452 | INFO | Buying_groups.xlsx lookup stats | total_rows=8 | values_normalized=10 | successful_matches=0 | unmatched_records=8 | duplicate_lookup_keys=664
2026-08-16 21:24:15,453 | INFO | Buying_groups.xlsx merged using Sold To Party Name to Customer | rows updated=0 | rows missing=11 | duplicate keys=664
2026-08-16 21:24:15,473 | INFO | Awards.xlsx lookup stats | total_rows=8 | values_normalized=0 | successful_matches=0 | unmatched_records=8 | duplicate_lookup_keys=126
2026-08-16 21:24:15,473 | INFO | Awards.xlsx merged using NDC Code | rows updated=0 | rows missing=3 | duplicate keys=126
2026-08-16 21:24:15,493 | INFO | CIP.xlsx lookup stats | total_rows=8 | values_normalized=0 | successful_matches=0 | unmatched_records=8 | duplicate_lookup_keys=0
2026-08-16 21:24:15,493 | INFO | CIP.xlsx merged using NDC Code | rows updated=0 | rows missing=10 | duplicate keys=0
2026-08-16 21:24:15,548 | INFO | Saved master workbook to G:\Support\orderbook\project1\OrderbookAutomation\output\Business_Master_Data.xlsx
2026-08-16 21:24:15,548 | INFO | Phase 3 completed successfully. Business Master workbook saved to G:\Support\orderbook\project1\OrderbookAutomation\output\Business_Master_Data.xlsx
2026-08-16 21:24:15,558 | INFO | Determined reporting period from 'PO date': 2026-07
2026-08-16 21:24:15,565 | INFO | Historical sales stats | reporting_period=2026-07 | matched=0 | missing=8 | duplicate_keys=0
2026-08-16 21:24:15,570 | WARNING | MOQ_Issue could not be merged into the final dataset (missing source or key column)
2026-08-16 21:24:15,578 | INFO | Phase 4 enrichment stats | ups_inventory_matches=4 | moq_matches=0 | sc_comments_matches=0 | sc_comments_missing=8 | buying_group_missing=8 | award_missing=8
2026-08-16 21:24:15,582 | INFO | Business rules applied | controlled_products=0 | price_issues=0 | moq_issues=8 | low_ups_inventory=0
2026-08-16 21:24:15,583 | INFO | Historical sales merge stats | matched=0 | missing=8
2026-08-16 21:24:15,596 | INFO | Sales Summary aggregation stats | rows=2 | unique_lookups=0 | duplicate_lookups=0
2026-08-16 21:24:15,628 | INFO | Wrote Sales Summary workbook to G:\Support\orderbook\project1\OrderbookAutomation\output\Sales_Summary.xlsx
2026-08-16 21:24:15,628 | INFO | Orderbook grain validation passed | master_rows=8 | orderbook_rows=8 | dropped_records=0
2026-08-16 21:24:15,673 | INFO | Wrote final POB workbook to G:\Support\orderbook\project1\OrderbookAutomation\output\POB.xlsx
2026-08-16 21:24:15,673 | INFO | Phase 4 completed successfully. Sales Summary saved to G:\Support\orderbook\project1\OrderbookAutomation\output\Sales_Summary.xlsx | POB saved to G:\Support\orderbook\project1\OrderbookAutomation\output\POB.xlsx
2026-08-16 21:24:15,673 | INFO | Phase 1 completed successfully in 1.10 seconds
2026-08-16 22:08:48,451 | INFO | Starting Phase 1 ingestion workflow
2026-08-16 22:08:48,451 | INFO | Application root=G:\Support\orderbook\project1\OrderbookAutomation | input_dir=G:\Support\orderbook\project1\OrderbookAutomation\input
2026-08-16 22:08:48,507 | INFO | Discovery scan | file=07-30_inv.xlsx | sheet=Sheet1 | header_row=0 | header_count=13
2026-08-16 22:08:48,543 | INFO | Discovery scan | file=Awards.xlsx | sheet=Sheet1 | header_row=0 | header_count=7
2026-08-16 22:08:48,592 | INFO | Discovery scan | file=Buying_groups.xlsx | sheet=Sheet1 | header_row=0 | header_count=2
2026-08-16 22:08:48,608 | INFO | Discovery scan | file=CIP.xlsx | sheet=Sheet1 | header_row=0 | header_count=4
2026-08-16 22:08:48,634 | INFO | Discovery scan | file=MOQ.xlsx | sheet=Sheet1 | header_row=0 | header_count=4
2026-08-16 22:08:48,685 | INFO | Discovery scan | file=Open_Order_Summary.xlsx | sheet=Sheet1 | header_row=3 | header_count=21
2026-08-16 22:08:48,724 | INFO | Discovery scan | file=raw_OB.xlsx | sheet=UOB | header_row=0 | header_count=34
2026-08-16 22:08:48,769 | INFO | Discovery scan | file=Strend.xlsx | sheet=Sheet1 | header_row=3 | header_count=66
2026-08-16 22:08:48,769 | INFO | Resolved source 'orderbook' (Orderbook) -> file=raw_OB.xlsx | sheet=UOB
2026-08-16 22:08:48,769 | INFO | Resolved source 'moq' (Material Description / MOQ Master) -> file=MOQ.xlsx | sheet=Sheet1
2026-08-16 22:08:48,769 | INFO | Resolved source 'inventory' (Daily Inventory) -> file=07-30_inv.xlsx | sheet=Sheet1
2026-08-16 22:08:48,769 | INFO | Resolved source 'open_order_summary' (Open Order Summary) -> file=Open_Order_Summary.xlsx | sheet=Sheet1
2026-08-16 22:08:48,769 | INFO | Resolved source 'buying_groups' (Buying Groups) -> file=Buying_groups.xlsx | sheet=Sheet1
2026-08-16 22:08:48,769 | INFO | Resolved source 'awards' (Awards) -> file=Awards.xlsx | sheet=Sheet1
2026-08-16 22:08:48,769 | INFO | Resolved source 'critical_inventory_tracker' (Critical Inventory Tracker (CIP)) -> file=CIP.xlsx | sheet=Sheet1
2026-08-16 22:08:48,769 | WARNING | Optional source 'sales_summary' (Sales Summary) not found in input folder; skipping (not required for this workflow).
2026-08-16 22:08:48,783 | INFO | Resolved source 'sales_trend' (Sales Trend (Strend)) -> file=Strend.xlsx | sheet=Sheet1
2026-08-16 22:08:48,808 | INFO | Loaded workbook=raw_OB.xlsx sheet=UOB rows=8 cols=34
2026-08-16 22:08:48,819 | INFO | Loaded workbook=MOQ.xlsx sheet=Sheet1 rows=4 cols=4
2026-08-16 22:08:48,835 | INFO | Loaded workbook=07-30_inv.xlsx sheet=Sheet1 rows=16 cols=13
2026-08-16 22:08:48,855 | INFO | Loaded workbook=Open_Order_Summary.xlsx sheet=Sheet1 rows=7 cols=21
2026-08-16 22:08:48,892 | INFO | Loaded workbook=Buying_groups.xlsx sheet=Sheet1 rows=677 cols=2
2026-08-16 22:08:48,919 | INFO | Loaded workbook=Awards.xlsx sheet=Sheet1 rows=129 cols=7
2026-08-16 22:08:48,936 | INFO | Loaded workbook=CIP.xlsx sheet=Sheet1 rows=10 cols=4
2026-08-16 22:08:49,101 | INFO | Loaded workbook=Strend.xlsx sheet=Sheet1 rows=101 cols=66
2026-08-16 22:08:49,104 | WARNING | EMPTY_COLUMNS | workbook=Orderbook | worksheet=UOB | Completely blank columns: ['Floor limit Blk', 'Multiple of MOQ Blk', 'Expected Price Blk', 'SOM Indc.']
2026-08-16 22:08:49,104 | INFO | MISSING_OPTIONAL_WORKBOOK | workbook=Sales Summary | worksheet= | The 'Sales Summary' source was not loaded. Hint: Sales summary export (optional; not required for this workflow).
2026-08-16 22:08:49,104 | WARNING | BLANK_HEADERS | workbook=Sales Trend (Strend) | worksheet=Sheet1 | Blank raw headers found: 3
2026-08-16 22:08:49,122 | INFO | Profiled workbook=raw_OB.xlsx sheet=UOB
2026-08-16 22:08:49,134 | INFO | Profiled workbook=MOQ.xlsx sheet=Sheet1
2026-08-16 22:08:49,139 | INFO | Profiled workbook=07-30_inv.xlsx sheet=Sheet1
2026-08-16 22:08:49,148 | INFO | Profiled workbook=Open_Order_Summary.xlsx sheet=Sheet1
2026-08-16 22:08:49,152 | INFO | Profiled workbook=Buying_groups.xlsx sheet=Sheet1
2026-08-16 22:08:49,153 | INFO | Profiled workbook=Awards.xlsx sheet=Sheet1
2026-08-16 22:08:49,159 | INFO | Profiled workbook=CIP.xlsx sheet=Sheet1
2026-08-16 22:08:49,175 | INFO | Profiled workbook=Strend.xlsx sheet=Sheet1
2026-08-16 22:08:49,220 | INFO | Wrote Workbook_Profile.xlsx to G:\Support\orderbook\project1\OrderbookAutomation\output\Workbook_Profile.xlsx
2026-08-16 22:08:49,241 | INFO | Wrote data dictionary to G:\Support\orderbook\project1\OrderbookAutomation\docs\DATA_DICTIONARY.md
2026-08-16 22:08:49,241 | INFO | Join key candidate=NDC workbook_count=6 worksheet_count=6 confidence=75.0
2026-08-16 22:08:49,241 | INFO | Join key candidate=Material Number workbook_count=1 worksheet_count=1 confidence=12.5
2026-08-16 22:08:49,241 | INFO | Join key candidate=Customer workbook_count=5 worksheet_count=5 confidence=62.5
2026-08-16 22:08:49,249 | INFO | Join key candidate=Sold-to Party workbook_count=3 worksheet_count=3 confidence=37.5
2026-08-16 22:08:49,249 | INFO | Join key candidate=Lookup workbook_count=3 worksheet_count=3 confidence=37.5
2026-08-16 22:08:49,249 | INFO | Join key candidate=SKU workbook_count=2 worksheet_count=2 confidence=25.0
2026-08-16 22:08:49,249 | INFO | Join key candidate=Sales Order workbook_count=2 worksheet_count=2 confidence=25.0
2026-08-16 22:08:49,250 | INFO | Wrote join key analysis to G:\Support\orderbook\project1\OrderbookAutomation\docs\JOIN_KEY_ANALYSIS.md
2026-08-16 22:08:49,254 | WARNING | Duplicate inventory NDC values detected: 12
2026-08-16 22:08:49,261 | WARNING | Missing inventory for allocated NDC values: 3
2026-08-16 22:08:49,269 | INFO | Derived inventory stats | inventory_rows=4 | allocated_rows=3 | unique_ndcs=7 | missing_inventory=3 | missing_allocations=4
2026-08-16 22:08:49,269 | WARNING | Optional 'sales_summary' input not found; skipping Lookup Key and MOQ Validation derived datasets for this run.
2026-08-16 22:08:49,304 | INFO | Wrote Phase 2 derived workbook to G:\Support\orderbook\project1\OrderbookAutomation\output\Derived_Data.xlsx
2026-08-16 22:08:49,305 | INFO | Phase 2 completed successfully. Derived workbook saved to G:\Support\orderbook\project1\OrderbookAutomation\output\Derived_Data.xlsx
2026-08-16 22:08:49,308 | INFO | Lookup construction stats | total_rows=8 | rows_with_ndc=8 | rows_with_sold_to_party_name=8 | rows_with_valid_lookup=8 | rows_missing_lookup=0
2026-08-16 22:08:49,319 | INFO | 07-30_inv.xlsx lookup stats | total_rows=8 | values_normalized=0 | successful_matches=4 | unmatched_records=4 | duplicate_lookup_keys=12
2026-08-16 22:08:49,319 | INFO | 07-30_inv.xlsx merged using NDC Code | rows updated=4 | rows missing=3 | duplicate keys=12
2026-08-16 22:08:49,341 | INFO | Open_Order_Summary.xlsx lookup stats | total_rows=8 | values_normalized=0 | successful_matches=0 | unmatched_records=8 | duplicate_lookup_keys=3
2026-08-16 22:08:49,351 | INFO | Open_Order_Summary.xlsx merged using Sold To Party Name | rows updated=0 | rows missing=4 | duplicate keys=3
2026-08-16 22:08:49,351 | WARNING | Skipping sales_summ.xlsx because source dataframe is missing or empty
2026-08-16 22:08:49,375 | INFO | Strend.xlsx lookup stats | total_rows=8 | values_normalized=91 | successful_matches=8 | unmatched_records=0 | duplicate_lookup_keys=0
2026-08-16 22:08:49,375 | INFO | Strend.xlsx merged using Lookup | rows updated=8 | rows missing=99 | duplicate keys=0
2026-08-16 22:08:49,392 | INFO | Buying_groups.xlsx lookup stats | total_rows=8 | values_normalized=10 | successful_matches=0 | unmatched_records=8 | duplicate_lookup_keys=664
2026-08-16 22:08:49,392 | INFO | Buying_groups.xlsx merged using Sold To Party Name to Customer | rows updated=0 | rows missing=11 | duplicate keys=664
2026-08-16 22:08:49,419 | INFO | Awards.xlsx lookup stats | total_rows=8 | values_normalized=95 | successful_matches=0 | unmatched_records=8 | duplicate_lookup_keys=0
2026-08-16 22:08:49,419 | INFO | Awards.xlsx merged using Lookup | rows updated=0 | rows missing=129 | duplicate keys=0
2026-08-16 22:08:49,438 | INFO | CIP.xlsx lookup stats | total_rows=8 | values_normalized=0 | successful_matches=0 | unmatched_records=8 | duplicate_lookup_keys=0
2026-08-16 22:08:49,438 | INFO | CIP.xlsx merged using NDC Code | rows updated=0 | rows missing=10 | duplicate keys=0
2026-08-16 22:08:49,441 | INFO | Lookup construction stats | total_rows=8 | rows_with_ndc=8 | rows_with_sold_to_party_name=8 | rows_with_valid_lookup=8 | rows_missing_lookup=0
2026-08-16 22:08:49,486 | INFO | Saved master workbook to G:\Support\orderbook\project1\OrderbookAutomation\output\Business_Master_Data.xlsx
2026-08-16 22:08:49,486 | INFO | Phase 3 completed successfully. Business Master workbook saved to G:\Support\orderbook\project1\OrderbookAutomation\output\Business_Master_Data.xlsx
2026-08-16 22:08:49,502 | INFO | Determined reporting period from 'PO date': 2026-07
2026-08-16 22:08:49,505 | INFO | Historical sales stats | reporting_period=2026-07 | matched=8 | missing=0 | duplicate_keys=0
2026-08-16 22:08:49,514 | WARNING | MOQ_Issue could not be merged into the final dataset (missing source or key column)
2026-08-16 22:08:49,522 | INFO | Phase 4 enrichment stats | ups_inventory_matches=4 | moq_matches=0 | sc_comments_matches=0 | sc_comments_missing=8 | buying_group_missing=8 | award_missing=8
2026-08-16 22:08:49,525 | INFO | Business rules applied | controlled_products=0 | price_issues=0 | moq_issues=8 | low_ups_inventory=0
2026-08-16 22:08:49,525 | INFO | Historical sales merge stats | matched=8 | missing=0
2026-08-16 22:08:49,537 | INFO | Sales Summary aggregation stats | rows=2 | unique_lookups=2 | duplicate_lookups=0
2026-08-16 22:08:49,571 | INFO | Wrote Sales Summary workbook to G:\Support\orderbook\project1\OrderbookAutomation\output\Sales_Summary.xlsx
2026-08-16 22:08:49,571 | INFO | Orderbook grain validation passed | master_rows=8 | orderbook_rows=8 | dropped_records=0
2026-08-16 22:08:49,619 | INFO | Wrote final POB workbook to G:\Support\orderbook\project1\OrderbookAutomation\output\POB.xlsx
2026-08-16 22:08:49,619 | INFO | Phase 4 completed successfully. Sales Summary saved to G:\Support\orderbook\project1\OrderbookAutomation\output\Sales_Summary.xlsx | POB saved to G:\Support\orderbook\project1\OrderbookAutomation\output\POB.xlsx
2026-08-16 22:08:49,619 | INFO | Phase 1 completed successfully in 1.17 seconds
2026-08-17 00:07:07,877 | INFO | Starting Phase 1 ingestion workflow
2026-08-17 00:07:07,888 | INFO | Application root=G:\Support\orderbook\project1\OrderbookAutomation | input_dir=G:\Support\orderbook\project1\OrderbookAutomation\input
2026-08-17 00:07:07,926 | INFO | Discovery scan | file=07-30_inv.xlsx | sheet=Sheet1 | header_row=0 | header_count=13
2026-08-17 00:07:07,956 | INFO | Discovery scan | file=Awards.xlsx | sheet=Sheet1 | header_row=0 | header_count=7
2026-08-17 00:07:07,976 | INFO | Discovery scan | file=Buying_groups.xlsx | sheet=Sheet1 | header_row=0 | header_count=2
2026-08-17 00:07:08,000 | INFO | Discovery scan | file=CIP.xlsx | sheet=Sheet1 | header_row=0 | header_count=4
2026-08-17 00:07:08,026 | INFO | Discovery scan | file=MOQ.xlsx | sheet=Sheet1 | header_row=0 | header_count=4
2026-08-17 00:07:08,076 | INFO | Discovery scan | file=Open_Order_Summary.xlsx | sheet=Sheet1 | header_row=3 | header_count=21
2026-08-17 00:07:08,116 | INFO | Discovery scan | file=raw_OB.xlsx | sheet=UOB | header_row=0 | header_count=34
2026-08-17 00:07:08,178 | INFO | Discovery scan | file=Strend.xlsx | sheet=Sheet1 | header_row=3 | header_count=66
2026-08-17 00:07:08,178 | INFO | Resolved source 'orderbook' (Orderbook) -> file=raw_OB.xlsx | sheet=UOB
2026-08-17 00:07:08,178 | INFO | Resolved source 'moq' (Material Description / MOQ Master) -> file=MOQ.xlsx | sheet=Sheet1
2026-08-17 00:07:08,178 | INFO | Resolved source 'inventory' (Daily Inventory) -> file=07-30_inv.xlsx | sheet=Sheet1
2026-08-17 00:07:08,178 | INFO | Resolved source 'open_order_summary' (Open Order Summary) -> file=Open_Order_Summary.xlsx | sheet=Sheet1
2026-08-17 00:07:08,178 | INFO | Resolved source 'buying_groups' (Buying Groups) -> file=Buying_groups.xlsx | sheet=Sheet1
2026-08-17 00:07:08,178 | INFO | Resolved source 'awards' (Awards) -> file=Awards.xlsx | sheet=Sheet1
2026-08-17 00:07:08,178 | INFO | Resolved source 'critical_inventory_tracker' (Critical Inventory Tracker (CIP)) -> file=CIP.xlsx | sheet=Sheet1
2026-08-17 00:07:08,178 | WARNING | Optional source 'sales_summary' (Sales Summary) not found in input folder; skipping (not required for this workflow).
2026-08-17 00:07:08,178 | INFO | Resolved source 'sales_trend' (Sales Trend (Strend)) -> file=Strend.xlsx | sheet=Sheet1
2026-08-17 00:07:08,226 | INFO | Loaded workbook=raw_OB.xlsx sheet=UOB rows=8 cols=34
2026-08-17 00:07:08,246 | INFO | Loaded workbook=MOQ.xlsx sheet=Sheet1 rows=4 cols=4
2026-08-17 00:07:08,266 | INFO | Loaded workbook=07-30_inv.xlsx sheet=Sheet1 rows=16 cols=13
2026-08-17 00:07:08,296 | INFO | Loaded workbook=Open_Order_Summary.xlsx sheet=Sheet1 rows=7 cols=21
2026-08-17 00:07:08,336 | INFO | Loaded workbook=Buying_groups.xlsx sheet=Sheet1 rows=677 cols=2
2026-08-17 00:07:08,371 | INFO | Loaded workbook=Awards.xlsx sheet=Sheet1 rows=129 cols=7
2026-08-17 00:07:08,386 | INFO | Loaded workbook=CIP.xlsx sheet=Sheet1 rows=10 cols=4
2026-08-17 00:07:08,576 | INFO | Loaded workbook=Strend.xlsx sheet=Sheet1 rows=101 cols=66
2026-08-17 00:07:08,596 | WARNING | EMPTY_COLUMNS | workbook=Orderbook | worksheet=UOB | Completely blank columns: ['Floor limit Blk', 'Multiple of MOQ Blk', 'Expected Price Blk', 'SOM Indc.']
2026-08-17 00:07:08,596 | INFO | MISSING_OPTIONAL_WORKBOOK | workbook=Sales Summary | worksheet= | The 'Sales Summary' source was not loaded. Hint: Sales summary export (optional; not required for this workflow).
2026-08-17 00:07:08,596 | WARNING | BLANK_HEADERS | workbook=Sales Trend (Strend) | worksheet=Sheet1 | Blank raw headers found: 3
2026-08-17 00:07:08,618 | INFO | Profiled workbook=raw_OB.xlsx sheet=UOB
2026-08-17 00:07:08,626 | INFO | Profiled workbook=MOQ.xlsx sheet=Sheet1
2026-08-17 00:07:08,626 | INFO | Profiled workbook=07-30_inv.xlsx sheet=Sheet1
2026-08-17 00:07:08,636 | INFO | Profiled workbook=Open_Order_Summary.xlsx sheet=Sheet1
2026-08-17 00:07:08,646 | INFO | Profiled workbook=Buying_groups.xlsx sheet=Sheet1
2026-08-17 00:07:08,650 | INFO | Profiled workbook=Awards.xlsx sheet=Sheet1
2026-08-17 00:07:08,650 | INFO | Profiled workbook=CIP.xlsx sheet=Sheet1
2026-08-17 00:07:08,682 | INFO | Profiled workbook=Strend.xlsx sheet=Sheet1
2026-08-17 00:07:08,730 | INFO | Wrote Workbook_Profile.xlsx to G:\Support\orderbook\project1\OrderbookAutomation\output\Workbook_Profile.xlsx
2026-08-17 00:07:08,761 | INFO | Wrote data dictionary to G:\Support\orderbook\project1\OrderbookAutomation\docs\DATA_DICTIONARY.md
2026-08-17 00:07:08,761 | INFO | Join key candidate=NDC workbook_count=6 worksheet_count=6 confidence=75.0
2026-08-17 00:07:08,761 | INFO | Join key candidate=Material Number workbook_count=1 worksheet_count=1 confidence=12.5
2026-08-17 00:07:08,761 | INFO | Join key candidate=Customer workbook_count=5 worksheet_count=5 confidence=62.5
2026-08-17 00:07:08,766 | INFO | Join key candidate=Sold-to Party workbook_count=3 worksheet_count=3 confidence=37.5
2026-08-17 00:07:08,766 | INFO | Join key candidate=Lookup workbook_count=3 worksheet_count=3 confidence=37.5
2026-08-17 00:07:08,766 | INFO | Join key candidate=SKU workbook_count=2 worksheet_count=2 confidence=25.0
2026-08-17 00:07:08,766 | INFO | Join key candidate=Sales Order workbook_count=2 worksheet_count=2 confidence=25.0
2026-08-17 00:07:08,766 | INFO | Wrote join key analysis to G:\Support\orderbook\project1\OrderbookAutomation\docs\JOIN_KEY_ANALYSIS.md
2026-08-17 00:07:08,766 | WARNING | Duplicate inventory NDC values detected: 12
2026-08-17 00:07:08,786 | WARNING | Missing inventory for allocated NDC values: 3
2026-08-17 00:07:08,796 | INFO | Derived inventory stats | inventory_rows=4 | allocated_rows=3 | unique_ndcs=7 | missing_inventory=3 | missing_allocations=4
2026-08-17 00:07:08,796 | WARNING | Optional 'sales_summary' input not found; skipping Lookup Key and MOQ Validation derived datasets for this run.
2026-08-17 00:07:08,826 | INFO | Wrote Phase 2 derived workbook to G:\Support\orderbook\project1\OrderbookAutomation\output\Derived_Data.xlsx
2026-08-17 00:07:08,826 | INFO | Phase 2 completed successfully. Derived workbook saved to G:\Support\orderbook\project1\OrderbookAutomation\output\Derived_Data.xlsx
2026-08-17 00:07:08,841 | INFO | Lookup construction stats | total_rows=8 | rows_with_ndc=8 | rows_with_sold_to_party_name=8 | rows_with_valid_lookup=8 | rows_missing_lookup=0
2026-08-17 00:07:08,866 | INFO | 07-30_inv.xlsx lookup stats | total_rows=8 | values_normalized=0 | successful_matches=4 | unmatched_records=4 | duplicate_lookup_keys=12
2026-08-17 00:07:08,866 | INFO | 07-30_inv.xlsx merged using NDC Code | rows updated=4 | rows missing=3 | duplicate keys=12
2026-08-17 00:07:08,889 | INFO | Open_Order_Summary.xlsx lookup stats | total_rows=8 | values_normalized=0 | successful_matches=0 | unmatched_records=8 | duplicate_lookup_keys=3
2026-08-17 00:07:08,889 | INFO | Open_Order_Summary.xlsx merged using Sold To Party Name | rows updated=0 | rows missing=4 | duplicate keys=3
2026-08-17 00:07:08,889 | WARNING | Skipping sales_summ.xlsx because source dataframe is missing or empty
2026-08-17 00:07:08,916 | INFO | Strend.xlsx lookup stats | total_rows=8 | values_normalized=91 | successful_matches=8 | unmatched_records=0 | duplicate_lookup_keys=0
2026-08-17 00:07:08,921 | INFO | Strend.xlsx merged using Lookup | rows updated=8 | rows missing=99 | duplicate keys=0
2026-08-17 00:07:08,946 | INFO | Awards.xlsx lookup stats | total_rows=8 | values_normalized=95 | successful_matches=0 | unmatched_records=8 | duplicate_lookup_keys=0
2026-08-17 00:07:08,946 | INFO | Awards.xlsx merged using Lookup | rows updated=0 | rows missing=129 | duplicate keys=0
2026-08-17 00:07:08,980 | INFO | CIP.xlsx lookup stats | total_rows=8 | values_normalized=0 | successful_matches=0 | unmatched_records=8 | duplicate_lookup_keys=0
2026-08-17 00:07:08,980 | INFO | CIP.xlsx merged using NDC Code | rows updated=0 | rows missing=10 | duplicate keys=0
2026-08-17 00:07:09,006 | INFO | Buying Group lookup stats | total_master_rows=8 | master_rows_after_merge=8 | unique_master_customers=1 | unique_source_customers=11 | exact_duplicate_source_rows_removed=666 | conflicting_customers=0 | matched_rows=0 | not_found_rows=8 | duplicate_conflict_rows=0 | populated_rows=0 | blank_rows=8
2026-08-17 00:07:09,006 | INFO | Lookup construction stats | total_rows=8 | rows_with_ndc=8 | rows_with_sold_to_party_name=8 | rows_with_valid_lookup=8 | rows_missing_lookup=0
2026-08-17 00:07:09,086 | INFO | Saved master workbook to G:\Support\orderbook\project1\OrderbookAutomation\output\Business_Master_Data.xlsx
2026-08-17 00:07:09,086 | INFO | Phase 3 completed successfully. Business Master workbook saved to G:\Support\orderbook\project1\OrderbookAutomation\output\Business_Master_Data.xlsx
2026-08-17 00:07:09,086 | INFO | Determined reporting period from 'PO date': 2026-07
2026-08-17 00:07:09,096 | INFO | Historical sales stats | reporting_period=2026-07 | matched=8 | missing=0 | duplicate_keys=0
2026-08-17 00:07:09,106 | WARNING | MOQ_Issue could not be merged into the final dataset (missing source or key column)
2026-08-17 00:07:09,111 | INFO | Phase 4 enrichment stats | ups_inventory_matches=4 | moq_matches=0 | sc_comments_matches=0 | sc_comments_missing=8 | buying_group_missing=8 | award_missing=8
2026-08-17 00:07:09,116 | INFO | Business rules applied | controlled_products=0 | price_issues=0 | moq_issues=8 | low_ups_inventory=0
2026-08-17 00:07:09,116 | INFO | Historical sales merge stats | matched=8 | missing=0
2026-08-17 00:07:09,131 | INFO | Sales Summary aggregation stats | rows=2 | unique_lookups=2 | duplicate_lookups=0
2026-08-17 00:07:09,177 | INFO | Wrote Sales Summary workbook to G:\Support\orderbook\project1\OrderbookAutomation\output\Sales_Summary.xlsx
2026-08-17 00:07:09,177 | INFO | Orderbook grain validation passed | master_rows=8 | orderbook_rows=8 | dropped_records=0
2026-08-17 00:07:09,236 | INFO | Wrote final POB workbook to G:\Support\orderbook\project1\OrderbookAutomation\output\POB.xlsx
2026-08-17 00:07:09,241 | INFO | Phase 4 completed successfully. Sales Summary saved to G:\Support\orderbook\project1\OrderbookAutomation\output\Sales_Summary.xlsx | POB saved to G:\Support\orderbook\project1\OrderbookAutomation\output\POB.xlsx
2026-08-17 00:07:09,242 | INFO | Phase 1 completed successfully in 1.36 seconds
2026-08-17 01:09:21,375 | INFO | Starting Phase 1 ingestion workflow
2026-08-17 01:09:21,375 | INFO | Application root=G:\Support\orderbook\project1\OrderbookAutomation | input_dir=G:\Support\orderbook\project1\OrderbookAutomation\input
2026-08-17 01:09:21,416 | INFO | Discovery scan | file=07-30_inv.xlsx | sheet=Sheet1 | header_row=0 | header_count=13
2026-08-17 01:09:21,435 | INFO | Discovery scan | file=Awards.xlsx | sheet=Sheet1 | header_row=0 | header_count=7
2026-08-17 01:09:21,464 | INFO | Discovery scan | file=Buying_groups.xlsx | sheet=Sheet1 | header_row=0 | header_count=2
2026-08-17 01:09:21,486 | INFO | Discovery scan | file=CIP.xlsx | sheet=Sheet1 | header_row=0 | header_count=4
2026-08-17 01:09:21,506 | INFO | Discovery scan | file=MOQ.xlsx | sheet=Sheet1 | header_row=0 | header_count=4
2026-08-17 01:09:21,546 | INFO | Discovery scan | file=Open_Order_Summary.xlsx | sheet=Sheet1 | header_row=3 | header_count=21
2026-08-17 01:09:21,596 | INFO | Discovery scan | file=raw_OB.xlsx | sheet=UOB | header_row=0 | header_count=34
2026-08-17 01:09:21,639 | INFO | Discovery scan | file=Strend.xlsx | sheet=Sheet1 | header_row=3 | header_count=66
2026-08-17 01:09:21,639 | INFO | Resolved source 'orderbook' (Orderbook) -> file=raw_OB.xlsx | sheet=UOB
2026-08-17 01:09:21,639 | INFO | Resolved source 'moq' (Material Description / MOQ Master) -> file=MOQ.xlsx | sheet=Sheet1
2026-08-17 01:09:21,639 | INFO | Resolved source 'inventory' (Daily Inventory) -> file=07-30_inv.xlsx | sheet=Sheet1
2026-08-17 01:09:21,639 | INFO | Resolved source 'open_order_summary' (Open Order Summary) -> file=Open_Order_Summary.xlsx | sheet=Sheet1
2026-08-17 01:09:21,639 | INFO | Resolved source 'buying_groups' (Buying Groups) -> file=Buying_groups.xlsx | sheet=Sheet1
2026-08-17 01:09:21,639 | INFO | Resolved source 'awards' (Awards) -> file=Awards.xlsx | sheet=Sheet1
2026-08-17 01:09:21,639 | INFO | Resolved source 'critical_inventory_tracker' (Critical Inventory Tracker (CIP)) -> file=CIP.xlsx | sheet=Sheet1
2026-08-17 01:09:21,639 | WARNING | Optional source 'sales_summary' (Sales Summary) not found in input folder; skipping (not required for this workflow).
2026-08-17 01:09:21,639 | INFO | Resolved source 'sales_trend' (Sales Trend (Strend)) -> file=Strend.xlsx | sheet=Sheet1
2026-08-17 01:09:21,665 | INFO | Loaded workbook=raw_OB.xlsx sheet=UOB rows=8 cols=34
2026-08-17 01:09:21,676 | INFO | Loaded workbook=MOQ.xlsx sheet=Sheet1 rows=4 cols=4
2026-08-17 01:09:21,691 | INFO | Loaded workbook=07-30_inv.xlsx sheet=Sheet1 rows=16 cols=13
2026-08-17 01:09:21,706 | INFO | Loaded workbook=Open_Order_Summary.xlsx sheet=Sheet1 rows=7 cols=21
2026-08-17 01:09:21,756 | INFO | Loaded workbook=Buying_groups.xlsx sheet=Sheet1 rows=677 cols=2
2026-08-17 01:09:21,786 | INFO | Loaded workbook=Awards.xlsx sheet=Sheet1 rows=129 cols=7
2026-08-17 01:09:21,803 | INFO | Loaded workbook=CIP.xlsx sheet=Sheet1 rows=10 cols=4
2026-08-17 01:09:21,965 | INFO | Loaded workbook=Strend.xlsx sheet=Sheet1 rows=101 cols=66
2026-08-17 01:09:21,980 | WARNING | EMPTY_COLUMNS | workbook=Orderbook | worksheet=UOB | Completely blank columns: ['Floor limit Blk', 'Multiple of MOQ Blk', 'Expected Price Blk', 'SOM Indc.']
2026-08-17 01:09:21,980 | INFO | MISSING_OPTIONAL_WORKBOOK | workbook=Sales Summary | worksheet= | The 'Sales Summary' source was not loaded. Hint: Sales summary export (optional; not required for this workflow).
2026-08-17 01:09:21,980 | WARNING | BLANK_HEADERS | workbook=Sales Trend (Strend) | worksheet=Sheet1 | Blank raw headers found: 3
2026-08-17 01:09:21,995 | INFO | Profiled workbook=raw_OB.xlsx sheet=UOB
2026-08-17 01:09:21,995 | INFO | Profiled workbook=MOQ.xlsx sheet=Sheet1
2026-08-17 01:09:21,995 | INFO | Profiled workbook=07-30_inv.xlsx sheet=Sheet1
2026-08-17 01:09:22,006 | INFO | Profiled workbook=Open_Order_Summary.xlsx sheet=Sheet1
2026-08-17 01:09:22,011 | INFO | Profiled workbook=Buying_groups.xlsx sheet=Sheet1
2026-08-17 01:09:22,016 | INFO | Profiled workbook=Awards.xlsx sheet=Sheet1
2026-08-17 01:09:22,016 | INFO | Profiled workbook=CIP.xlsx sheet=Sheet1
2026-08-17 01:09:22,041 | INFO | Profiled workbook=Strend.xlsx sheet=Sheet1
2026-08-17 01:09:22,075 | INFO | Wrote Workbook_Profile.xlsx to G:\Support\orderbook\project1\OrderbookAutomation\output\Workbook_Profile.xlsx
2026-08-17 01:09:22,096 | INFO | Wrote data dictionary to G:\Support\orderbook\project1\OrderbookAutomation\docs\DATA_DICTIONARY.md
2026-08-17 01:09:22,096 | INFO | Join key candidate=NDC workbook_count=6 worksheet_count=6 confidence=75.0
2026-08-17 01:09:22,096 | INFO | Join key candidate=Material Number workbook_count=1 worksheet_count=1 confidence=12.5
2026-08-17 01:09:22,096 | INFO | Join key candidate=Customer workbook_count=5 worksheet_count=5 confidence=62.5
2026-08-17 01:09:22,096 | INFO | Join key candidate=Sold-to Party workbook_count=3 worksheet_count=3 confidence=37.5
2026-08-17 01:09:22,096 | INFO | Join key candidate=Lookup workbook_count=3 worksheet_count=3 confidence=37.5
2026-08-17 01:09:22,096 | INFO | Join key candidate=SKU workbook_count=2 worksheet_count=2 confidence=25.0
2026-08-17 01:09:22,096 | INFO | Join key candidate=Sales Order workbook_count=2 worksheet_count=2 confidence=25.0
2026-08-17 01:09:22,096 | INFO | Wrote join key analysis to G:\Support\orderbook\project1\OrderbookAutomation\docs\JOIN_KEY_ANALYSIS.md
2026-08-17 01:09:22,096 | WARNING | Duplicate inventory NDC values detected: 12
2026-08-17 01:09:22,107 | WARNING | Missing inventory for allocated NDC values: 3
2026-08-17 01:09:22,115 | INFO | Derived inventory stats | inventory_rows=4 | allocated_rows=3 | unique_ndcs=7 | missing_inventory=3 | missing_allocations=4
2026-08-17 01:09:22,115 | WARNING | Optional 'sales_summary' input not found; skipping Lookup Key and MOQ Validation derived datasets for this run.
2026-08-17 01:09:22,146 | INFO | Wrote Phase 2 derived workbook to G:\Support\orderbook\project1\OrderbookAutomation\output\Derived_Data.xlsx
2026-08-17 01:09:22,146 | INFO | Phase 2 completed successfully. Derived workbook saved to G:\Support\orderbook\project1\OrderbookAutomation\output\Derived_Data.xlsx
2026-08-17 01:09:22,146 | INFO | Lookup construction stats | total_rows=8 | rows_with_ndc=8 | rows_with_sold_to_party_name=8 | rows_with_valid_lookup=8 | rows_missing_lookup=0
2026-08-17 01:09:22,170 | INFO | 07-30_inv.xlsx lookup stats | total_rows=8 | values_normalized=0 | successful_matches=4 | unmatched_records=4 | duplicate_lookup_keys=12
2026-08-17 01:09:22,170 | INFO | 07-30_inv.xlsx merged using NDC Code | rows updated=4 | rows missing=3 | duplicate keys=12
2026-08-17 01:09:22,186 | INFO | Open_Order_Summary.xlsx lookup stats | total_rows=8 | values_normalized=0 | successful_matches=0 | unmatched_records=8 | duplicate_lookup_keys=3
2026-08-17 01:09:22,186 | INFO | Open_Order_Summary.xlsx merged using Sold To Party Name | rows updated=0 | rows missing=4 | duplicate keys=3
2026-08-17 01:09:22,186 | WARNING | Skipping sales_summ.xlsx because source dataframe is missing or empty
2026-08-17 01:09:22,206 | INFO | Strend.xlsx lookup stats | total_rows=8 | values_normalized=91 | successful_matches=8 | unmatched_records=0 | duplicate_lookup_keys=0
2026-08-17 01:09:22,206 | INFO | Strend.xlsx merged using Lookup | rows updated=8 | rows missing=99 | duplicate keys=0
2026-08-17 01:09:22,226 | INFO | Awards.xlsx lookup stats | total_rows=8 | values_normalized=95 | successful_matches=0 | unmatched_records=8 | duplicate_lookup_keys=0
2026-08-17 01:09:22,226 | INFO | Awards.xlsx merged using Lookup | rows updated=0 | rows missing=129 | duplicate keys=0
2026-08-17 01:09:22,235 | INFO | CIP.xlsx lookup stats | total_rows=8 | values_normalized=0 | successful_matches=0 | unmatched_records=8 | duplicate_lookup_keys=0
2026-08-17 01:09:22,235 | INFO | CIP.xlsx merged using NDC Code | rows updated=0 | rows missing=10 | duplicate keys=0
2026-08-17 01:09:22,256 | INFO | Buying Group source loaded | source=Buying_groups.xlsx | priority=1 | raw_rows=677 | unique_customers=11 | exact_duplicates_removed=666 | same_tier_conflicts=0
2026-08-17 01:09:22,301 | INFO | Buying Group source loaded | source=Strend.xlsx | priority=2 | raw_rows=101 | unique_customers=53 | exact_duplicates_removed=48 | same_tier_conflicts=0
2026-08-17 01:09:22,307 | INFO | Buying Group source loaded | source=Open_Order_Summary.xlsx | priority=3 | raw_rows=7 | unique_customers=4 | exact_duplicates_removed=3 | same_tier_conflicts=0
2026-08-17 01:09:22,339 | INFO | Buying Group multi-source lookup | total_master_rows=8 | rows_after_merge=8 | unique_master_customers=1 | unique_source_customers=56 | exact_duplicates_removed=717 | same_priority_conflicts=0 | lower_priority_disagreements=2 | matched_rows=8 | not_found_rows=0 | duplicate_conflict_rows=0 | populated_rows=8 | blank_rows=0 | matches_by_source={'Strend.xlsx': 8}
2026-08-17 01:09:22,346 | INFO | Lookup construction stats | total_rows=8 | rows_with_ndc=8 | rows_with_sold_to_party_name=8 | rows_with_valid_lookup=8 | rows_missing_lookup=0
2026-08-17 01:09:22,415 | INFO | Saved master workbook to G:\Support\orderbook\project1\OrderbookAutomation\output\Business_Master_Data.xlsx
2026-08-17 01:09:22,415 | INFO | Phase 3 completed successfully. Business Master workbook saved to G:\Support\orderbook\project1\OrderbookAutomation\output\Business_Master_Data.xlsx
2026-08-17 01:09:22,418 | INFO | Determined reporting period from 'PO date': 2026-07
2026-08-17 01:09:22,425 | INFO | Historical sales stats | reporting_period=2026-07 | matched=8 | missing=0 | duplicate_keys=0
2026-08-17 01:09:22,425 | WARNING | MOQ_Issue could not be merged into the final dataset (missing source or key column)
2026-08-17 01:09:22,435 | INFO | Phase 4 enrichment stats | ups_inventory_matches=4 | moq_matches=0 | sc_comments_matches=0 | sc_comments_missing=8 | buying_group_missing=0 | award_missing=8
2026-08-17 01:09:22,435 | INFO | Business rules applied | controlled_products=0 | price_issues=0 | moq_issues=8 | low_ups_inventory=0
2026-08-17 01:09:22,435 | INFO | Historical sales merge stats | matched=8 | missing=0
2026-08-17 01:09:22,454 | INFO | Sales Summary aggregation stats | rows=2 | unique_lookups=2 | duplicate_lookups=0
2026-08-17 01:09:22,485 | INFO | Wrote Sales Summary workbook to G:\Support\orderbook\project1\OrderbookAutomation\output\Sales_Summary.xlsx
2026-08-17 01:09:22,485 | INFO | Orderbook grain validation passed | master_rows=8 | orderbook_rows=8 | dropped_records=0
2026-08-17 01:09:22,535 | INFO | Wrote final POB workbook to G:\Support\orderbook\project1\OrderbookAutomation\output\POB.xlsx
2026-08-17 01:09:22,535 | INFO | Phase 4 completed successfully. Sales Summary saved to G:\Support\orderbook\project1\OrderbookAutomation\output\Sales_Summary.xlsx | POB saved to G:\Support\orderbook\project1\OrderbookAutomation\output\POB.xlsx
2026-08-17 01:09:22,535 | INFO | Phase 1 completed successfully in 1.17 seconds
2026-08-17 01:36:46,733 | INFO | Starting Phase 1 ingestion workflow
2026-08-17 01:36:46,741 | INFO | Application root=G:\Support\orderbook\project1\OrderbookAutomation | input_dir=G:\Support\orderbook\project1\OrderbookAutomation\input
2026-08-17 01:36:46,783 | INFO | Discovery scan | file=07-30_inv.xlsx | sheet=Sheet1 | header_row=0 | header_count=13
2026-08-17 01:36:46,806 | INFO | Discovery scan | file=Awards.xlsx | sheet=Sheet1 | header_row=0 | header_count=7
2026-08-17 01:36:46,833 | INFO | Discovery scan | file=Buying_groups.xlsx | sheet=Sheet1 | header_row=0 | header_count=2
2026-08-17 01:36:46,851 | INFO | Discovery scan | file=CIP.xlsx | sheet=Sheet1 | header_row=0 | header_count=4
2026-08-17 01:36:46,876 | INFO | Discovery scan | file=MOQ.xlsx | sheet=Sheet1 | header_row=0 | header_count=4
2026-08-17 01:36:46,935 | INFO | Discovery scan | file=Open_Order_Summary.xlsx | sheet=Sheet1 | header_row=3 | header_count=21
2026-08-17 01:36:46,976 | INFO | Discovery scan | file=raw_OB.xlsx | sheet=UOB | header_row=0 | header_count=34
2026-08-17 01:36:47,026 | INFO | Discovery scan | file=Strend.xlsx | sheet=Sheet1 | header_row=3 | header_count=66
2026-08-17 01:36:47,026 | INFO | Resolved source 'orderbook' (Orderbook) -> file=raw_OB.xlsx | sheet=UOB
2026-08-17 01:36:47,026 | INFO | Resolved source 'moq' (Material Description / MOQ Master) -> file=MOQ.xlsx | sheet=Sheet1
2026-08-17 01:36:47,026 | INFO | Resolved source 'inventory' (Daily Inventory) -> file=07-30_inv.xlsx | sheet=Sheet1
2026-08-17 01:36:47,026 | INFO | Resolved source 'open_order_summary' (Open Order Summary) -> file=Open_Order_Summary.xlsx | sheet=Sheet1
2026-08-17 01:36:47,026 | INFO | Resolved source 'buying_groups' (Buying Groups) -> file=Buying_groups.xlsx | sheet=Sheet1
2026-08-17 01:36:47,026 | INFO | Resolved source 'awards' (Awards) -> file=Awards.xlsx | sheet=Sheet1
2026-08-17 01:36:47,026 | INFO | Resolved source 'critical_inventory_tracker' (Critical Inventory Tracker (CIP)) -> file=CIP.xlsx | sheet=Sheet1
2026-08-17 01:36:47,026 | WARNING | Optional source 'sales_summary' (Sales Summary) not found in input folder; skipping (not required for this workflow).
2026-08-17 01:36:47,026 | INFO | Resolved source 'sales_trend' (Sales Trend (Strend)) -> file=Strend.xlsx | sheet=Sheet1
2026-08-17 01:36:47,052 | INFO | Loaded workbook=raw_OB.xlsx sheet=UOB rows=8 cols=34
2026-08-17 01:36:47,071 | INFO | Loaded workbook=MOQ.xlsx sheet=Sheet1 rows=4 cols=4
2026-08-17 01:36:47,085 | INFO | Loaded workbook=07-30_inv.xlsx sheet=Sheet1 rows=16 cols=13
2026-08-17 01:36:47,105 | INFO | Loaded workbook=Open_Order_Summary.xlsx sheet=Sheet1 rows=7 cols=21
2026-08-17 01:36:47,151 | INFO | Loaded workbook=Buying_groups.xlsx sheet=Sheet1 rows=677 cols=2
2026-08-17 01:36:47,176 | INFO | Loaded workbook=Awards.xlsx sheet=Sheet1 rows=129 cols=7
2026-08-17 01:36:47,191 | INFO | Loaded workbook=CIP.xlsx sheet=Sheet1 rows=10 cols=4
2026-08-17 01:36:47,351 | INFO | Loaded workbook=Strend.xlsx sheet=Sheet1 rows=101 cols=66
2026-08-17 01:36:47,371 | WARNING | EMPTY_COLUMNS | workbook=Orderbook | worksheet=UOB | Completely blank columns: ['Floor limit Blk', 'Multiple of MOQ Blk', 'Expected Price Blk', 'SOM Indc.']
2026-08-17 01:36:47,371 | INFO | MISSING_OPTIONAL_WORKBOOK | workbook=Sales Summary | worksheet= | The 'Sales Summary' source was not loaded. Hint: Sales summary export (optional; not required for this workflow).
2026-08-17 01:36:47,371 | WARNING | BLANK_HEADERS | workbook=Sales Trend (Strend) | worksheet=Sheet1 | Blank raw headers found: 3
2026-08-17 01:36:47,383 | INFO | Profiled workbook=raw_OB.xlsx sheet=UOB
2026-08-17 01:36:47,383 | INFO | Profiled workbook=MOQ.xlsx sheet=Sheet1
2026-08-17 01:36:47,391 | INFO | Profiled workbook=07-30_inv.xlsx sheet=Sheet1
2026-08-17 01:36:47,402 | INFO | Profiled workbook=Open_Order_Summary.xlsx sheet=Sheet1
2026-08-17 01:36:47,402 | INFO | Profiled workbook=Buying_groups.xlsx sheet=Sheet1
2026-08-17 01:36:47,406 | INFO | Profiled workbook=Awards.xlsx sheet=Sheet1
2026-08-17 01:36:47,406 | INFO | Profiled workbook=CIP.xlsx sheet=Sheet1
2026-08-17 01:36:47,432 | INFO | Profiled workbook=Strend.xlsx sheet=Sheet1
2026-08-17 01:36:47,471 | INFO | Wrote Workbook_Profile.xlsx to G:\Support\orderbook\project1\OrderbookAutomation\output\Workbook_Profile.xlsx
2026-08-17 01:36:47,496 | INFO | Wrote data dictionary to G:\Support\orderbook\project1\OrderbookAutomation\docs\DATA_DICTIONARY.md
2026-08-17 01:36:47,496 | INFO | Join key candidate=NDC workbook_count=6 worksheet_count=6 confidence=75.0
2026-08-17 01:36:47,496 | INFO | Join key candidate=Material Number workbook_count=1 worksheet_count=1 confidence=12.5
2026-08-17 01:36:47,496 | INFO | Join key candidate=Customer workbook_count=5 worksheet_count=5 confidence=62.5
2026-08-17 01:36:47,496 | INFO | Join key candidate=Sold-to Party workbook_count=3 worksheet_count=3 confidence=37.5
2026-08-17 01:36:47,496 | INFO | Join key candidate=Lookup workbook_count=3 worksheet_count=3 confidence=37.5
2026-08-17 01:36:47,496 | INFO | Join key candidate=SKU workbook_count=2 worksheet_count=2 confidence=25.0
2026-08-17 01:36:47,496 | INFO | Join key candidate=Sales Order workbook_count=2 worksheet_count=2 confidence=25.0
2026-08-17 01:36:47,498 | INFO | Wrote join key analysis to G:\Support\orderbook\project1\OrderbookAutomation\docs\JOIN_KEY_ANALYSIS.md
2026-08-17 01:36:47,501 | WARNING | Duplicate inventory NDC values detected: 12
2026-08-17 01:36:47,511 | WARNING | Missing inventory for allocated NDC values: 3
2026-08-17 01:36:47,515 | INFO | Derived inventory stats | inventory_rows=4 | allocated_rows=3 | unique_ndcs=7 | missing_inventory=3 | missing_allocations=4
2026-08-17 01:36:47,515 | WARNING | Optional 'sales_summary' input not found; skipping Lookup Key and MOQ Validation derived datasets for this run.
2026-08-17 01:36:47,541 | INFO | Wrote Phase 2 derived workbook to G:\Support\orderbook\project1\OrderbookAutomation\output\Derived_Data.xlsx
2026-08-17 01:36:47,541 | INFO | Phase 2 completed successfully. Derived workbook saved to G:\Support\orderbook\project1\OrderbookAutomation\output\Derived_Data.xlsx
2026-08-17 01:36:47,551 | INFO | Lookup construction stats | total_rows=8 | rows_with_ndc=8 | rows_with_sold_to_party_name=8 | rows_with_valid_lookup=8 | rows_missing_lookup=0
2026-08-17 01:36:47,571 | INFO | 07-30_inv.xlsx lookup stats | total_rows=8 | values_normalized=0 | successful_matches=4 | unmatched_records=4 | duplicate_lookup_keys=12
2026-08-17 01:36:47,571 | INFO | 07-30_inv.xlsx merged using NDC Code | rows updated=4 | rows missing=3 | duplicate keys=12
2026-08-17 01:36:47,583 | INFO | Open_Order_Summary.xlsx lookup stats | total_rows=8 | values_normalized=0 | successful_matches=0 | unmatched_records=8 | duplicate_lookup_keys=3
2026-08-17 01:36:47,583 | INFO | Open_Order_Summary.xlsx merged using Sold To Party Name | rows updated=0 | rows missing=4 | duplicate keys=3
2026-08-17 01:36:47,583 | WARNING | Skipping sales_summ.xlsx because source dataframe is missing or empty
2026-08-17 01:36:47,606 | INFO | Strend.xlsx lookup stats | total_rows=8 | values_normalized=91 | successful_matches=8 | unmatched_records=0 | duplicate_lookup_keys=0
2026-08-17 01:36:47,611 | INFO | Strend.xlsx merged using Lookup | rows updated=8 | rows missing=99 | duplicate keys=0
2026-08-17 01:36:47,624 | INFO | CIP.xlsx lookup stats | total_rows=8 | values_normalized=0 | successful_matches=0 | unmatched_records=8 | duplicate_lookup_keys=0
2026-08-17 01:36:47,624 | INFO | CIP.xlsx merged using NDC Code | rows updated=0 | rows missing=10 | duplicate keys=0
2026-08-17 01:36:47,641 | INFO | Buying Group source loaded | source=Buying_groups.xlsx | priority=1 | raw_rows=677 | unique_customers=11 | exact_duplicates_removed=666 | same_tier_conflicts=0
2026-08-17 01:36:47,681 | INFO | Buying Group source loaded | source=Strend.xlsx | priority=2 | raw_rows=101 | unique_customers=53 | exact_duplicates_removed=48 | same_tier_conflicts=0
2026-08-17 01:36:47,683 | INFO | Buying Group source loaded | source=Open_Order_Summary.xlsx | priority=3 | raw_rows=7 | unique_customers=4 | exact_duplicates_removed=3 | same_tier_conflicts=0
2026-08-17 01:36:47,721 | INFO | Buying Group multi-source lookup | total_master_rows=8 | rows_after_merge=8 | unique_master_customers=1 | unique_source_customers=56 | exact_duplicates_removed=717 | same_priority_conflicts=0 | lower_priority_disagreements=2 | matched_rows=8 | not_found_rows=0 | duplicate_conflict_rows=0 | populated_rows=8 | blank_rows=0 | matches_by_source={'Strend.xlsx': 8}
2026-08-17 01:36:47,771 | INFO | Award lookup stats | source_rows=129 | total_master_rows=8 | rows_after_merge=8 | matched=0 (lookup=0, ndc=0) | not_found=8 | duplicate_conflict=0 | populated=0 | blank=8 | exact_duplicate_source_rows_removed=0 | conflicting_ndcs=2
2026-08-17 01:36:47,771 | INFO | Lookup construction stats | total_rows=8 | rows_with_ndc=8 | rows_with_sold_to_party_name=8 | rows_with_valid_lookup=8 | rows_missing_lookup=0
2026-08-17 01:36:47,851 | INFO | Saved master workbook to G:\Support\orderbook\project1\OrderbookAutomation\output\Business_Master_Data.xlsx
2026-08-17 01:36:47,851 | INFO | Phase 3 completed successfully. Business Master workbook saved to G:\Support\orderbook\project1\OrderbookAutomation\output\Business_Master_Data.xlsx
2026-08-17 01:36:47,851 | INFO | Determined reporting period from 'PO date': 2026-07
2026-08-17 01:36:47,861 | INFO | Historical sales stats | reporting_period=2026-07 | matched=8 | missing=0 | duplicate_keys=0
2026-08-17 01:36:47,866 | WARNING | MOQ_Issue could not be merged into the final dataset (missing source or key column)
2026-08-17 01:36:47,876 | INFO | SC Comments lookup stats | source_rows=10 | unique_source_ndcs=10 | total_master_rows=8 | rows_after_merge=8 | matched=0 | not_found=8 | duplicate_conflict=0 | populated=0 | blank=8 | exact_duplicate_source_rows_removed=0 | conflicting_ndcs=0 | used_date_column=False
2026-08-17 01:36:47,881 | INFO | Phase 4 enrichment stats | ups_inventory_matches=4 | moq_matches=0 | sc_comments_matches=0 | sc_comments_missing=8 | buying_group_missing=0 | award_missing=8
2026-08-17 01:36:47,883 | INFO | Business rules applied | controlled_products=0 | price_issues=0 | moq_issues=8 | low_ups_inventory=0
2026-08-17 01:36:47,891 | INFO | Historical sales merge stats | matched=8 | missing=0
2026-08-17 01:36:47,899 | INFO | Sales Summary aggregation stats | rows=2 | unique_lookups=2 | duplicate_lookups=0
2026-08-17 01:36:47,933 | INFO | Wrote Sales Summary workbook to G:\Support\orderbook\project1\OrderbookAutomation\output\Sales_Summary.xlsx
2026-08-17 01:36:47,933 | INFO | Orderbook grain validation passed | master_rows=8 | orderbook_rows=8 | dropped_records=0
2026-08-17 01:36:47,991 | INFO | Wrote final POB workbook to G:\Support\orderbook\project1\OrderbookAutomation\output\POB.xlsx
2026-08-17 01:36:47,991 | INFO | Phase 4 completed successfully. Sales Summary saved to G:\Support\orderbook\project1\OrderbookAutomation\output\Sales_Summary.xlsx | POB saved to G:\Support\orderbook\project1\OrderbookAutomation\output\POB.xlsx
2026-08-17 01:36:47,991 | INFO | Phase 1 completed successfully in 1.26 seconds
2026-08-17 01:38:35,511 | INFO | Starting Phase 1 ingestion workflow
2026-08-17 01:38:35,511 | INFO | Application root=G:\Support\orderbook\project1\OrderbookAutomation | input_dir=G:\Support\orderbook\project1\OrderbookAutomation\input
2026-08-17 01:38:35,533 | INFO | Discovery scan | file=07-30_inv.xlsx | sheet=Sheet1 | header_row=0 | header_count=13
2026-08-17 01:38:35,561 | INFO | Discovery scan | file=Awards.xlsx | sheet=Sheet1 | header_row=0 | header_count=7
2026-08-17 01:38:35,584 | INFO | Discovery scan | file=Buying_groups.xlsx | sheet=Sheet1 | header_row=0 | header_count=2
2026-08-17 01:38:35,602 | INFO | Discovery scan | file=CIP.xlsx | sheet=Sheet1 | header_row=0 | header_count=4
2026-08-17 01:38:35,620 | INFO | Discovery scan | file=MOQ.xlsx | sheet=Sheet1 | header_row=0 | header_count=4
2026-08-17 01:38:35,644 | INFO | Discovery scan | file=Open_Order_Summary.xlsx | sheet=Sheet1 | header_row=3 | header_count=21
2026-08-17 01:38:35,673 | INFO | Discovery scan | file=raw_OB.xlsx | sheet=UOB | header_row=0 | header_count=34
2026-08-17 01:38:35,706 | INFO | Discovery scan | file=Strend.xlsx | sheet=Sheet1 | header_row=3 | header_count=66
2026-08-17 01:38:35,706 | INFO | Resolved source 'orderbook' (Orderbook) -> file=raw_OB.xlsx | sheet=UOB
2026-08-17 01:38:35,706 | INFO | Resolved source 'moq' (Material Description / MOQ Master) -> file=MOQ.xlsx | sheet=Sheet1
2026-08-17 01:38:35,706 | INFO | Resolved source 'inventory' (Daily Inventory) -> file=07-30_inv.xlsx | sheet=Sheet1
2026-08-17 01:38:35,706 | INFO | Resolved source 'open_order_summary' (Open Order Summary) -> file=Open_Order_Summary.xlsx | sheet=Sheet1
2026-08-17 01:38:35,706 | INFO | Resolved source 'buying_groups' (Buying Groups) -> file=Buying_groups.xlsx | sheet=Sheet1
2026-08-17 01:38:35,706 | INFO | Resolved source 'awards' (Awards) -> file=Awards.xlsx | sheet=Sheet1
2026-08-17 01:38:35,706 | INFO | Resolved source 'critical_inventory_tracker' (Critical Inventory Tracker (CIP)) -> file=CIP.xlsx | sheet=Sheet1
2026-08-17 01:38:35,706 | WARNING | Optional source 'sales_summary' (Sales Summary) not found in input folder; skipping (not required for this workflow).
2026-08-17 01:38:35,706 | INFO | Resolved source 'sales_trend' (Sales Trend (Strend)) -> file=Strend.xlsx | sheet=Sheet1
2026-08-17 01:38:35,734 | INFO | Loaded workbook=raw_OB.xlsx sheet=UOB rows=8 cols=34
2026-08-17 01:38:35,750 | INFO | Loaded workbook=MOQ.xlsx sheet=Sheet1 rows=4 cols=4
2026-08-17 01:38:35,769 | INFO | Loaded workbook=07-30_inv.xlsx sheet=Sheet1 rows=16 cols=13
2026-08-17 01:38:35,791 | INFO | Loaded workbook=Open_Order_Summary.xlsx sheet=Sheet1 rows=7 cols=21
2026-08-17 01:38:35,841 | INFO | Loaded workbook=Buying_groups.xlsx sheet=Sheet1 rows=677 cols=2
2026-08-17 01:38:35,872 | INFO | Loaded workbook=Awards.xlsx sheet=Sheet1 rows=129 cols=7
2026-08-17 01:38:35,884 | INFO | Loaded workbook=CIP.xlsx sheet=Sheet1 rows=10 cols=4
2026-08-17 01:38:36,056 | INFO | Loaded workbook=Strend.xlsx sheet=Sheet1 rows=101 cols=66
2026-08-17 01:38:36,071 | WARNING | EMPTY_COLUMNS | workbook=Orderbook | worksheet=UOB | Completely blank columns: ['Floor limit Blk', 'Multiple of MOQ Blk', 'Expected Price Blk', 'SOM Indc.']
2026-08-17 01:38:36,071 | INFO | MISSING_OPTIONAL_WORKBOOK | workbook=Sales Summary | worksheet= | The 'Sales Summary' source was not loaded. Hint: Sales summary export (optional; not required for this workflow).
2026-08-17 01:38:36,071 | WARNING | BLANK_HEADERS | workbook=Sales Trend (Strend) | worksheet=Sheet1 | Blank raw headers found: 3
2026-08-17 01:38:36,091 | INFO | Profiled workbook=raw_OB.xlsx sheet=UOB
2026-08-17 01:38:36,091 | INFO | Profiled workbook=MOQ.xlsx sheet=Sheet1
2026-08-17 01:38:36,100 | INFO | Profiled workbook=07-30_inv.xlsx sheet=Sheet1
2026-08-17 01:38:36,106 | INFO | Profiled workbook=Open_Order_Summary.xlsx sheet=Sheet1
2026-08-17 01:38:36,109 | INFO | Profiled workbook=Buying_groups.xlsx sheet=Sheet1
2026-08-17 01:38:36,113 | INFO | Profiled workbook=Awards.xlsx sheet=Sheet1
2026-08-17 01:38:36,117 | INFO | Profiled workbook=CIP.xlsx sheet=Sheet1
2026-08-17 01:38:36,140 | INFO | Profiled workbook=Strend.xlsx sheet=Sheet1
2026-08-17 01:38:36,183 | INFO | Wrote Workbook_Profile.xlsx to G:\Support\orderbook\project1\OrderbookAutomation\output\Workbook_Profile.xlsx
2026-08-17 01:38:36,211 | INFO | Wrote data dictionary to G:\Support\orderbook\project1\OrderbookAutomation\docs\DATA_DICTIONARY.md
2026-08-17 01:38:36,211 | INFO | Join key candidate=NDC workbook_count=6 worksheet_count=6 confidence=75.0
2026-08-17 01:38:36,211 | INFO | Join key candidate=Material Number workbook_count=1 worksheet_count=1 confidence=12.5
2026-08-17 01:38:36,211 | INFO | Join key candidate=Customer workbook_count=5 worksheet_count=5 confidence=62.5
2026-08-17 01:38:36,213 | INFO | Join key candidate=Sold-to Party workbook_count=3 worksheet_count=3 confidence=37.5
2026-08-17 01:38:36,213 | INFO | Join key candidate=Lookup workbook_count=3 worksheet_count=3 confidence=37.5
2026-08-17 01:38:36,214 | INFO | Join key candidate=SKU workbook_count=2 worksheet_count=2 confidence=25.0
2026-08-17 01:38:36,214 | INFO | Join key candidate=Sales Order workbook_count=2 worksheet_count=2 confidence=25.0
2026-08-17 01:38:36,217 | INFO | Wrote join key analysis to G:\Support\orderbook\project1\OrderbookAutomation\docs\JOIN_KEY_ANALYSIS.md
2026-08-17 01:38:36,221 | WARNING | Duplicate inventory NDC values detected: 12
2026-08-17 01:38:36,226 | WARNING | Missing inventory for allocated NDC values: 3
2026-08-17 01:38:36,232 | INFO | Derived inventory stats | inventory_rows=4 | allocated_rows=3 | unique_ndcs=7 | missing_inventory=3 | missing_allocations=4
2026-08-17 01:38:36,233 | WARNING | Optional 'sales_summary' input not found; skipping Lookup Key and MOQ Validation derived datasets for this run.
2026-08-17 01:38:36,269 | INFO | Wrote Phase 2 derived workbook to G:\Support\orderbook\project1\OrderbookAutomation\output\Derived_Data.xlsx
2026-08-17 01:38:36,269 | INFO | Phase 2 completed successfully. Derived workbook saved to G:\Support\orderbook\project1\OrderbookAutomation\output\Derived_Data.xlsx
2026-08-17 01:38:36,273 | INFO | Lookup construction stats | total_rows=8 | rows_with_ndc=8 | rows_with_sold_to_party_name=8 | rows_with_valid_lookup=8 | rows_missing_lookup=0
2026-08-17 01:38:36,291 | INFO | 07-30_inv.xlsx lookup stats | total_rows=8 | values_normalized=0 | successful_matches=4 | unmatched_records=4 | duplicate_lookup_keys=12
2026-08-17 01:38:36,291 | INFO | 07-30_inv.xlsx merged using NDC Code | rows updated=4 | rows missing=3 | duplicate keys=12
2026-08-17 01:38:36,313 | INFO | Open_Order_Summary.xlsx lookup stats | total_rows=8 | values_normalized=0 | successful_matches=0 | unmatched_records=8 | duplicate_lookup_keys=3
2026-08-17 01:38:36,313 | INFO | Open_Order_Summary.xlsx merged using Sold To Party Name | rows updated=0 | rows missing=4 | duplicate keys=3
2026-08-17 01:38:36,314 | WARNING | Skipping sales_summ.xlsx because source dataframe is missing or empty
2026-08-17 01:38:36,339 | INFO | Strend.xlsx lookup stats | total_rows=8 | values_normalized=91 | successful_matches=8 | unmatched_records=0 | duplicate_lookup_keys=0
2026-08-17 01:38:36,339 | INFO | Strend.xlsx merged using Lookup | rows updated=8 | rows missing=99 | duplicate keys=0
2026-08-17 01:38:36,356 | INFO | CIP.xlsx lookup stats | total_rows=8 | values_normalized=0 | successful_matches=0 | unmatched_records=8 | duplicate_lookup_keys=0
2026-08-17 01:38:36,356 | INFO | CIP.xlsx merged using NDC Code | rows updated=0 | rows missing=10 | duplicate keys=0
2026-08-17 01:38:36,374 | INFO | Buying Group source loaded | source=Buying_groups.xlsx | priority=1 | raw_rows=677 | unique_customers=11 | exact_duplicates_removed=666 | same_tier_conflicts=0
2026-08-17 01:38:36,417 | INFO | Buying Group source loaded | source=Strend.xlsx | priority=2 | raw_rows=101 | unique_customers=53 | exact_duplicates_removed=48 | same_tier_conflicts=0
2026-08-17 01:38:36,426 | INFO | Buying Group source loaded | source=Open_Order_Summary.xlsx | priority=3 | raw_rows=7 | unique_customers=4 | exact_duplicates_removed=3 | same_tier_conflicts=0
2026-08-17 01:38:36,466 | INFO | Buying Group multi-source lookup | total_master_rows=8 | rows_after_merge=8 | unique_master_customers=1 | unique_source_customers=56 | exact_duplicates_removed=717 | same_priority_conflicts=0 | lower_priority_disagreements=2 | matched_rows=8 | not_found_rows=0 | duplicate_conflict_rows=0 | populated_rows=8 | blank_rows=0 | matches_by_source={'Strend.xlsx': 8}
2026-08-17 01:38:36,516 | INFO | Award lookup stats | source_rows=129 | total_master_rows=8 | rows_after_merge=8 | matched=0 (lookup=0, ndc=0) | not_found=8 | duplicate_conflict=0 | populated=0 | blank=8 | exact_duplicate_source_rows_removed=0 | conflicting_ndcs=2
2026-08-17 01:38:36,521 | INFO | Lookup construction stats | total_rows=8 | rows_with_ndc=8 | rows_with_sold_to_party_name=8 | rows_with_valid_lookup=8 | rows_missing_lookup=0
2026-08-17 01:38:36,598 | INFO | Saved master workbook to G:\Support\orderbook\project1\OrderbookAutomation\output\Business_Master_Data.xlsx
2026-08-17 01:38:36,599 | INFO | Phase 3 completed successfully. Business Master workbook saved to G:\Support\orderbook\project1\OrderbookAutomation\output\Business_Master_Data.xlsx
2026-08-17 01:38:36,601 | INFO | Determined reporting period from 'PO date': 2026-07
2026-08-17 01:38:36,606 | INFO | Historical sales stats | reporting_period=2026-07 | matched=8 | missing=0 | duplicate_keys=0
2026-08-17 01:38:36,615 | WARNING | MOQ_Issue could not be merged into the final dataset (missing source or key column)
2026-08-17 01:38:36,626 | INFO | SC Comments lookup stats | source_rows=10 | unique_source_ndcs=10 | total_master_rows=8 | rows_after_merge=8 | matched=0 | not_found=8 | duplicate_conflict=0 | populated=0 | blank=8 | exact_duplicate_source_rows_removed=0 | conflicting_ndcs=0 | used_date_column=False
2026-08-17 01:38:36,628 | INFO | Phase 4 enrichment stats | ups_inventory_matches=4 | moq_matches=0 | sc_comments_matches=0 | sc_comments_missing=8 | buying_group_missing=0 | award_missing=8
2026-08-17 01:38:36,634 | INFO | Business rules applied | controlled_products=0 | price_issues=0 | moq_issues=8 | low_ups_inventory=0
2026-08-17 01:38:36,640 | INFO | Historical sales merge stats | matched=8 | missing=0
2026-08-17 01:38:36,642 | INFO | Sales Summary aggregation stats | rows=2 | unique_lookups=2 | duplicate_lookups=0
2026-08-17 01:38:36,683 | INFO | Wrote Sales Summary workbook to G:\Support\orderbook\project1\OrderbookAutomation\output\Sales_Summary.xlsx
2026-08-17 01:38:36,683 | INFO | Orderbook grain validation passed | master_rows=8 | orderbook_rows=8 | dropped_records=0
2026-08-17 01:38:36,741 | INFO | Wrote final POB workbook to G:\Support\orderbook\project1\OrderbookAutomation\output\POB.xlsx
2026-08-17 01:38:36,741 | INFO | Phase 4 completed successfully. Sales Summary saved to G:\Support\orderbook\project1\OrderbookAutomation\output\Sales_Summary.xlsx | POB saved to G:\Support\orderbook\project1\OrderbookAutomation\output\POB.xlsx
2026-08-17 01:38:36,741 | INFO | Phase 1 completed successfully in 1.23 seconds
2026-08-18 08:57:01,101 | INFO | Starting Phase 1 ingestion workflow
2026-08-18 08:57:01,114 | INFO | Application root=G:\Support\orderbook\project1\OrderbookAutomation | input_dir=G:\Support\orderbook\project1\OrderbookAutomation\input
2026-08-18 08:57:01,114 | INFO | Discovery scan | file=07-30_inv.xlsx | sheet=Sheet1 | header_row=0 | header_count=13
2026-08-18 08:57:01,177 | INFO | Discovery scan | file=Awards.xlsx | sheet=Sheet1 | header_row=0 | header_count=7
2026-08-18 08:57:01,203 | INFO | Discovery scan | file=Buying_groups.xlsx | sheet=Sheet1 | header_row=0 | header_count=2
2026-08-18 08:57:01,219 | INFO | Discovery scan | file=CIP.xlsx | sheet=Sheet1 | header_row=0 | header_count=4
2026-08-18 08:57:01,245 | INFO | Discovery scan | file=MOQ.xlsx | sheet=Sheet1 | header_row=0 | header_count=4
2026-08-18 08:57:01,263 | INFO | Discovery scan | file=Open_Order_Summary.xlsx | sheet=Sheet1 | header_row=3 | header_count=21
2026-08-18 08:57:01,331 | INFO | Discovery scan | file=raw_OB.xlsx | sheet=UOB | header_row=0 | header_count=34
2026-08-18 08:57:01,370 | INFO | Discovery scan | file=Strend.xlsx | sheet=Sheet1 | header_row=3 | header_count=66
2026-08-18 08:57:01,370 | INFO | Resolved source 'orderbook' (Orderbook) -> file=raw_OB.xlsx | sheet=UOB
2026-08-18 08:57:01,370 | INFO | Resolved source 'moq' (Material Description / MOQ Master) -> file=MOQ.xlsx | sheet=Sheet1
2026-08-18 08:57:01,370 | INFO | Resolved source 'inventory' (Daily Inventory) -> file=07-30_inv.xlsx | sheet=Sheet1
2026-08-18 08:57:01,370 | INFO | Resolved source 'open_order_summary' (Open Order Summary) -> file=Open_Order_Summary.xlsx | sheet=Sheet1
2026-08-18 08:57:01,370 | INFO | Resolved source 'buying_groups' (Buying Groups) -> file=Buying_groups.xlsx | sheet=Sheet1
2026-08-18 08:57:01,370 | INFO | Resolved source 'awards' (Awards) -> file=Awards.xlsx | sheet=Sheet1
2026-08-18 08:57:01,370 | INFO | Resolved source 'critical_inventory_tracker' (Critical Inventory Tracker (CIP)) -> file=CIP.xlsx | sheet=Sheet1
2026-08-18 08:57:01,370 | WARNING | Optional source 'sales_summary' (Sales Summary) not found in input folder; skipping (not required for this workflow).
2026-08-18 08:57:01,370 | INFO | Resolved source 'sales_trend' (Sales Trend (Strend)) -> file=Strend.xlsx | sheet=Sheet1
2026-08-18 08:57:01,402 | INFO | Loaded workbook=raw_OB.xlsx sheet=UOB rows=8 cols=34
2026-08-18 08:57:01,409 | INFO | Loaded workbook=MOQ.xlsx sheet=Sheet1 rows=4 cols=4
2026-08-18 08:57:01,419 | INFO | Loaded workbook=07-30_inv.xlsx sheet=Sheet1 rows=16 cols=13
2026-08-18 08:57:01,433 | INFO | Loaded workbook=Open_Order_Summary.xlsx sheet=Sheet1 rows=7 cols=21
2026-08-18 08:57:01,483 | INFO | Loaded workbook=Buying_groups.xlsx sheet=Sheet1 rows=677 cols=2
2026-08-18 08:57:01,497 | INFO | Loaded workbook=Awards.xlsx sheet=Sheet1 rows=129 cols=7
2026-08-18 08:57:01,521 | INFO | Loaded workbook=CIP.xlsx sheet=Sheet1 rows=10 cols=4
2026-08-18 08:57:01,670 | INFO | Loaded workbook=Strend.xlsx sheet=Sheet1 rows=101 cols=66
2026-08-18 08:57:01,680 | WARNING | EMPTY_COLUMNS | workbook=Orderbook | worksheet=UOB | Completely blank columns: ['Floor limit Blk', 'Multiple of MOQ Blk', 'Expected Price Blk', 'SOM Indc.']
2026-08-18 08:57:01,680 | INFO | MISSING_OPTIONAL_WORKBOOK | workbook=Sales Summary | worksheet= | The 'Sales Summary' source was not loaded. Hint: Sales summary export (optional; not required for this workflow).
2026-08-18 08:57:01,680 | WARNING | BLANK_HEADERS | workbook=Sales Trend (Strend) | worksheet=Sheet1 | Blank raw headers found: 3
2026-08-18 08:57:01,694 | INFO | Profiled workbook=raw_OB.xlsx sheet=UOB
2026-08-18 08:57:01,696 | INFO | Profiled workbook=MOQ.xlsx sheet=Sheet1
2026-08-18 08:57:01,700 | INFO | Profiled workbook=07-30_inv.xlsx sheet=Sheet1
2026-08-18 08:57:01,706 | INFO | Profiled workbook=Open_Order_Summary.xlsx sheet=Sheet1
2026-08-18 08:57:01,708 | INFO | Profiled workbook=Buying_groups.xlsx sheet=Sheet1
2026-08-18 08:57:01,712 | INFO | Profiled workbook=Awards.xlsx sheet=Sheet1
2026-08-18 08:57:01,714 | INFO | Profiled workbook=CIP.xlsx sheet=Sheet1
2026-08-18 08:57:01,734 | INFO | Profiled workbook=Strend.xlsx sheet=Sheet1
2026-08-18 08:57:01,806 | INFO | Wrote Workbook_Profile.xlsx to G:\Support\orderbook\project1\OrderbookAutomation\output\Workbook_Profile.xlsx
2026-08-18 08:57:01,830 | INFO | Wrote data dictionary to G:\Support\orderbook\project1\OrderbookAutomation\docs\DATA_DICTIONARY.md
2026-08-18 08:57:01,830 | INFO | Join key candidate=NDC workbook_count=6 worksheet_count=6 confidence=75.0
2026-08-18 08:57:01,830 | INFO | Join key candidate=Material Number workbook_count=1 worksheet_count=1 confidence=12.5
2026-08-18 08:57:01,830 | INFO | Join key candidate=Customer workbook_count=5 worksheet_count=5 confidence=62.5
2026-08-18 08:57:01,830 | INFO | Join key candidate=Sold-to Party workbook_count=3 worksheet_count=3 confidence=37.5
2026-08-18 08:57:01,830 | INFO | Join key candidate=Lookup workbook_count=3 worksheet_count=3 confidence=37.5
2026-08-18 08:57:01,830 | INFO | Join key candidate=SKU workbook_count=2 worksheet_count=2 confidence=25.0
2026-08-18 08:57:01,830 | INFO | Join key candidate=Sales Order workbook_count=2 worksheet_count=2 confidence=25.0
2026-08-18 08:57:01,830 | INFO | Wrote join key analysis to G:\Support\orderbook\project1\OrderbookAutomation\docs\JOIN_KEY_ANALYSIS.md
2026-08-18 08:57:01,830 | WARNING | Duplicate inventory NDC values detected: 12
2026-08-18 08:57:01,836 | INFO | UPS Inventory Hold Code Filter | total_inventory_rows=16 | blank_hold_codes=7 | excluded_hold_codes=9 | unique_ndcs_before=4 | unique_ndcs_after=3 | inventory_before_filter=40488.0 | inventory_after_filter=34152.0
2026-08-18 08:57:01,843 | WARNING | Missing inventory for allocated NDC values: 3
2026-08-18 08:57:01,847 | INFO | Derived inventory stats | inventory_rows=3 | allocated_rows=3 | unique_ndcs=6 | missing_inventory=3 | missing_allocations=3
2026-08-18 08:57:01,847 | WARNING | Optional 'sales_summary' input not found; skipping Lookup Key and MOQ Validation derived datasets for this run.
2026-08-18 08:57:01,877 | INFO | Wrote Phase 2 derived workbook to G:\Support\orderbook\project1\OrderbookAutomation\output\Derived_Data.xlsx
2026-08-18 08:57:01,877 | INFO | Phase 2 completed successfully. Derived workbook saved to G:\Support\orderbook\project1\OrderbookAutomation\output\Derived_Data.xlsx
2026-08-18 08:57:01,881 | INFO | Lookup construction stats | total_rows=8 | rows_with_ndc=8 | rows_with_sold_to_party_name=8 | rows_with_valid_lookup=8 | rows_missing_lookup=0
2026-08-18 08:57:01,897 | INFO | 07-30_inv.xlsx lookup stats | total_rows=8 | values_normalized=0 | successful_matches=4 | unmatched_records=4 | duplicate_lookup_keys=12
2026-08-18 08:57:01,897 | INFO | 07-30_inv.xlsx merged using NDC Code | rows updated=4 | rows missing=3 | duplicate keys=12
2026-08-18 08:57:01,911 | INFO | Open_Order_Summary.xlsx lookup stats | total_rows=8 | values_normalized=0 | successful_matches=0 | unmatched_records=8 | duplicate_lookup_keys=3
2026-08-18 08:57:01,911 | INFO | Open_Order_Summary.xlsx merged using Sold To Party Name | rows updated=0 | rows missing=4 | duplicate keys=3
2026-08-18 08:57:01,913 | WARNING | Skipping sales_summ.xlsx because source dataframe is missing or empty
2026-08-18 08:57:01,932 | INFO | Strend.xlsx lookup stats | total_rows=8 | values_normalized=91 | successful_matches=8 | unmatched_records=0 | duplicate_lookup_keys=0
2026-08-18 08:57:01,932 | INFO | Strend.xlsx merged using Lookup | rows updated=8 | rows missing=99 | duplicate keys=0
2026-08-18 08:57:01,946 | INFO | CIP.xlsx lookup stats | total_rows=8 | values_normalized=0 | successful_matches=0 | unmatched_records=8 | duplicate_lookup_keys=0
2026-08-18 08:57:01,946 | INFO | CIP.xlsx merged using NDC Code | rows updated=0 | rows missing=10 | duplicate keys=0
2026-08-18 08:57:01,960 | INFO | Buying Group source loaded | source=Buying_groups.xlsx | priority=1 | raw_rows=677 | unique_customers=11 | exact_duplicates_removed=666 | same_tier_conflicts=0
2026-08-18 08:57:01,994 | INFO | Buying Group source loaded | source=Strend.xlsx | priority=2 | raw_rows=101 | unique_customers=53 | exact_duplicates_removed=48 | same_tier_conflicts=0
2026-08-18 08:57:02,001 | INFO | Buying Group source loaded | source=Open_Order_Summary.xlsx | priority=3 | raw_rows=7 | unique_customers=4 | exact_duplicates_removed=3 | same_tier_conflicts=0
2026-08-18 08:57:02,033 | INFO | Buying Group multi-source lookup | total_master_rows=8 | rows_after_merge=8 | unique_master_customers=1 | unique_source_customers=56 | exact_duplicates_removed=717 | same_priority_conflicts=0 | lower_priority_disagreements=2 | matched_rows=8 | not_found_rows=0 | duplicate_conflict_rows=0 | populated_rows=8 | blank_rows=0 | matches_by_source={'Strend.xlsx': 8}
2026-08-18 08:57:02,070 | INFO | Award lookup stats | source_rows=129 | total_master_rows=8 | rows_after_merge=8 | matched=0 (lookup=0, ndc=0) | not_found=8 | duplicate_conflict=0 | populated=0 | blank=8 | exact_duplicate_source_rows_removed=0 | conflicting_ndcs=2
2026-08-18 08:57:02,070 | INFO | Lookup construction stats | total_rows=8 | rows_with_ndc=8 | rows_with_sold_to_party_name=8 | rows_with_valid_lookup=8 | rows_missing_lookup=0
2026-08-18 08:57:02,152 | INFO | Saved master workbook to G:\Support\orderbook\project1\OrderbookAutomation\output\Business_Master_Data.xlsx
2026-08-18 08:57:02,152 | INFO | Phase 3 completed successfully. Business Master workbook saved to G:\Support\orderbook\project1\OrderbookAutomation\output\Business_Master_Data.xlsx
2026-08-18 08:57:02,164 | INFO | Determined reporting period from 'PO date': 2026-07
2026-08-18 08:57:02,170 | INFO | Historical sales stats | reporting_period=2026-07 | matched=8 | missing=0 | duplicate_keys=0
2026-08-18 08:57:02,170 | WARNING | MOQ_Issue could not be merged into the final dataset (missing source or key column)
2026-08-18 08:57:02,179 | INFO | SC Comments lookup stats | source_rows=10 | unique_source_ndcs=10 | total_master_rows=8 | rows_after_merge=8 | matched=0 | not_found=8 | duplicate_conflict=0 | populated=0 | blank=8 | exact_duplicate_source_rows_removed=0 | conflicting_ndcs=0 | used_date_column=False
2026-08-18 08:57:02,179 | INFO | Phase 4 enrichment stats | ups_inventory_matches=4 | moq_matches=0 | sc_comments_matches=0 | sc_comments_missing=8 | buying_group_missing=0 | award_missing=8
2026-08-18 08:57:02,191 | INFO | Business rules applied | controlled_products=0 | price_issues=0 | moq_issues=8 | low_ups_inventory=0
2026-08-18 08:57:02,195 | INFO | Historical sales merge stats | matched=8 | missing=0
2026-08-18 08:57:02,208 | INFO | Sales Summary aggregation stats | rows=2 | unique_lookups=2 | duplicate_lookups=0
2026-08-18 08:57:02,243 | INFO | Wrote Sales Summary workbook to G:\Support\orderbook\project1\OrderbookAutomation\output\Sales_Summary.xlsx
2026-08-18 08:57:02,243 | INFO | Orderbook grain validation passed | master_rows=8 | orderbook_rows=8 | dropped_records=0
2026-08-18 08:57:02,288 | INFO | Wrote final POB workbook to G:\Support\orderbook\project1\OrderbookAutomation\output\POB.xlsx
2026-08-18 08:57:02,290 | INFO | Phase 4 completed successfully. Sales Summary saved to G:\Support\orderbook\project1\OrderbookAutomation\output\Sales_Summary.xlsx | POB saved to G:\Support\orderbook\project1\OrderbookAutomation\output\POB.xlsx
2026-08-18 08:57:02,290 | INFO | Phase 1 completed successfully in 1.18 seconds
2026-08-18 09:50:50,168 | INFO | Starting Phase 1 ingestion workflow
2026-08-18 09:50:50,183 | INFO | Application root=G:\Support\orderbook\project1\OrderbookAutomation | input_dir=G:\Support\orderbook\project1\OrderbookAutomation\input
2026-08-18 09:50:50,225 | INFO | Discovery scan | file=07-30_inv.xlsx | sheet=Sheet1 | header_row=0 | header_count=13
2026-08-18 09:50:50,257 | INFO | Discovery scan | file=Awards.xlsx | sheet=Sheet1 | header_row=0 | header_count=7
2026-08-18 09:50:50,273 | INFO | Discovery scan | file=Buying_groups.xlsx | sheet=Sheet1 | header_row=0 | header_count=2
2026-08-18 09:50:50,311 | INFO | Discovery scan | file=CIP.xlsx | sheet=Sheet1 | header_row=0 | header_count=4
2026-08-18 09:50:50,329 | INFO | Discovery scan | file=MOQ.xlsx | sheet=Sheet1 | header_row=0 | header_count=4
2026-08-18 09:50:50,377 | INFO | Discovery scan | file=Open_Order_Summary.xlsx | sheet=Sheet1 | header_row=3 | header_count=21
2026-08-18 09:50:50,432 | INFO | Discovery scan | file=raw_OB.xlsx | sheet=UOB | header_row=0 | header_count=34
2026-08-18 09:50:50,480 | INFO | Discovery scan | file=Strend.xlsx | sheet=Sheet1 | header_row=3 | header_count=66
2026-08-18 09:50:50,480 | INFO | Resolved source 'orderbook' (Orderbook) -> file=raw_OB.xlsx | sheet=UOB
2026-08-18 09:50:50,480 | INFO | Resolved source 'moq' (Material Description / MOQ Master) -> file=MOQ.xlsx | sheet=Sheet1
2026-08-18 09:50:50,480 | INFO | Resolved source 'inventory' (Daily Inventory) -> file=07-30_inv.xlsx | sheet=Sheet1
2026-08-18 09:50:50,480 | INFO | Resolved source 'open_order_summary' (Open Order Summary) -> file=Open_Order_Summary.xlsx | sheet=Sheet1
2026-08-18 09:50:50,480 | INFO | Resolved source 'buying_groups' (Buying Groups) -> file=Buying_groups.xlsx | sheet=Sheet1
2026-08-18 09:50:50,480 | INFO | Resolved source 'awards' (Awards) -> file=Awards.xlsx | sheet=Sheet1
2026-08-18 09:50:50,480 | INFO | Resolved source 'critical_inventory_tracker' (Critical Inventory Tracker (CIP)) -> file=CIP.xlsx | sheet=Sheet1
2026-08-18 09:50:50,480 | WARNING | Optional source 'sales_summary' (Sales Summary) not found in input folder; skipping (not required for this workflow).
2026-08-18 09:50:50,480 | INFO | Resolved source 'sales_trend' (Sales Trend (Strend)) -> file=Strend.xlsx | sheet=Sheet1
2026-08-18 09:50:50,525 | INFO | Loaded workbook=raw_OB.xlsx sheet=UOB rows=8 cols=34
2026-08-18 09:50:50,530 | INFO | Loaded workbook=MOQ.xlsx sheet=Sheet1 rows=4 cols=4
2026-08-18 09:50:50,553 | INFO | Loaded workbook=07-30_inv.xlsx sheet=Sheet1 rows=16 cols=13
2026-08-18 09:50:50,580 | INFO | Loaded workbook=Open_Order_Summary.xlsx sheet=Sheet1 rows=7 cols=21
2026-08-18 09:50:50,625 | INFO | Loaded workbook=Buying_groups.xlsx sheet=Sheet1 rows=677 cols=2
2026-08-18 09:50:50,650 | INFO | Loaded workbook=Awards.xlsx sheet=Sheet1 rows=129 cols=7
2026-08-18 09:50:50,665 | INFO | Loaded workbook=CIP.xlsx sheet=Sheet1 rows=10 cols=4
2026-08-18 09:50:50,840 | INFO | Loaded workbook=Strend.xlsx sheet=Sheet1 rows=101 cols=66
2026-08-18 09:50:50,862 | WARNING | EMPTY_COLUMNS | workbook=Orderbook | worksheet=UOB | Completely blank columns: ['Floor limit Blk', 'Multiple of MOQ Blk', 'Expected Price Blk', 'SOM Indc.']
2026-08-18 09:50:50,862 | INFO | MISSING_OPTIONAL_WORKBOOK | workbook=Sales Summary | worksheet= | The 'Sales Summary' source was not loaded. Hint: Sales summary export (optional; not required for this workflow).
2026-08-18 09:50:50,863 | WARNING | BLANK_HEADERS | workbook=Sales Trend (Strend) | worksheet=Sheet1 | Blank raw headers found: 3
2026-08-18 09:50:50,882 | INFO | Profiled workbook=raw_OB.xlsx sheet=UOB
2026-08-18 09:50:50,884 | INFO | Profiled workbook=MOQ.xlsx sheet=Sheet1
2026-08-18 09:50:50,884 | INFO | Profiled workbook=07-30_inv.xlsx sheet=Sheet1
2026-08-18 09:50:50,899 | INFO | Profiled workbook=Open_Order_Summary.xlsx sheet=Sheet1
2026-08-18 09:50:50,903 | INFO | Profiled workbook=Buying_groups.xlsx sheet=Sheet1
2026-08-18 09:50:50,907 | INFO | Profiled workbook=Awards.xlsx sheet=Sheet1
2026-08-18 09:50:50,914 | INFO | Profiled workbook=CIP.xlsx sheet=Sheet1
2026-08-18 09:50:50,979 | INFO | Profiled workbook=Strend.xlsx sheet=Sheet1
2026-08-18 09:50:51,024 | INFO | Wrote Workbook_Profile.xlsx to G:\Support\orderbook\project1\OrderbookAutomation\output\Workbook_Profile.xlsx
2026-08-18 09:50:51,056 | INFO | Wrote data dictionary to G:\Support\orderbook\project1\OrderbookAutomation\docs\DATA_DICTIONARY.md
2026-08-18 09:50:51,056 | INFO | Join key candidate=NDC workbook_count=6 worksheet_count=6 confidence=75.0
2026-08-18 09:50:51,056 | INFO | Join key candidate=Material Number workbook_count=1 worksheet_count=1 confidence=12.5
2026-08-18 09:50:51,056 | INFO | Join key candidate=Customer workbook_count=5 worksheet_count=5 confidence=62.5
2026-08-18 09:50:51,056 | INFO | Join key candidate=Sold-to Party workbook_count=3 worksheet_count=3 confidence=37.5
2026-08-18 09:50:51,056 | INFO | Join key candidate=Lookup workbook_count=3 worksheet_count=3 confidence=37.5
2026-08-18 09:50:51,056 | INFO | Join key candidate=SKU workbook_count=2 worksheet_count=2 confidence=25.0
2026-08-18 09:50:51,056 | INFO | Join key candidate=Sales Order workbook_count=2 worksheet_count=2 confidence=25.0
2026-08-18 09:50:51,056 | INFO | Wrote join key analysis to G:\Support\orderbook\project1\OrderbookAutomation\docs\JOIN_KEY_ANALYSIS.md
2026-08-18 09:50:51,056 | WARNING | Duplicate inventory NDC values detected: 12
2026-08-18 09:50:51,063 | INFO | UPS Inventory Hold Code Filter | total_inventory_rows=16 | blank_hold_codes=7 | excluded_hold_codes=9 | unique_ndcs_before=4 | unique_ndcs_after=3 | inventory_before_filter=40488.0 | inventory_after_filter=34152.0
2026-08-18 09:50:51,072 | WARNING | Missing inventory for allocated NDC values: 3
2026-08-18 09:50:51,072 | INFO | Derived inventory stats | inventory_rows=3 | allocated_rows=3 | unique_ndcs=6 | missing_inventory=3 | missing_allocations=3
2026-08-18 09:50:51,072 | WARNING | Optional 'sales_summary' input not found; skipping Lookup Key and MOQ Validation derived datasets for this run.
2026-08-18 09:50:51,110 | INFO | Wrote Phase 2 derived workbook to G:\Support\orderbook\project1\OrderbookAutomation\output\Derived_Data.xlsx
2026-08-18 09:50:51,110 | INFO | Phase 2 completed successfully. Derived workbook saved to G:\Support\orderbook\project1\OrderbookAutomation\output\Derived_Data.xlsx
2026-08-18 09:50:51,110 | INFO | Lookup construction stats | total_rows=8 | rows_with_ndc=8 | rows_with_sold_to_party_name=8 | rows_with_valid_lookup=8 | rows_missing_lookup=0
2026-08-18 09:50:51,142 | INFO | 07-30_inv.xlsx lookup stats | total_rows=8 | values_normalized=0 | successful_matches=4 | unmatched_records=4 | duplicate_lookup_keys=12
2026-08-18 09:50:51,142 | INFO | 07-30_inv.xlsx merged using NDC Code | rows updated=4 | rows missing=3 | duplicate keys=12
2026-08-18 09:50:51,150 | INFO | Open_Order_Summary.xlsx lookup stats | total_rows=8 | values_normalized=0 | successful_matches=0 | unmatched_records=8 | duplicate_lookup_keys=3
2026-08-18 09:50:51,150 | INFO | Open_Order_Summary.xlsx merged using Sold To Party Name | rows updated=0 | rows missing=4 | duplicate keys=3
2026-08-18 09:50:51,150 | WARNING | Skipping sales_summ.xlsx because source dataframe is missing or empty
2026-08-18 09:50:51,187 | INFO | Strend.xlsx lookup stats | total_rows=8 | values_normalized=91 | successful_matches=8 | unmatched_records=0 | duplicate_lookup_keys=0
2026-08-18 09:50:51,187 | INFO | Strend.xlsx merged using Lookup | rows updated=8 | rows missing=99 | duplicate keys=0
2026-08-18 09:50:51,204 | INFO | CIP.xlsx lookup stats | total_rows=8 | values_normalized=0 | successful_matches=0 | unmatched_records=8 | duplicate_lookup_keys=0
2026-08-18 09:50:51,204 | INFO | CIP.xlsx merged using NDC Code | rows updated=0 | rows missing=10 | duplicate keys=0
2026-08-18 09:50:51,219 | INFO | Buying Group source loaded | source=Buying_groups.xlsx | priority=1 | raw_rows=677 | unique_customers=11 | exact_duplicates_removed=666 | same_tier_conflicts=0
2026-08-18 09:50:51,261 | INFO | Buying Group source loaded | source=Strend.xlsx | priority=2 | raw_rows=101 | unique_customers=53 | exact_duplicates_removed=48 | same_tier_conflicts=0
2026-08-18 09:50:51,261 | INFO | Buying Group source loaded | source=Open_Order_Summary.xlsx | priority=3 | raw_rows=7 | unique_customers=4 | exact_duplicates_removed=3 | same_tier_conflicts=0
2026-08-18 09:50:51,293 | INFO | Buying Group multi-source lookup | total_master_rows=8 | rows_after_merge=8 | unique_master_customers=1 | unique_source_customers=56 | exact_duplicates_removed=717 | same_priority_conflicts=0 | lower_priority_disagreements=2 | matched_rows=8 | not_found_rows=0 | duplicate_conflict_rows=0 | populated_rows=8 | blank_rows=0 | matches_by_source={'Strend.xlsx': 8}
2026-08-18 09:50:51,356 | INFO | Award lookup stats | source_rows=129 | total_master_rows=8 | rows_after_merge=8 | matched=0 (lookup=0, ndc=0) | not_found=8 | duplicate_conflict=0 | populated=0 | blank=8 | exact_duplicate_source_rows_removed=0 | conflicting_ndcs=2
2026-08-18 09:50:51,356 | INFO | Lookup construction stats | total_rows=8 | rows_with_ndc=8 | rows_with_sold_to_party_name=8 | rows_with_valid_lookup=8 | rows_missing_lookup=0
2026-08-18 09:50:51,435 | INFO | Saved master workbook to G:\Support\orderbook\project1\OrderbookAutomation\output\Business_Master_Data.xlsx
2026-08-18 09:50:51,435 | INFO | Phase 3 completed successfully. Business Master workbook saved to G:\Support\orderbook\project1\OrderbookAutomation\output\Business_Master_Data.xlsx
2026-08-18 09:50:51,450 | INFO | Determined reporting period from 'PO date': 2026-07
2026-08-18 09:50:51,462 | INFO | Historical sales stats | reporting_period=2026-07 | matched=8 | missing=0 | duplicate_keys=0
2026-08-18 09:50:51,462 | WARNING | MOQ_Issue could not be merged into the final dataset (missing source or key column)
2026-08-18 09:50:51,479 | INFO | SC Comments lookup stats | source_rows=10 | unique_source_ndcs=10 | total_master_rows=8 | rows_after_merge=8 | matched=0 | not_found=8 | duplicate_conflict=0 | populated=0 | blank=8 | exact_duplicate_source_rows_removed=0 | conflicting_ndcs=0 | used_date_column=False
2026-08-18 09:50:51,479 | INFO | Phase 4 enrichment stats | ups_inventory_matches=4 | moq_matches=0 | sc_comments_matches=0 | sc_comments_missing=8 | buying_group_missing=0 | award_missing=8
2026-08-18 09:50:51,479 | INFO | Business rules applied | controlled_products=0 | price_issues=0 | moq_issues=8 | low_ups_inventory=0
2026-08-18 09:50:51,479 | INFO | Historical sales merge stats | matched=8 | missing=0
2026-08-18 09:50:51,500 | INFO | Sales Summary aggregation stats | rows=2 | unique_lookups=2 | duplicate_lookups=0
2026-08-18 09:50:51,546 | INFO | Wrote Sales Summary workbook to G:\Support\orderbook\project1\OrderbookAutomation\output\Sales_Summary.xlsx
2026-08-18 09:50:51,546 | INFO | Orderbook grain validation passed | master_rows=8 | orderbook_rows=8 | dropped_records=0
2026-08-18 09:50:51,603 | INFO | Wrote final POB workbook to G:\Support\orderbook\project1\OrderbookAutomation\output\POB.xlsx
2026-08-18 09:50:51,603 | INFO | Phase 4 completed successfully. Sales Summary saved to G:\Support\orderbook\project1\OrderbookAutomation\output\Sales_Summary.xlsx | POB saved to G:\Support\orderbook\project1\OrderbookAutomation\output\POB.xlsx
2026-08-18 09:50:51,603 | INFO | Phase 1 completed successfully in 1.43 seconds
2026-08-18 22:52:10,363 | INFO | Starting Phase 1 ingestion workflow
2026-08-18 22:52:10,378 | INFO | Application root=G:\Support\orderbook\project1\OrderbookAutomation | input_dir=G:\Support\orderbook\project1\OrderbookAutomation\input
2026-08-18 22:52:10,426 | INFO | Discovery scan | file=07-30_inv.xlsx | sheet=Sheet1 | header_row=0 | header_count=13
2026-08-18 22:52:10,483 | INFO | Discovery scan | file=Awards.xlsx | sheet=Sheet1 | header_row=0 | header_count=7
2026-08-18 22:52:10,503 | INFO | Discovery scan | file=Buying_groups.xlsx | sheet=Sheet1 | header_row=0 | header_count=2
2026-08-18 22:52:10,530 | INFO | Discovery scan | file=CIP.xlsx | sheet=Sheet1 | header_row=0 | header_count=4
2026-08-18 22:52:10,578 | INFO | Discovery scan | file=MOQ.xlsx | sheet=Sheet1 | header_row=0 | header_count=4
2026-08-18 22:52:10,626 | INFO | Discovery scan | file=Open_Order_Summary.xlsx | sheet=Sheet1 | header_row=3 | header_count=21
2026-08-18 22:52:10,674 | INFO | Discovery scan | file=raw_OB.xlsx | sheet=UOB | header_row=0 | header_count=34
2026-08-18 22:52:10,721 | INFO | Discovery scan | file=Strend.xlsx | sheet=Sheet1 | header_row=3 | header_count=66
2026-08-18 22:52:10,721 | INFO | Resolved source 'orderbook' (Orderbook) -> file=raw_OB.xlsx | sheet=UOB
2026-08-18 22:52:10,721 | INFO | Resolved source 'moq' (Material Description / MOQ Master) -> file=MOQ.xlsx | sheet=Sheet1
2026-08-18 22:52:10,721 | INFO | Resolved source 'inventory' (Daily Inventory) -> file=07-30_inv.xlsx | sheet=Sheet1
2026-08-18 22:52:10,721 | INFO | Resolved source 'open_order_summary' (Open Order Summary) -> file=Open_Order_Summary.xlsx | sheet=Sheet1
2026-08-18 22:52:10,721 | INFO | Resolved source 'buying_groups' (Buying Groups) -> file=Buying_groups.xlsx | sheet=Sheet1
2026-08-18 22:52:10,721 | INFO | Resolved source 'awards' (Awards) -> file=Awards.xlsx | sheet=Sheet1
2026-08-18 22:52:10,721 | INFO | Resolved source 'critical_inventory_tracker' (Critical Inventory Tracker (CIP)) -> file=CIP.xlsx | sheet=Sheet1
2026-08-18 22:52:10,721 | WARNING | Optional source 'sales_summary' (Sales Summary) not found in input folder; skipping (not required for this workflow).
2026-08-18 22:52:10,721 | INFO | Resolved source 'sales_trend' (Sales Trend (Strend)) -> file=Strend.xlsx | sheet=Sheet1
2026-08-18 22:52:10,753 | INFO | Loaded workbook=raw_OB.xlsx sheet=UOB rows=8 cols=34
2026-08-18 22:52:10,769 | INFO | Loaded workbook=MOQ.xlsx sheet=Sheet1 rows=4 cols=4
2026-08-18 22:52:10,785 | INFO | Loaded workbook=07-30_inv.xlsx sheet=Sheet1 rows=16 cols=13
2026-08-18 22:52:10,801 | INFO | Loaded workbook=Open_Order_Summary.xlsx sheet=Sheet1 rows=7 cols=21
2026-08-18 22:52:10,829 | INFO | Loaded workbook=Buying_groups.xlsx sheet=Sheet1 rows=677 cols=2
2026-08-18 22:52:10,863 | INFO | Loaded workbook=Awards.xlsx sheet=Sheet1 rows=129 cols=7
2026-08-18 22:52:10,863 | INFO | Loaded workbook=CIP.xlsx sheet=Sheet1 rows=10 cols=4
2026-08-18 22:52:11,015 | INFO | Loaded workbook=Strend.xlsx sheet=Sheet1 rows=101 cols=66
2026-08-18 22:52:11,031 | WARNING | EMPTY_COLUMNS | workbook=Orderbook | worksheet=UOB | Completely blank columns: ['Floor limit Blk', 'Multiple of MOQ Blk', 'Expected Price Blk', 'SOM Indc.']
2026-08-18 22:52:11,031 | INFO | MISSING_OPTIONAL_WORKBOOK | workbook=Sales Summary | worksheet= | The 'Sales Summary' source was not loaded. Hint: Sales summary export (optional; not required for this workflow).
2026-08-18 22:52:11,031 | WARNING | BLANK_HEADERS | workbook=Sales Trend (Strend) | worksheet=Sheet1 | Blank raw headers found: 3
2026-08-18 22:52:11,047 | INFO | Profiled workbook=raw_OB.xlsx sheet=UOB
2026-08-18 22:52:11,047 | INFO | Profiled workbook=MOQ.xlsx sheet=Sheet1
2026-08-18 22:52:11,047 | INFO | Profiled workbook=07-30_inv.xlsx sheet=Sheet1
2026-08-18 22:52:11,047 | INFO | Profiled workbook=Open_Order_Summary.xlsx sheet=Sheet1
2026-08-18 22:52:11,062 | INFO | Profiled workbook=Buying_groups.xlsx sheet=Sheet1
2026-08-18 22:52:11,063 | INFO | Profiled workbook=Awards.xlsx sheet=Sheet1
2026-08-18 22:52:11,063 | INFO | Profiled workbook=CIP.xlsx sheet=Sheet1
2026-08-18 22:52:11,079 | INFO | Profiled workbook=Strend.xlsx sheet=Sheet1
2026-08-18 22:52:11,110 | INFO | Wrote Workbook_Profile.xlsx to G:\Support\orderbook\project1\OrderbookAutomation\output\Workbook_Profile.xlsx
2026-08-18 22:52:11,127 | INFO | Wrote data dictionary to G:\Support\orderbook\project1\OrderbookAutomation\docs\DATA_DICTIONARY.md
2026-08-18 22:52:11,127 | INFO | Join key candidate=NDC workbook_count=6 worksheet_count=6 confidence=75.0
2026-08-18 22:52:11,127 | INFO | Join key candidate=Material Number workbook_count=1 worksheet_count=1 confidence=12.5
2026-08-18 22:52:11,127 | INFO | Join key candidate=Customer workbook_count=5 worksheet_count=5 confidence=62.5
2026-08-18 22:52:11,127 | INFO | Join key candidate=Sold-to Party workbook_count=3 worksheet_count=3 confidence=37.5
2026-08-18 22:52:11,127 | INFO | Join key candidate=Lookup workbook_count=3 worksheet_count=3 confidence=37.5
2026-08-18 22:52:11,127 | INFO | Join key candidate=SKU workbook_count=2 worksheet_count=2 confidence=25.0
2026-08-18 22:52:11,127 | INFO | Join key candidate=Sales Order workbook_count=2 worksheet_count=2 confidence=25.0
2026-08-18 22:52:11,127 | INFO | Wrote join key analysis to G:\Support\orderbook\project1\OrderbookAutomation\docs\JOIN_KEY_ANALYSIS.md
2026-08-18 22:52:11,142 | WARNING | Duplicate inventory NDC values detected: 12
2026-08-18 22:52:11,142 | INFO | UPS Inventory Hold Code Filter | total_inventory_rows=16 | blank_hold_codes=7 | excluded_hold_codes=9 | unique_ndcs_before=4 | unique_ndcs_after=3 | inventory_before_filter=40488.0 | inventory_after_filter=34152.0
2026-08-18 22:52:11,142 | WARNING | Missing inventory for allocated NDC values: 3
2026-08-18 22:52:11,142 | INFO | Derived inventory stats | inventory_rows=3 | allocated_rows=3 | unique_ndcs=6 | missing_inventory=3 | missing_allocations=3
2026-08-18 22:52:11,142 | WARNING | Optional 'sales_summary' input not found; skipping Lookup Key and MOQ Validation derived datasets for this run.
2026-08-18 22:52:11,174 | INFO | Wrote Phase 2 derived workbook to G:\Support\orderbook\project1\OrderbookAutomation\output\Derived_Data.xlsx
2026-08-18 22:52:11,174 | INFO | Phase 2 completed successfully. Derived workbook saved to G:\Support\orderbook\project1\OrderbookAutomation\output\Derived_Data.xlsx
2026-08-18 22:52:11,174 | INFO | Lookup construction stats | total_rows=8 | rows_with_ndc=8 | rows_with_sold_to_party_name=8 | rows_with_valid_lookup=8 | rows_missing_lookup=0
2026-08-18 22:52:11,190 | INFO | 07-30_inv.xlsx lookup stats | total_rows=8 | values_normalized=0 | successful_matches=4 | unmatched_records=4 | duplicate_lookup_keys=12
2026-08-18 22:52:11,190 | INFO | 07-30_inv.xlsx merged using NDC Code | rows updated=4 | rows missing=3 | duplicate keys=12
2026-08-18 22:52:11,206 | INFO | Open_Order_Summary.xlsx lookup stats | total_rows=8 | values_normalized=0 | successful_matches=0 | unmatched_records=8 | duplicate_lookup_keys=3
2026-08-18 22:52:11,206 | INFO | Open_Order_Summary.xlsx merged using Sold To Party Name | rows updated=0 | rows missing=4 | duplicate keys=3
2026-08-18 22:52:11,206 | WARNING | Skipping sales_summ.xlsx because source dataframe is missing or empty
2026-08-18 22:52:11,222 | INFO | Strend.xlsx lookup stats | total_rows=8 | values_normalized=91 | successful_matches=8 | unmatched_records=0 | duplicate_lookup_keys=0
2026-08-18 22:52:11,222 | INFO | Strend.xlsx merged using Lookup | rows updated=8 | rows missing=99 | duplicate keys=0
2026-08-18 22:52:11,237 | INFO | CIP.xlsx lookup stats | total_rows=8 | values_normalized=0 | successful_matches=0 | unmatched_records=8 | duplicate_lookup_keys=0
2026-08-18 22:52:11,237 | INFO | CIP.xlsx merged using NDC Code | rows updated=0 | rows missing=10 | duplicate keys=0
2026-08-18 22:52:11,253 | INFO | Buying Group source loaded | source=Buying_groups.xlsx | priority=1 | raw_rows=677 | unique_customers=11 | exact_duplicates_removed=666 | same_tier_conflicts=0
2026-08-18 22:52:11,285 | INFO | Buying Group source loaded | source=Strend.xlsx | priority=2 | raw_rows=101 | unique_customers=53 | exact_duplicates_removed=48 | same_tier_conflicts=0
2026-08-18 22:52:11,301 | INFO | Buying Group source loaded | source=Open_Order_Summary.xlsx | priority=3 | raw_rows=7 | unique_customers=4 | exact_duplicates_removed=3 | same_tier_conflicts=0
2026-08-18 22:52:11,333 | INFO | Buying Group multi-source lookup | total_master_rows=8 | rows_after_merge=8 | unique_master_customers=1 | unique_source_customers=56 | exact_duplicates_removed=717 | same_priority_conflicts=0 | lower_priority_disagreements=2 | matched_rows=8 | not_found_rows=0 | duplicate_conflict_rows=0 | populated_rows=8 | blank_rows=0 | matches_by_source={'Strend.xlsx': 8}
2026-08-18 22:52:11,365 | INFO | Award lookup stats | source_rows=129 | total_master_rows=8 | rows_after_merge=8 | matched=0 (lookup=0, ndc=0) | not_found=8 | duplicate_conflict=0 | populated=0 | blank=8 | exact_duplicate_source_rows_removed=0 | conflicting_ndcs=2
2026-08-18 22:52:11,365 | INFO | Lookup construction stats | total_rows=8 | rows_with_ndc=8 | rows_with_sold_to_party_name=8 | rows_with_valid_lookup=8 | rows_missing_lookup=0
2026-08-18 22:52:11,482 | INFO | Saved master workbook to G:\Support\orderbook\project1\OrderbookAutomation\output\Business_Master_Data.xlsx
2026-08-18 22:52:11,482 | INFO | Phase 3 completed successfully. Business Master workbook saved to G:\Support\orderbook\project1\OrderbookAutomation\output\Business_Master_Data.xlsx
2026-08-18 22:52:11,485 | INFO | Determined reporting period from 'PO date': 2026-07
2026-08-18 22:52:11,491 | INFO | Historical sales stats | reporting_period=2026-07 | matched=8 | missing=0 | duplicate_keys=0
2026-08-18 22:52:11,497 | WARNING | MOQ_Issue could not be merged into the final dataset (missing source or key column)
2026-08-18 22:52:11,507 | INFO | SC Comments lookup stats | source_rows=10 | unique_source_ndcs=10 | total_master_rows=8 | rows_after_merge=8 | matched=0 | not_found=8 | duplicate_conflict=0 | populated=0 | blank=8 | exact_duplicate_source_rows_removed=0 | conflicting_ndcs=0 | used_date_column=False
2026-08-18 22:52:11,507 | INFO | Phase 4 enrichment stats | ups_inventory_matches=4 | moq_matches=0 | sc_comments_matches=0 | sc_comments_missing=8 | buying_group_missing=0 | award_missing=8
2026-08-18 22:52:11,511 | INFO | Business rules applied | controlled_products=0 | price_issues=0 | moq_issues=8 | low_ups_inventory=0
2026-08-18 22:52:11,513 | INFO | Historical sales merge stats | matched=8 | missing=0
2026-08-18 22:52:11,523 | INFO | Sales Summary aggregation stats | rows=2 | unique_lookups=2 | duplicate_lookups=0
2026-08-18 22:52:11,544 | INFO | Wrote Sales Summary workbook to G:\Support\orderbook\project1\OrderbookAutomation\output\Sales_Summary.xlsx
2026-08-18 22:52:11,544 | INFO | Orderbook grain validation passed | master_rows=8 | orderbook_rows=8 | dropped_records=0
2026-08-18 22:52:11,596 | INFO | Wrote final POB workbook to G:\Support\orderbook\project1\OrderbookAutomation\output\POB.xlsx
2026-08-18 22:52:11,596 | INFO | Phase 4 completed successfully. Sales Summary saved to G:\Support\orderbook\project1\OrderbookAutomation\output\Sales_Summary.xlsx | POB saved to G:\Support\orderbook\project1\OrderbookAutomation\output\POB.xlsx
2026-08-18 22:52:11,596 | INFO | Phase 1 completed successfully in 1.24 seconds
2026-08-19 09:02:08,025 | INFO | Starting Phase 1 ingestion workflow
2026-08-19 09:02:08,042 | INFO | Application root=G:\Support\orderbook\project1\OrderbookAutomation | input_dir=G:\Support\orderbook\project1\OrderbookAutomation\input
2026-08-19 09:02:08,078 | INFO | Discovery scan | file=07-30_inv.xlsx | sheet=Sheet1 | header_row=0 | header_count=13
2026-08-19 09:02:08,142 | INFO | Discovery scan | file=Awards.xlsx | sheet=Sheet1 | header_row=0 | header_count=7
2026-08-19 09:02:08,158 | INFO | Discovery scan | file=Buying_groups.xlsx | sheet=Sheet1 | header_row=0 | header_count=2
2026-08-19 09:02:08,192 | INFO | Discovery scan | file=CIP.xlsx | sheet=Sheet1 | header_row=0 | header_count=4
2026-08-19 09:02:08,225 | INFO | Discovery scan | file=MOQ.xlsx | sheet=Sheet1 | header_row=0 | header_count=4
2026-08-19 09:02:08,258 | INFO | Discovery scan | file=Open_Order_Summary.xlsx | sheet=Sheet1 | header_row=3 | header_count=21
2026-08-19 09:02:08,292 | INFO | Discovery scan | file=raw_OB.xlsx | sheet=UOB | header_row=0 | header_count=34
2026-08-19 09:02:08,358 | INFO | Discovery scan | file=Strend.xlsx | sheet=Sheet1 | header_row=3 | header_count=66
2026-08-19 09:02:08,358 | INFO | Resolved source 'orderbook' (Orderbook) -> file=raw_OB.xlsx | sheet=UOB
2026-08-19 09:02:08,358 | INFO | Resolved source 'moq' (Material Description / MOQ Master) -> file=MOQ.xlsx | sheet=Sheet1
2026-08-19 09:02:08,358 | INFO | Resolved source 'inventory' (Daily Inventory) -> file=07-30_inv.xlsx | sheet=Sheet1
2026-08-19 09:02:08,358 | INFO | Resolved source 'open_order_summary' (Open Order Summary) -> file=Open_Order_Summary.xlsx | sheet=Sheet1
2026-08-19 09:02:08,358 | INFO | Resolved source 'buying_groups' (Buying Groups) -> file=Buying_groups.xlsx | sheet=Sheet1
2026-08-19 09:02:08,358 | INFO | Resolved source 'awards' (Awards) -> file=Awards.xlsx | sheet=Sheet1
2026-08-19 09:02:08,358 | INFO | Resolved source 'critical_inventory_tracker' (Critical Inventory Tracker (CIP)) -> file=CIP.xlsx | sheet=Sheet1
2026-08-19 09:02:08,358 | WARNING | Optional source 'sales_summary' (Sales Summary) not found in input folder; skipping (not required for this workflow).
2026-08-19 09:02:08,358 | INFO | Resolved source 'sales_trend' (Sales Trend (Strend)) -> file=Strend.xlsx | sheet=Sheet1
2026-08-19 09:02:08,375 | INFO | Loaded workbook=raw_OB.xlsx sheet=UOB rows=8 cols=34
2026-08-19 09:02:08,392 | INFO | Loaded workbook=MOQ.xlsx sheet=Sheet1 rows=4 cols=4
2026-08-19 09:02:08,408 | INFO | Loaded workbook=07-30_inv.xlsx sheet=Sheet1 rows=16 cols=13
2026-08-19 09:02:08,425 | INFO | Loaded workbook=Open_Order_Summary.xlsx sheet=Sheet1 rows=7 cols=21
2026-08-19 09:02:08,458 | INFO | Loaded workbook=Buying_groups.xlsx sheet=Sheet1 rows=677 cols=2
2026-08-19 09:02:08,475 | INFO | Loaded workbook=Awards.xlsx sheet=Sheet1 rows=129 cols=7
2026-08-19 09:02:08,493 | INFO | Loaded workbook=CIP.xlsx sheet=Sheet1 rows=10 cols=4
2026-08-19 09:02:08,642 | INFO | Loaded workbook=Strend.xlsx sheet=Sheet1 rows=101 cols=66
2026-08-19 09:02:08,658 | WARNING | EMPTY_COLUMNS | workbook=Orderbook | worksheet=UOB | Completely blank columns: ['Floor limit Blk', 'Multiple of MOQ Blk', 'Expected Price Blk', 'SOM Indc.']
2026-08-19 09:02:08,658 | INFO | MISSING_OPTIONAL_WORKBOOK | workbook=Sales Summary | worksheet= | The 'Sales Summary' source was not loaded. Hint: Sales summary export (optional; not required for this workflow).
2026-08-19 09:02:08,658 | WARNING | BLANK_HEADERS | workbook=Sales Trend (Strend) | worksheet=Sheet1 | Blank raw headers found: 3
2026-08-19 09:02:08,675 | INFO | Profiled workbook=raw_OB.xlsx sheet=UOB
2026-08-19 09:02:08,675 | INFO | Profiled workbook=MOQ.xlsx sheet=Sheet1
2026-08-19 09:02:08,675 | INFO | Profiled workbook=07-30_inv.xlsx sheet=Sheet1
2026-08-19 09:02:08,692 | INFO | Profiled workbook=Open_Order_Summary.xlsx sheet=Sheet1
2026-08-19 09:02:08,692 | INFO | Profiled workbook=Buying_groups.xlsx sheet=Sheet1
2026-08-19 09:02:08,692 | INFO | Profiled workbook=Awards.xlsx sheet=Sheet1
2026-08-19 09:02:08,692 | INFO | Profiled workbook=CIP.xlsx sheet=Sheet1
2026-08-19 09:02:08,710 | INFO | Profiled workbook=Strend.xlsx sheet=Sheet1
2026-08-19 09:02:08,758 | INFO | Wrote Workbook_Profile.xlsx to G:\Support\orderbook\project1\OrderbookAutomation\output\Workbook_Profile.xlsx
2026-08-19 09:02:08,792 | INFO | Wrote data dictionary to G:\Support\orderbook\project1\OrderbookAutomation\docs\DATA_DICTIONARY.md
2026-08-19 09:02:08,792 | INFO | Join key candidate=NDC workbook_count=6 worksheet_count=6 confidence=75.0
2026-08-19 09:02:08,792 | INFO | Join key candidate=Material Number workbook_count=1 worksheet_count=1 confidence=12.5
2026-08-19 09:02:08,792 | INFO | Join key candidate=Customer workbook_count=5 worksheet_count=5 confidence=62.5
2026-08-19 09:02:08,792 | INFO | Join key candidate=Sold-to Party workbook_count=3 worksheet_count=3 confidence=37.5
2026-08-19 09:02:08,792 | INFO | Join key candidate=Lookup workbook_count=3 worksheet_count=3 confidence=37.5
2026-08-19 09:02:08,792 | INFO | Join key candidate=SKU workbook_count=2 worksheet_count=2 confidence=25.0
2026-08-19 09:02:08,792 | INFO | Join key candidate=Sales Order workbook_count=2 worksheet_count=2 confidence=25.0
2026-08-19 09:02:08,792 | INFO | Wrote join key analysis to G:\Support\orderbook\project1\OrderbookAutomation\docs\JOIN_KEY_ANALYSIS.md
2026-08-19 09:02:08,792 | WARNING | Duplicate inventory NDC values detected: 12
2026-08-19 09:02:08,792 | INFO | UPS Inventory Hold Code Filter | total_inventory_rows=16 | blank_hold_codes=7 | excluded_hold_codes=9 | unique_ndcs_before=4 | unique_ndcs_after=3 | inventory_before_filter=40488.0 | inventory_after_filter=34152.0
2026-08-19 09:02:08,792 | WARNING | Missing inventory for allocated NDC values: 3
2026-08-19 09:02:08,808 | INFO | Derived inventory stats | inventory_rows=3 | allocated_rows=3 | unique_ndcs=6 | missing_inventory=3 | missing_allocations=3
2026-08-19 09:02:08,808 | WARNING | Optional 'sales_summary' input not found; skipping Lookup Key and MOQ Validation derived datasets for this run.
2026-08-19 09:02:08,825 | INFO | Wrote Phase 2 derived workbook to G:\Support\orderbook\project1\OrderbookAutomation\output\Derived_Data.xlsx
2026-08-19 09:02:08,825 | INFO | Phase 2 completed successfully. Derived workbook saved to G:\Support\orderbook\project1\OrderbookAutomation\output\Derived_Data.xlsx
2026-08-19 09:02:08,842 | INFO | Lookup construction stats | total_rows=8 | rows_with_ndc=8 | rows_with_sold_to_party_name=8 | rows_with_valid_lookup=8 | rows_missing_lookup=0
2026-08-19 09:02:08,858 | INFO | 07-30_inv.xlsx lookup stats | total_rows=8 | values_normalized=0 | successful_matches=4 | unmatched_records=4 | duplicate_lookup_keys=12
2026-08-19 09:02:08,858 | INFO | 07-30_inv.xlsx merged using NDC Code | rows updated=4 | rows missing=3 | duplicate keys=12
2026-08-19 09:02:08,858 | INFO | Open_Order_Summary.xlsx lookup stats | total_rows=8 | values_normalized=0 | successful_matches=0 | unmatched_records=8 | duplicate_lookup_keys=3
2026-08-19 09:02:08,858 | INFO | Open_Order_Summary.xlsx merged using Sold To Party Name | rows updated=0 | rows missing=4 | duplicate keys=3
2026-08-19 09:02:08,858 | WARNING | Skipping sales_summ.xlsx because source dataframe is missing or empty
2026-08-19 09:02:08,891 | INFO | Strend.xlsx lookup stats | total_rows=8 | values_normalized=91 | successful_matches=8 | unmatched_records=0 | duplicate_lookup_keys=0
2026-08-19 09:02:08,891 | INFO | Strend.xlsx merged using Lookup | rows updated=8 | rows missing=99 | duplicate keys=0
2026-08-19 09:02:08,891 | INFO | CIP.xlsx lookup stats | total_rows=8 | values_normalized=0 | successful_matches=0 | unmatched_records=8 | duplicate_lookup_keys=0
2026-08-19 09:02:08,891 | INFO | CIP.xlsx merged using NDC Code | rows updated=0 | rows missing=10 | duplicate keys=0
2026-08-19 09:02:08,908 | INFO | Buying Group source loaded | source=Buying_groups.xlsx | priority=1 | raw_rows=677 | unique_customers=11 | exact_duplicates_removed=666 | same_tier_conflicts=0
2026-08-19 09:02:08,942 | INFO | Buying Group source loaded | source=Strend.xlsx | priority=2 | raw_rows=101 | unique_customers=53 | exact_duplicates_removed=48 | same_tier_conflicts=0
2026-08-19 09:02:08,958 | INFO | Buying Group source loaded | source=Open_Order_Summary.xlsx | priority=3 | raw_rows=7 | unique_customers=4 | exact_duplicates_removed=3 | same_tier_conflicts=0
2026-08-19 09:02:08,975 | INFO | Buying Group multi-source lookup | total_master_rows=8 | rows_after_merge=8 | unique_master_customers=1 | unique_source_customers=56 | exact_duplicates_removed=717 | same_priority_conflicts=0 | lower_priority_disagreements=2 | matched_rows=8 | not_found_rows=0 | duplicate_conflict_rows=0 | populated_rows=8 | blank_rows=0 | matches_by_source={'Strend.xlsx': 8}
2026-08-19 09:02:09,025 | INFO | Award lookup stats | source_rows=129 | total_master_rows=8 | rows_after_merge=8 | matched=0 (lookup=0, ndc=0) | not_found=8 | duplicate_conflict=0 | populated=0 | blank=8 | exact_duplicate_source_rows_removed=0 | conflicting_ndcs=2
2026-08-19 09:02:09,025 | INFO | Lookup construction stats | total_rows=8 | rows_with_ndc=8 | rows_with_sold_to_party_name=8 | rows_with_valid_lookup=8 | rows_missing_lookup=0
2026-08-19 09:02:09,125 | INFO | Saved master workbook to G:\Support\orderbook\project1\OrderbookAutomation\output\Business_Master_Data.xlsx
2026-08-19 09:02:09,125 | INFO | Phase 3 completed successfully. Business Master workbook saved to G:\Support\orderbook\project1\OrderbookAutomation\output\Business_Master_Data.xlsx
2026-08-19 09:02:09,144 | INFO | Determined reporting period from 'PO date': 2026-07
2026-08-19 09:02:09,144 | INFO | Historical sales stats | reporting_period=2026-07 | matched=8 | missing=0 | duplicate_keys=0
2026-08-19 09:02:09,144 | WARNING | MOQ_Issue could not be merged into the final dataset (missing source or key column)
2026-08-19 09:02:09,159 | INFO | SC Comments lookup stats | source_rows=10 | unique_source_ndcs=10 | total_master_rows=8 | rows_after_merge=8 | matched=0 | not_found=8 | duplicate_conflict=0 | populated=0 | blank=8 | exact_duplicate_source_rows_removed=0 | conflicting_ndcs=0 | used_date_column=False
2026-08-19 09:02:09,159 | INFO | Phase 4 enrichment stats | ups_inventory_matches=4 | moq_matches=0 | sc_comments_matches=0 | sc_comments_missing=8 | buying_group_missing=0 | award_missing=8
2026-08-19 09:02:09,159 | INFO | Business rules applied | controlled_products=0 | price_issues=0 | moq_issues=8 | low_ups_inventory=0
2026-08-19 09:02:09,175 | INFO | Historical sales merge stats | matched=8 | missing=0
2026-08-19 09:02:09,175 | INFO | Sales Summary aggregation stats | rows=2 | unique_lookups=2 | duplicate_lookups=0
2026-08-19 09:02:09,208 | INFO | Wrote Sales Summary workbook to G:\Support\orderbook\project1\OrderbookAutomation\output\Sales_Summary.xlsx
2026-08-19 09:02:09,208 | INFO | Orderbook grain validation passed | master_rows=8 | orderbook_rows=8 | dropped_records=0
2026-08-19 09:02:09,258 | INFO | Wrote final POB workbook to G:\Support\orderbook\project1\OrderbookAutomation\output\POB.xlsx
2026-08-19 09:02:09,258 | INFO | Phase 4 completed successfully. Sales Summary saved to G:\Support\orderbook\project1\OrderbookAutomation\output\Sales_Summary.xlsx | POB saved to G:\Support\orderbook\project1\OrderbookAutomation\output\POB.xlsx
2026-08-19 09:02:09,258 | INFO | Phase 1 completed successfully in 1.23 seconds
2026-08-19 09:11:26,465 | INFO | Starting Phase 1 ingestion workflow
2026-08-19 09:11:26,465 | INFO | Application root=G:\Support\orderbook\project1\OrderbookAutomation | input_dir=G:\Support\orderbook\project1\OrderbookAutomation\input
2026-08-19 09:11:26,513 | INFO | Discovery scan | file=07-30_inv.xlsx | sheet=Sheet1 | header_row=0 | header_count=13
2026-08-19 09:11:26,540 | INFO | Discovery scan | file=Awards.xlsx | sheet=Sheet1 | header_row=0 | header_count=7
2026-08-19 09:11:26,562 | INFO | Discovery scan | file=Buying_groups.xlsx | sheet=Sheet1 | header_row=0 | header_count=2
2026-08-19 09:11:26,590 | INFO | Discovery scan | file=CIP.xlsx | sheet=Sheet1 | header_row=0 | header_count=4
2026-08-19 09:11:26,592 | INFO | Discovery scan | file=MOQ.xlsx | sheet=Sheet1 | header_row=0 | header_count=4
2026-08-19 09:11:26,624 | INFO | Discovery scan | file=Open_Order_Summary.xlsx | sheet=Sheet1 | header_row=3 | header_count=21
2026-08-19 09:11:26,642 | INFO | Discovery scan | file=raw_OB.xlsx | sheet=UOB | header_row=0 | header_count=34
2026-08-19 09:11:26,690 | INFO | Discovery scan | file=Strend.xlsx | sheet=Sheet1 | header_row=3 | header_count=66
2026-08-19 09:11:26,690 | INFO | Resolved source 'orderbook' (Orderbook) -> file=raw_OB.xlsx | sheet=UOB
2026-08-19 09:11:26,690 | INFO | Resolved source 'moq' (Material Description / MOQ Master) -> file=MOQ.xlsx | sheet=Sheet1
2026-08-19 09:11:26,690 | INFO | Resolved source 'inventory' (Daily Inventory) -> file=07-30_inv.xlsx | sheet=Sheet1
2026-08-19 09:11:26,690 | INFO | Resolved source 'open_order_summary' (Open Order Summary) -> file=Open_Order_Summary.xlsx | sheet=Sheet1
2026-08-19 09:11:26,690 | INFO | Resolved source 'buying_groups' (Buying Groups) -> file=Buying_groups.xlsx | sheet=Sheet1
2026-08-19 09:11:26,690 | INFO | Resolved source 'awards' (Awards) -> file=Awards.xlsx | sheet=Sheet1
2026-08-19 09:11:26,690 | INFO | Resolved source 'critical_inventory_tracker' (Critical Inventory Tracker (CIP)) -> file=CIP.xlsx | sheet=Sheet1
2026-08-19 09:11:26,690 | WARNING | Optional source 'sales_summary' (Sales Summary) not found in input folder; skipping (not required for this workflow).
2026-08-19 09:11:26,690 | INFO | Resolved source 'sales_trend' (Sales Trend (Strend)) -> file=Strend.xlsx | sheet=Sheet1
2026-08-19 09:11:26,724 | INFO | Loaded workbook=raw_OB.xlsx sheet=UOB rows=8 cols=34
2026-08-19 09:11:26,724 | INFO | Loaded workbook=MOQ.xlsx sheet=Sheet1 rows=4 cols=4
2026-08-19 09:11:26,740 | INFO | Loaded workbook=07-30_inv.xlsx sheet=Sheet1 rows=16 cols=13
2026-08-19 09:11:26,757 | INFO | Loaded workbook=Open_Order_Summary.xlsx sheet=Sheet1 rows=7 cols=21
2026-08-19 09:11:26,791 | INFO | Loaded workbook=Buying_groups.xlsx sheet=Sheet1 rows=677 cols=2
2026-08-19 09:11:26,824 | INFO | Loaded workbook=Awards.xlsx sheet=Sheet1 rows=129 cols=7
2026-08-19 09:11:26,838 | INFO | Loaded workbook=CIP.xlsx sheet=Sheet1 rows=10 cols=4
2026-08-19 09:11:26,990 | INFO | Loaded workbook=Strend.xlsx sheet=Sheet1 rows=101 cols=66
2026-08-19 09:11:26,990 | WARNING | EMPTY_COLUMNS | workbook=Orderbook | worksheet=UOB | Completely blank columns: ['Floor limit Blk', 'Multiple of MOQ Blk', 'Expected Price Blk', 'SOM Indc.']
2026-08-19 09:11:26,990 | INFO | MISSING_OPTIONAL_WORKBOOK | workbook=Sales Summary | worksheet= | The 'Sales Summary' source was not loaded. Hint: Sales summary export (optional; not required for this workflow).
2026-08-19 09:11:26,990 | WARNING | BLANK_HEADERS | workbook=Sales Trend (Strend) | worksheet=Sheet1 | Blank raw headers found: 3
2026-08-19 09:11:27,014 | INFO | Profiled workbook=raw_OB.xlsx sheet=UOB
2026-08-19 09:11:27,014 | INFO | Profiled workbook=MOQ.xlsx sheet=Sheet1
2026-08-19 09:11:27,024 | INFO | Profiled workbook=07-30_inv.xlsx sheet=Sheet1
2026-08-19 09:11:27,024 | INFO | Profiled workbook=Open_Order_Summary.xlsx sheet=Sheet1
2026-08-19 09:11:27,024 | INFO | Profiled workbook=Buying_groups.xlsx sheet=Sheet1
2026-08-19 09:11:27,024 | INFO | Profiled workbook=Awards.xlsx sheet=Sheet1
2026-08-19 09:11:27,024 | INFO | Profiled workbook=CIP.xlsx sheet=Sheet1
2026-08-19 09:11:27,056 | INFO | Profiled workbook=Strend.xlsx sheet=Sheet1
2026-08-19 09:11:27,074 | INFO | Wrote Workbook_Profile.xlsx to G:\Support\orderbook\project1\OrderbookAutomation\output\Workbook_Profile.xlsx
2026-08-19 09:11:27,107 | INFO | Wrote data dictionary to G:\Support\orderbook\project1\OrderbookAutomation\docs\DATA_DICTIONARY.md
2026-08-19 09:11:27,107 | INFO | Join key candidate=NDC workbook_count=6 worksheet_count=6 confidence=75.0
2026-08-19 09:11:27,107 | INFO | Join key candidate=Material Number workbook_count=1 worksheet_count=1 confidence=12.5
2026-08-19 09:11:27,107 | INFO | Join key candidate=Customer workbook_count=5 worksheet_count=5 confidence=62.5
2026-08-19 09:11:27,107 | INFO | Join key candidate=Sold-to Party workbook_count=3 worksheet_count=3 confidence=37.5
2026-08-19 09:11:27,107 | INFO | Join key candidate=Lookup workbook_count=3 worksheet_count=3 confidence=37.5
2026-08-19 09:11:27,107 | INFO | Join key candidate=SKU workbook_count=2 worksheet_count=2 confidence=25.0
2026-08-19 09:11:27,107 | INFO | Join key candidate=Sales Order workbook_count=2 worksheet_count=2 confidence=25.0
2026-08-19 09:11:27,107 | INFO | Wrote join key analysis to G:\Support\orderbook\project1\OrderbookAutomation\docs\JOIN_KEY_ANALYSIS.md
2026-08-19 09:11:27,115 | WARNING | Duplicate inventory NDC values detected: 12
2026-08-19 09:11:27,115 | INFO | UPS Inventory Hold Code Filter | total_inventory_rows=16 | blank_hold_codes=7 | excluded_hold_codes=9 | unique_ndcs_before=4 | unique_ndcs_after=3 | inventory_before_filter=40488.0 | inventory_after_filter=34152.0
2026-08-19 09:11:27,124 | WARNING | Missing inventory for allocated NDC values: 3
2026-08-19 09:11:27,124 | INFO | Derived inventory stats | inventory_rows=3 | allocated_rows=3 | unique_ndcs=6 | missing_inventory=3 | missing_allocations=3
2026-08-19 09:11:27,124 | WARNING | Optional 'sales_summary' input not found; skipping Lookup Key and MOQ Validation derived datasets for this run.
2026-08-19 09:11:27,140 | INFO | Wrote Phase 2 derived workbook to G:\Support\orderbook\project1\OrderbookAutomation\output\Derived_Data.xlsx
2026-08-19 09:11:27,140 | INFO | Phase 2 completed successfully. Derived workbook saved to G:\Support\orderbook\project1\OrderbookAutomation\output\Derived_Data.xlsx
2026-08-19 09:11:27,157 | INFO | Lookup construction stats | total_rows=8 | rows_with_ndc=8 | rows_with_sold_to_party_name=8 | rows_with_valid_lookup=8 | rows_missing_lookup=0
2026-08-19 09:11:27,174 | INFO | 07-30_inv.xlsx lookup stats | total_rows=8 | values_normalized=0 | successful_matches=4 | unmatched_records=4 | duplicate_lookup_keys=12
2026-08-19 09:11:27,175 | INFO | 07-30_inv.xlsx merged using NDC Code | rows updated=4 | rows missing=3 | duplicate keys=12
2026-08-19 09:11:27,175 | INFO | Open_Order_Summary.xlsx lookup stats | total_rows=8 | values_normalized=0 | successful_matches=0 | unmatched_records=8 | duplicate_lookup_keys=3
2026-08-19 09:11:27,175 | INFO | Open_Order_Summary.xlsx merged using Sold To Party Name | rows updated=0 | rows missing=4 | duplicate keys=3
2026-08-19 09:11:27,175 | WARNING | Skipping sales_summ.xlsx because source dataframe is missing or empty
2026-08-19 09:11:27,207 | INFO | Strend.xlsx lookup stats | total_rows=8 | values_normalized=91 | successful_matches=8 | unmatched_records=0 | duplicate_lookup_keys=0
2026-08-19 09:11:27,207 | INFO | Strend.xlsx merged using Lookup | rows updated=8 | rows missing=99 | duplicate keys=0
2026-08-19 09:11:27,215 | INFO | CIP.xlsx lookup stats | total_rows=8 | values_normalized=0 | successful_matches=0 | unmatched_records=8 | duplicate_lookup_keys=0
2026-08-19 09:11:27,215 | INFO | CIP.xlsx merged using NDC Code | rows updated=0 | rows missing=10 | duplicate keys=0
2026-08-19 09:11:27,224 | INFO | Buying Group source loaded | source=Buying_groups.xlsx | priority=1 | raw_rows=677 | unique_customers=11 | exact_duplicates_removed=666 | same_tier_conflicts=0
2026-08-19 09:11:27,257 | INFO | Buying Group source loaded | source=Strend.xlsx | priority=2 | raw_rows=101 | unique_customers=53 | exact_duplicates_removed=48 | same_tier_conflicts=0
2026-08-19 09:11:27,257 | INFO | Buying Group source loaded | source=Open_Order_Summary.xlsx | priority=3 | raw_rows=7 | unique_customers=4 | exact_duplicates_removed=3 | same_tier_conflicts=0
2026-08-19 09:11:27,290 | INFO | Buying Group multi-source lookup | total_master_rows=8 | rows_after_merge=8 | unique_master_customers=1 | unique_source_customers=56 | exact_duplicates_removed=717 | same_priority_conflicts=0 | lower_priority_disagreements=2 | matched_rows=8 | not_found_rows=0 | duplicate_conflict_rows=0 | populated_rows=8 | blank_rows=0 | matches_by_source={'Strend.xlsx': 8}
2026-08-19 09:11:27,340 | INFO | Award lookup stats | source_rows=129 | total_master_rows=8 | rows_after_merge=8 | matched=0 (lookup=0, ndc=0) | not_found=8 | duplicate_conflict=0 | populated=0 | blank=8 | exact_duplicate_source_rows_removed=0 | conflicting_ndcs=2
2026-08-19 09:11:27,340 | INFO | Lookup construction stats | total_rows=8 | rows_with_ndc=8 | rows_with_sold_to_party_name=8 | rows_with_valid_lookup=8 | rows_missing_lookup=0
2026-08-19 09:11:27,407 | INFO | Saved master workbook to G:\Support\orderbook\project1\OrderbookAutomation\output\Business_Master_Data.xlsx
2026-08-19 09:11:27,407 | INFO | Phase 3 completed successfully. Business Master workbook saved to G:\Support\orderbook\project1\OrderbookAutomation\output\Business_Master_Data.xlsx
2026-08-19 09:11:27,407 | INFO | Determined reporting period from 'PO date': 2026-07
2026-08-19 09:11:27,416 | INFO | Historical sales stats | reporting_period=2026-07 | matched=8 | missing=0 | duplicate_keys=0
2026-08-19 09:11:27,424 | WARNING | MOQ_Issue could not be merged into the final dataset (missing source or key column)
2026-08-19 09:11:27,424 | INFO | SC Comments lookup stats | source_rows=10 | unique_source_ndcs=10 | total_master_rows=8 | rows_after_merge=8 | matched=0 | not_found=8 | duplicate_conflict=0 | populated=0 | blank=8 | exact_duplicate_source_rows_removed=0 | conflicting_ndcs=0 | used_date_column=False
2026-08-19 09:11:27,424 | INFO | Phase 4 enrichment stats | ups_inventory_matches=4 | moq_matches=0 | sc_comments_matches=0 | sc_comments_missing=8 | buying_group_missing=0 | award_missing=8
2026-08-19 09:11:27,439 | INFO | Business rules applied | controlled_products=0 | price_issues=0 | moq_issues=8 | low_ups_inventory=0
2026-08-19 09:11:27,440 | INFO | Historical sales merge stats | matched=8 | missing=0
2026-08-19 09:11:27,440 | INFO | Sales Summary aggregation stats | rows=2 | unique_lookups=2 | duplicate_lookups=0
2026-08-19 09:11:27,474 | INFO | Wrote Sales Summary workbook to G:\Support\orderbook\project1\OrderbookAutomation\output\Sales_Summary.xlsx
2026-08-19 09:11:27,474 | INFO | Orderbook grain validation passed | master_rows=8 | orderbook_rows=8 | dropped_records=0
2026-08-19 09:11:27,523 | INFO | Wrote final POB workbook to G:\Support\orderbook\project1\OrderbookAutomation\output\POB.xlsx
2026-08-19 09:11:27,523 | INFO | Phase 4 completed successfully. Sales Summary saved to G:\Support\orderbook\project1\OrderbookAutomation\output\Sales_Summary.xlsx | POB saved to G:\Support\orderbook\project1\OrderbookAutomation\output\POB.xlsx
2026-08-19 09:11:27,523 | INFO | Phase 1 completed successfully in 1.07 seconds
2026-08-19 17:16:22,060 | INFO | Starting Phase 1 ingestion workflow
2026-08-19 17:16:22,060 | INFO | Application root=G:\Support\orderbook\part1\OrderbookAutomation | input_dir=G:\Support\orderbook\part1\OrderbookAutomation\input
2026-08-19 17:16:22,082 | INFO | Discovery scan | file=07-30_inv.xlsx | sheet=Sheet1 | header_row=0 | header_count=13
2026-08-19 17:16:22,111 | INFO | Discovery scan | file=Awards.xlsx | sheet=Sheet1 | header_row=0 | header_count=7
2026-08-19 17:16:22,137 | INFO | Discovery scan | file=Buying_groups.xlsx | sheet=Sheet1 | header_row=0 | header_count=2
2026-08-19 17:16:22,155 | INFO | Discovery scan | file=CIP.xlsx | sheet=Sheet1 | header_row=0 | header_count=4
2026-08-19 17:16:22,159 | INFO | Discovery scan | file=MOQ.xlsx | sheet=Sheet1 | header_row=0 | header_count=4
2026-08-19 17:16:22,191 | INFO | Discovery scan | file=Open_Order_Summary.xlsx | sheet=Sheet1 | header_row=3 | header_count=21
2026-08-19 17:16:22,219 | INFO | Discovery scan | file=raw_OB.xlsx | sheet=UOB | header_row=0 | header_count=34
2026-08-19 17:16:22,258 | INFO | Discovery scan | file=Strend.xlsx | sheet=Sheet1 | header_row=3 | header_count=66
2026-08-19 17:16:22,260 | WARNING | Skipping unreadable workbook '~$Open_Order_Summary.xlsx': File is not a zip file
2026-08-19 17:16:22,260 | INFO | Resolved source 'orderbook' (Orderbook) -> file=raw_OB.xlsx | sheet=UOB
2026-08-19 17:16:22,260 | INFO | Resolved source 'moq' (Material Description / MOQ Master) -> file=MOQ.xlsx | sheet=Sheet1
2026-08-19 17:16:22,260 | INFO | Resolved source 'inventory' (Daily Inventory) -> file=07-30_inv.xlsx | sheet=Sheet1
2026-08-19 17:16:22,260 | INFO | Resolved source 'open_order_summary' (Open Order Summary) -> file=Open_Order_Summary.xlsx | sheet=Sheet1
2026-08-19 17:16:22,260 | INFO | Resolved source 'buying_groups' (Buying Groups) -> file=Buying_groups.xlsx | sheet=Sheet1
2026-08-19 17:16:22,260 | INFO | Resolved source 'awards' (Awards) -> file=Awards.xlsx | sheet=Sheet1
2026-08-19 17:16:22,260 | INFO | Resolved source 'critical_inventory_tracker' (Critical Inventory Tracker (CIP)) -> file=CIP.xlsx | sheet=Sheet1
2026-08-19 17:16:22,260 | WARNING | Optional source 'sales_summary' (Sales Summary) not found in input folder; skipping (not required for this workflow).
2026-08-19 17:16:22,260 | INFO | Resolved source 'sales_trend' (Sales Trend (Strend)) -> file=Strend.xlsx | sheet=Sheet1
2026-08-19 17:16:22,296 | INFO | Loaded workbook=raw_OB.xlsx sheet=UOB rows=8 cols=34
2026-08-19 17:16:22,312 | INFO | Loaded workbook=MOQ.xlsx sheet=Sheet1 rows=4 cols=4
2026-08-19 17:16:22,329 | INFO | Loaded workbook=07-30_inv.xlsx sheet=Sheet1 rows=16 cols=13
2026-08-19 17:16:22,345 | INFO | Loaded workbook=Open_Order_Summary.xlsx sheet=Sheet1 rows=7 cols=21
2026-08-19 17:16:22,389 | INFO | Loaded workbook=Buying_groups.xlsx sheet=Sheet1 rows=677 cols=2
2026-08-19 17:16:22,422 | INFO | Loaded workbook=Awards.xlsx sheet=Sheet1 rows=129 cols=7
2026-08-19 17:16:22,422 | INFO | Loaded workbook=CIP.xlsx sheet=Sheet1 rows=10 cols=4
2026-08-19 17:16:22,590 | INFO | Loaded workbook=Strend.xlsx sheet=Sheet1 rows=101 cols=66
2026-08-19 17:16:22,603 | WARNING | EMPTY_COLUMNS | workbook=Orderbook | worksheet=UOB | Completely blank columns: ['Floor limit Blk', 'Multiple of MOQ Blk', 'Expected Price Blk', 'SOM Indc.']
2026-08-19 17:16:22,603 | INFO | MISSING_OPTIONAL_WORKBOOK | workbook=Sales Summary | worksheet= | The 'Sales Summary' source was not loaded. Hint: Sales summary export (optional; not required for this workflow).
2026-08-19 17:16:22,603 | WARNING | BLANK_HEADERS | workbook=Sales Trend (Strend) | worksheet=Sheet1 | Blank raw headers found: 3
2026-08-19 17:16:22,628 | INFO | Profiled workbook=raw_OB.xlsx sheet=UOB
2026-08-19 17:16:22,632 | INFO | Profiled workbook=MOQ.xlsx sheet=Sheet1
2026-08-19 17:16:22,634 | INFO | Profiled workbook=07-30_inv.xlsx sheet=Sheet1
2026-08-19 17:16:22,645 | INFO | Profiled workbook=Open_Order_Summary.xlsx sheet=Sheet1
2026-08-19 17:16:22,646 | INFO | Profiled workbook=Buying_groups.xlsx sheet=Sheet1
2026-08-19 17:16:22,651 | INFO | Profiled workbook=Awards.xlsx sheet=Sheet1
2026-08-19 17:16:22,651 | INFO | Profiled workbook=CIP.xlsx sheet=Sheet1
2026-08-19 17:16:22,680 | INFO | Profiled workbook=Strend.xlsx sheet=Sheet1
2026-08-19 17:16:22,718 | INFO | Wrote Workbook_Profile.xlsx to G:\Support\orderbook\part1\OrderbookAutomation\output\Workbook_Profile.xlsx
2026-08-19 17:16:22,751 | INFO | Wrote data dictionary to G:\Support\orderbook\part1\OrderbookAutomation\docs\DATA_DICTIONARY.md
2026-08-19 17:16:22,751 | INFO | Join key candidate=NDC workbook_count=6 worksheet_count=6 confidence=75.0
2026-08-19 17:16:22,751 | INFO | Join key candidate=Material Number workbook_count=1 worksheet_count=1 confidence=12.5
2026-08-19 17:16:22,751 | INFO | Join key candidate=Customer workbook_count=5 worksheet_count=5 confidence=62.5
2026-08-19 17:16:22,751 | INFO | Join key candidate=Sold-to Party workbook_count=3 worksheet_count=3 confidence=37.5
2026-08-19 17:16:22,751 | INFO | Join key candidate=Lookup workbook_count=3 worksheet_count=3 confidence=37.5
2026-08-19 17:16:22,751 | INFO | Join key candidate=SKU workbook_count=2 worksheet_count=2 confidence=25.0
2026-08-19 17:16:22,751 | INFO | Join key candidate=Sales Order workbook_count=2 worksheet_count=2 confidence=25.0
2026-08-19 17:16:22,751 | INFO | Wrote join key analysis to G:\Support\orderbook\part1\OrderbookAutomation\docs\JOIN_KEY_ANALYSIS.md
2026-08-19 17:16:22,751 | WARNING | Duplicate inventory NDC values detected: 12
2026-08-19 17:16:22,766 | INFO | UPS Inventory Hold Code Filter | total_inventory_rows=16 | blank_hold_codes=7 | excluded_hold_codes=9 | unique_ndcs_before=4 | unique_ndcs_after=3 | inventory_before_filter=40488.0 | inventory_after_filter=34152.0
2026-08-19 17:16:22,770 | WARNING | Missing inventory for allocated NDC values: 3
2026-08-19 17:16:22,784 | INFO | Derived inventory stats | inventory_rows=3 | allocated_rows=3 | unique_ndcs=6 | missing_inventory=3 | missing_allocations=3
2026-08-19 17:16:22,784 | WARNING | Optional 'sales_summary' input not found; skipping Lookup Key and MOQ Validation derived datasets for this run.
2026-08-19 17:16:22,818 | INFO | Wrote Phase 2 derived workbook to G:\Support\orderbook\part1\OrderbookAutomation\output\Derived_Data.xlsx
2026-08-19 17:16:22,818 | INFO | Phase 2 completed successfully. Derived workbook saved to G:\Support\orderbook\part1\OrderbookAutomation\output\Derived_Data.xlsx
2026-08-19 17:16:22,818 | INFO | Lookup construction stats | total_rows=8 | rows_with_ndc=8 | rows_with_sold_to_party_name=8 | rows_with_valid_lookup=8 | rows_missing_lookup=0
2026-08-19 17:16:22,850 | INFO | 07-30_inv.xlsx lookup stats | total_rows=8 | values_normalized=0 | successful_matches=4 | unmatched_records=4 | duplicate_lookup_keys=12
2026-08-19 17:16:22,851 | INFO | 07-30_inv.xlsx merged using NDC Code | rows updated=4 | rows missing=3 | duplicate keys=12
2026-08-19 17:16:22,867 | INFO | Open_Order_Summary.xlsx lookup stats | total_rows=8 | values_normalized=0 | successful_matches=0 | unmatched_records=8 | duplicate_lookup_keys=3
2026-08-19 17:16:22,867 | INFO | Open_Order_Summary.xlsx merged using Sold To Party Name | rows updated=0 | rows missing=4 | duplicate keys=3
2026-08-19 17:16:22,868 | WARNING | Skipping sales_summ.xlsx because source dataframe is missing or empty
2026-08-19 17:16:22,892 | INFO | Strend.xlsx lookup stats | total_rows=8 | values_normalized=91 | successful_matches=8 | unmatched_records=0 | duplicate_lookup_keys=0
2026-08-19 17:16:22,892 | INFO | Strend.xlsx merged using Lookup | rows updated=8 | rows missing=99 | duplicate keys=0
2026-08-19 17:16:22,911 | INFO | CIP.xlsx lookup stats | total_rows=8 | values_normalized=0 | successful_matches=0 | unmatched_records=8 | duplicate_lookup_keys=0
2026-08-19 17:16:22,912 | INFO | CIP.xlsx merged using NDC Code | rows updated=0 | rows missing=10 | duplicate keys=0
2026-08-19 17:16:22,927 | INFO | Buying Group source loaded | source=Buying_groups.xlsx | priority=1 | raw_rows=677 | unique_customers=11 | exact_duplicates_removed=666 | same_tier_conflicts=0
2026-08-19 17:16:22,967 | INFO | Buying Group source loaded | source=Strend.xlsx | priority=2 | raw_rows=101 | unique_customers=53 | exact_duplicates_removed=48 | same_tier_conflicts=0
2026-08-19 17:16:22,977 | INFO | Buying Group source loaded | source=Open_Order_Summary.xlsx | priority=3 | raw_rows=7 | unique_customers=4 | exact_duplicates_removed=3 | same_tier_conflicts=0
2026-08-19 17:16:23,018 | INFO | Buying Group multi-source lookup | total_master_rows=8 | rows_after_merge=8 | unique_master_customers=1 | unique_source_customers=56 | exact_duplicates_removed=717 | same_priority_conflicts=0 | lower_priority_disagreements=2 | matched_rows=8 | not_found_rows=0 | duplicate_conflict_rows=0 | populated_rows=8 | blank_rows=0 | matches_by_source={'Strend.xlsx': 8}
2026-08-19 17:16:23,051 | INFO | Award lookup stats | source_rows=129 | total_master_rows=8 | rows_after_merge=8 | matched=0 (lookup=0, ndc=0) | not_found=8 | duplicate_conflict=0 | populated=0 | blank=8 | exact_duplicate_source_rows_removed=0 | conflicting_ndcs=2
2026-08-19 17:16:23,051 | INFO | Lookup construction stats | total_rows=8 | rows_with_ndc=8 | rows_with_sold_to_party_name=8 | rows_with_valid_lookup=8 | rows_missing_lookup=0
2026-08-19 17:16:23,140 | INFO | Saved master workbook to G:\Support\orderbook\part1\OrderbookAutomation\output\Business_Master_Data.xlsx
2026-08-19 17:16:23,141 | INFO | Phase 3 completed successfully. Business Master workbook saved to G:\Support\orderbook\part1\OrderbookAutomation\output\Business_Master_Data.xlsx
2026-08-19 17:16:23,143 | INFO | Determined reporting period from 'PO date': 2026-07
2026-08-19 17:16:23,150 | INFO | Historical sales stats | reporting_period=2026-07 | matched=8 | missing=0 | duplicate_keys=0
2026-08-19 17:16:23,154 | WARNING | MOQ_Issue could not be merged into the final dataset (missing source or key column)
2026-08-19 17:16:23,167 | INFO | SC Comments lookup stats | source_rows=10 | unique_source_ndcs=10 | total_master_rows=8 | rows_after_merge=8 | matched=0 | not_found=8 | duplicate_conflict=0 | populated=0 | blank=8 | exact_duplicate_source_rows_removed=0 | conflicting_ndcs=0 | used_date_column=False
2026-08-19 17:16:23,167 | INFO | Phase 4 enrichment stats | ups_inventory_matches=4 | moq_matches=0 | sc_comments_matches=0 | sc_comments_missing=8 | buying_group_missing=0 | award_missing=8
2026-08-19 17:16:23,177 | INFO | Business rules applied | controlled_products=0 | price_issues=0 | moq_issues=8 | low_ups_inventory=0
2026-08-19 17:16:23,179 | INFO | Historical sales merge stats | matched=8 | missing=0
2026-08-19 17:16:23,189 | INFO | Sales Summary aggregation stats | rows=2 | unique_lookups=2 | duplicate_lookups=0
2026-08-19 17:16:23,223 | INFO | Wrote Sales Summary workbook to G:\Support\orderbook\part1\OrderbookAutomation\output\Sales_Summary.xlsx
2026-08-19 17:16:23,223 | INFO | Orderbook grain validation passed | master_rows=8 | orderbook_rows=8 | dropped_records=0
2026-08-19 17:16:23,274 | INFO | Wrote final POB workbook to G:\Support\orderbook\part1\OrderbookAutomation\output\POB.xlsx
2026-08-19 17:16:23,274 | INFO | Phase 4 completed successfully. Sales Summary saved to G:\Support\orderbook\part1\OrderbookAutomation\output\Sales_Summary.xlsx | POB saved to G:\Support\orderbook\part1\OrderbookAutomation\output\POB.xlsx
2026-08-19 17:16:23,284 | INFO | Phase 1 completed successfully in 1.22 seconds
2026-08-19 17:37:06,028 | INFO | Starting Phase 1 ingestion workflow
2026-08-19 17:37:06,044 | INFO | Application root=G:\Support\orderbook\part1\OrderbookAutomation | input_dir=G:\Support\orderbook\part1\OrderbookAutomation\input
2026-08-19 17:37:06,060 | INFO | Discovery scan | file=07-30_inv.xlsx | sheet=Sheet1 | header_row=0 | header_count=13
2026-08-19 17:37:06,097 | INFO | Discovery scan | file=Awards.xlsx | sheet=Sheet1 | header_row=0 | header_count=7
2026-08-19 17:37:06,115 | INFO | Discovery scan | file=Buying_groups.xlsx | sheet=Sheet1 | header_row=0 | header_count=2
2026-08-19 17:37:06,132 | INFO | Discovery scan | file=CIP.xlsx | sheet=Sheet1 | header_row=0 | header_count=4
2026-08-19 17:37:06,143 | INFO | Discovery scan | file=MOQ.xlsx | sheet=Sheet1 | header_row=0 | header_count=4
2026-08-19 17:37:06,163 | INFO | Discovery scan | file=Open_Order_Summary.xlsx | sheet=Sheet1 | header_row=3 | header_count=21
2026-08-19 17:37:06,194 | INFO | Discovery scan | file=raw_OB.xlsx | sheet=UOB | header_row=0 | header_count=34
2026-08-19 17:37:06,245 | INFO | Discovery scan | file=Strend.xlsx | sheet=Sheet1 | header_row=3 | header_count=66
2026-08-19 17:37:06,245 | WARNING | Skipping unreadable workbook '~$07-30_inv.xlsx': [Errno 13] Permission denied: 'G:\\Support\\orderbook\\part1\\OrderbookAutomation\\input\\~$07-30_inv.xlsx'
2026-08-19 17:37:06,246 | WARNING | Skipping unreadable workbook '~$Open_Order_Summary.xlsx': File is not a zip file
2026-08-19 17:37:06,246 | INFO | Resolved source 'orderbook' (Orderbook) -> file=raw_OB.xlsx | sheet=UOB
2026-08-19 17:37:06,246 | INFO | Resolved source 'moq' (Material Description / MOQ Master) -> file=MOQ.xlsx | sheet=Sheet1
2026-08-19 17:37:06,246 | INFO | Resolved source 'inventory' (Daily Inventory) -> file=07-30_inv.xlsx | sheet=Sheet1
2026-08-19 17:37:06,246 | INFO | Resolved source 'open_order_summary' (Open Order Summary) -> file=Open_Order_Summary.xlsx | sheet=Sheet1
2026-08-19 17:37:06,246 | INFO | Resolved source 'buying_groups' (Buying Groups) -> file=Buying_groups.xlsx | sheet=Sheet1
2026-08-19 17:37:06,246 | INFO | Resolved source 'awards' (Awards) -> file=Awards.xlsx | sheet=Sheet1
2026-08-19 17:37:06,246 | INFO | Resolved source 'critical_inventory_tracker' (Critical Inventory Tracker (CIP)) -> file=CIP.xlsx | sheet=Sheet1
2026-08-19 17:37:06,246 | WARNING | Optional source 'sales_summary' (Sales Summary) not found in input folder; skipping (not required for this workflow).
2026-08-19 17:37:06,246 | INFO | Resolved source 'sales_trend' (Sales Trend (Strend)) -> file=Strend.xlsx | sheet=Sheet1
2026-08-19 17:37:06,263 | INFO | Loaded workbook=raw_OB.xlsx sheet=UOB rows=8 cols=34
2026-08-19 17:37:06,284 | INFO | Loaded workbook=MOQ.xlsx sheet=Sheet1 rows=4 cols=4
2026-08-19 17:37:06,296 | INFO | Loaded workbook=07-30_inv.xlsx sheet=Sheet1 rows=16 cols=13
2026-08-19 17:37:06,312 | INFO | Loaded workbook=Open_Order_Summary.xlsx sheet=Sheet1 rows=7 cols=21
2026-08-19 17:37:06,363 | INFO | Loaded workbook=Buying_groups.xlsx sheet=Sheet1 rows=677 cols=2
2026-08-19 17:37:06,396 | INFO | Loaded workbook=Awards.xlsx sheet=Sheet1 rows=129 cols=7
2026-08-19 17:37:06,396 | INFO | Loaded workbook=CIP.xlsx sheet=Sheet1 rows=10 cols=4
2026-08-19 17:37:06,591 | INFO | Loaded workbook=Strend.xlsx sheet=Sheet1 rows=101 cols=66
2026-08-19 17:37:06,613 | WARNING | EMPTY_COLUMNS | workbook=Orderbook | worksheet=UOB | Completely blank columns: ['Floor limit Blk', 'Multiple of MOQ Blk', 'Expected Price Blk', 'SOM Indc.']
2026-08-19 17:37:06,615 | INFO | MISSING_OPTIONAL_WORKBOOK | workbook=Sales Summary | worksheet= | The 'Sales Summary' source was not loaded. Hint: Sales summary export (optional; not required for this workflow).
2026-08-19 17:37:06,615 | WARNING | BLANK_HEADERS | workbook=Sales Trend (Strend) | worksheet=Sheet1 | Blank raw headers found: 3
2026-08-19 17:37:06,633 | INFO | Profiled workbook=raw_OB.xlsx sheet=UOB
2026-08-19 17:37:06,635 | INFO | Profiled workbook=MOQ.xlsx sheet=Sheet1
2026-08-19 17:37:06,641 | INFO | Profiled workbook=07-30_inv.xlsx sheet=Sheet1
2026-08-19 17:37:06,651 | INFO | Profiled workbook=Open_Order_Summary.xlsx sheet=Sheet1
2026-08-19 17:37:06,656 | INFO | Profiled workbook=Buying_groups.xlsx sheet=Sheet1
2026-08-19 17:37:06,660 | INFO | Profiled workbook=Awards.xlsx sheet=Sheet1
2026-08-19 17:37:06,665 | INFO | Profiled workbook=CIP.xlsx sheet=Sheet1
2026-08-19 17:37:06,691 | INFO | Profiled workbook=Strend.xlsx sheet=Sheet1
2026-08-19 17:37:06,729 | INFO | Wrote Workbook_Profile.xlsx to G:\Support\orderbook\part1\OrderbookAutomation\output\Workbook_Profile.xlsx
2026-08-19 17:37:06,760 | INFO | Wrote data dictionary to G:\Support\orderbook\part1\OrderbookAutomation\docs\DATA_DICTIONARY.md
2026-08-19 17:37:06,761 | INFO | Join key candidate=NDC workbook_count=6 worksheet_count=6 confidence=75.0
2026-08-19 17:37:06,762 | INFO | Join key candidate=Material Number workbook_count=1 worksheet_count=1 confidence=12.5
2026-08-19 17:37:06,762 | INFO | Join key candidate=Customer workbook_count=5 worksheet_count=5 confidence=62.5
2026-08-19 17:37:06,762 | INFO | Join key candidate=Sold-to Party workbook_count=3 worksheet_count=3 confidence=37.5
2026-08-19 17:37:06,763 | INFO | Join key candidate=Lookup workbook_count=3 worksheet_count=3 confidence=37.5
2026-08-19 17:37:06,763 | INFO | Join key candidate=SKU workbook_count=2 worksheet_count=2 confidence=25.0
2026-08-19 17:37:06,763 | INFO | Join key candidate=Sales Order workbook_count=2 worksheet_count=2 confidence=25.0
2026-08-19 17:37:06,764 | INFO | Wrote join key analysis to G:\Support\orderbook\part1\OrderbookAutomation\docs\JOIN_KEY_ANALYSIS.md
2026-08-19 17:37:06,766 | WARNING | Duplicate inventory NDC values detected: 12
2026-08-19 17:37:06,769 | INFO | UPS Inventory Hold Code Filter | total_inventory_rows=16 | blank_hold_codes=7 | excluded_hold_codes=9 | unique_ndcs_before=4 | unique_ndcs_after=3 | inventory_before_filter=40488.0 | inventory_after_filter=34152.0
2026-08-19 17:37:06,782 | WARNING | Missing inventory for allocated NDC values: 1
2026-08-19 17:37:06,785 | INFO | Derived inventory stats | inventory_rows=3 | allocated_rows=3 | unique_ndcs=4 | missing_inventory=1 | missing_allocations=1
2026-08-19 17:37:06,786 | WARNING | Optional 'sales_summary' input not found; skipping Lookup Key and MOQ Validation derived datasets for this run.
2026-08-19 17:37:06,788 | ERROR | Unhandled exception during pipeline execution
Traceback (most recent call last):
  File "G:\Support\orderbook\part1\OrderbookAutomation\main.py", line 135, in main
    config = run_phase1()
             ^^^^^^^^^^^^
  File "G:\Support\orderbook\part1\OrderbookAutomation\main.py", line 67, in run_phase1
    phase2_result = run_phase2(loaded_workbooks, config, logger, timer.elapsed_seconds)
                    ^^^^^^^^^^^^^^^^^^^^^^^^^^^^^^^^^^^^^^^^^^^^^^^^^^^^^^^^^^^^^^^^^^^
  File "G:\Support\orderbook\part1\OrderbookAutomation\modules\derived_dataset_manager.py", line 54, in run_phase2
    _write_derived_workbook(
  File "G:\Support\orderbook\part1\OrderbookAutomation\modules\derived_dataset_manager.py", line 129, in _write_derived_workbook
    with pd.ExcelWriter(output_path, engine="openpyxl") as writer:
         ^^^^^^^^^^^^^^^^^^^^^^^^^^^^^^^^^^^^^^^^^^^^^^
  File "C:\Python312\Lib\site-packages\pandas\io\excel\_openpyxl.py", line 62, in __init__
    super().__init__(
  File "C:\Python312\Lib\site-packages\pandas\io\excel\_base.py", line 1281, in __init__
    self._handles = get_handle(
                    ^^^^^^^^^^^
  File "C:\Python312\Lib\site-packages\pandas\io\common.py", line 939, in get_handle
    handle = open(handle, ioargs.mode)
             ^^^^^^^^^^^^^^^^^^^^^^^^^
PermissionError: [Errno 13] Permission denied: 'G:\\Support\\orderbook\\part1\\OrderbookAutomation\\output\\Derived_Data.xlsx'
2026-08-19 17:40:12,724 | INFO | Starting Phase 1 ingestion workflow
2026-08-19 17:40:12,724 | INFO | Application root=G:\Support\orderbook\part1\OrderbookAutomation | input_dir=G:\Support\orderbook\part1\OrderbookAutomation\input
2026-08-19 17:40:12,743 | INFO | Discovery scan | file=07-30_inv.xlsx | sheet=Sheet1 | header_row=0 | header_count=13
2026-08-19 17:40:12,762 | INFO | Discovery scan | file=Awards.xlsx | sheet=Sheet1 | header_row=0 | header_count=7
2026-08-19 17:40:12,781 | INFO | Discovery scan | file=Buying_groups.xlsx | sheet=Sheet1 | header_row=0 | header_count=2
2026-08-19 17:40:12,802 | INFO | Discovery scan | file=CIP.xlsx | sheet=Sheet1 | header_row=0 | header_count=4
2026-08-19 17:40:12,814 | INFO | Discovery scan | file=MOQ.xlsx | sheet=Sheet1 | header_row=0 | header_count=4
2026-08-19 17:40:12,833 | INFO | Discovery scan | file=Open_Order_Summary.xlsx | sheet=Sheet1 | header_row=3 | header_count=21
2026-08-19 17:40:12,859 | INFO | Discovery scan | file=raw_OB.xlsx | sheet=UOB | header_row=0 | header_count=34
2026-08-19 17:40:12,891 | INFO | Discovery scan | file=Strend.xlsx | sheet=Sheet1 | header_row=3 | header_count=66
2026-08-19 17:40:12,891 | WARNING | Skipping unreadable workbook '~$Open_Order_Summary.xlsx': File is not a zip file
2026-08-19 17:40:12,891 | INFO | Resolved source 'orderbook' (Orderbook) -> file=raw_OB.xlsx | sheet=UOB
2026-08-19 17:40:12,891 | INFO | Resolved source 'moq' (Material Description / MOQ Master) -> file=MOQ.xlsx | sheet=Sheet1
2026-08-19 17:40:12,891 | INFO | Resolved source 'inventory' (Daily Inventory) -> file=07-30_inv.xlsx | sheet=Sheet1
2026-08-19 17:40:12,891 | INFO | Resolved source 'open_order_summary' (Open Order Summary) -> file=Open_Order_Summary.xlsx | sheet=Sheet1
2026-08-19 17:40:12,891 | INFO | Resolved source 'buying_groups' (Buying Groups) -> file=Buying_groups.xlsx | sheet=Sheet1
2026-08-19 17:40:12,891 | INFO | Resolved source 'awards' (Awards) -> file=Awards.xlsx | sheet=Sheet1
2026-08-19 17:40:12,891 | INFO | Resolved source 'critical_inventory_tracker' (Critical Inventory Tracker (CIP)) -> file=CIP.xlsx | sheet=Sheet1
2026-08-19 17:40:12,891 | WARNING | Optional source 'sales_summary' (Sales Summary) not found in input folder; skipping (not required for this workflow).
2026-08-19 17:40:12,891 | INFO | Resolved source 'sales_trend' (Sales Trend (Strend)) -> file=Strend.xlsx | sheet=Sheet1
2026-08-19 17:40:12,922 | INFO | Loaded workbook=raw_OB.xlsx sheet=UOB rows=8 cols=34
2026-08-19 17:40:12,931 | INFO | Loaded workbook=MOQ.xlsx sheet=Sheet1 rows=4 cols=4
2026-08-19 17:40:12,949 | INFO | Loaded workbook=07-30_inv.xlsx sheet=Sheet1 rows=16 cols=13
2026-08-19 17:40:12,977 | INFO | Loaded workbook=Open_Order_Summary.xlsx sheet=Sheet1 rows=7 cols=21
2026-08-19 17:40:13,009 | INFO | Loaded workbook=Buying_groups.xlsx sheet=Sheet1 rows=677 cols=2
2026-08-19 17:40:13,048 | INFO | Loaded workbook=Awards.xlsx sheet=Sheet1 rows=129 cols=7
2026-08-19 17:40:13,060 | INFO | Loaded workbook=CIP.xlsx sheet=Sheet1 rows=10 cols=4
2026-08-19 17:40:13,204 | INFO | Loaded workbook=Strend.xlsx sheet=Sheet1 rows=101 cols=66
2026-08-19 17:40:13,224 | WARNING | EMPTY_COLUMNS | workbook=Orderbook | worksheet=UOB | Completely blank columns: ['Floor limit Blk', 'Multiple of MOQ Blk', 'Expected Price Blk', 'SOM Indc.']
2026-08-19 17:40:13,224 | INFO | MISSING_OPTIONAL_WORKBOOK | workbook=Sales Summary | worksheet= | The 'Sales Summary' source was not loaded. Hint: Sales summary export (optional; not required for this workflow).
2026-08-19 17:40:13,224 | WARNING | BLANK_HEADERS | workbook=Sales Trend (Strend) | worksheet=Sheet1 | Blank raw headers found: 3
2026-08-19 17:40:13,240 | INFO | Profiled workbook=raw_OB.xlsx sheet=UOB
2026-08-19 17:40:13,244 | INFO | Profiled workbook=MOQ.xlsx sheet=Sheet1
2026-08-19 17:40:13,248 | INFO | Profiled workbook=07-30_inv.xlsx sheet=Sheet1
2026-08-19 17:40:13,256 | INFO | Profiled workbook=Open_Order_Summary.xlsx sheet=Sheet1
2026-08-19 17:40:13,258 | INFO | Profiled workbook=Buying_groups.xlsx sheet=Sheet1
2026-08-19 17:40:13,265 | INFO | Profiled workbook=Awards.xlsx sheet=Sheet1
2026-08-19 17:40:13,267 | INFO | Profiled workbook=CIP.xlsx sheet=Sheet1
2026-08-19 17:40:13,282 | INFO | Profiled workbook=Strend.xlsx sheet=Sheet1
2026-08-19 17:40:13,327 | INFO | Wrote Workbook_Profile.xlsx to G:\Support\orderbook\part1\OrderbookAutomation\output\Workbook_Profile.xlsx
2026-08-19 17:40:13,356 | INFO | Wrote data dictionary to G:\Support\orderbook\part1\OrderbookAutomation\docs\DATA_DICTIONARY.md
2026-08-19 17:40:13,357 | INFO | Join key candidate=NDC workbook_count=6 worksheet_count=6 confidence=75.0
2026-08-19 17:40:13,358 | INFO | Join key candidate=Material Number workbook_count=1 worksheet_count=1 confidence=12.5
2026-08-19 17:40:13,358 | INFO | Join key candidate=Customer workbook_count=5 worksheet_count=5 confidence=62.5
2026-08-19 17:40:13,358 | INFO | Join key candidate=Sold-to Party workbook_count=3 worksheet_count=3 confidence=37.5
2026-08-19 17:40:13,358 | INFO | Join key candidate=Lookup workbook_count=3 worksheet_count=3 confidence=37.5
2026-08-19 17:40:13,358 | INFO | Join key candidate=SKU workbook_count=2 worksheet_count=2 confidence=25.0
2026-08-19 17:40:13,358 | INFO | Join key candidate=Sales Order workbook_count=2 worksheet_count=2 confidence=25.0
2026-08-19 17:40:13,358 | INFO | Wrote join key analysis to G:\Support\orderbook\part1\OrderbookAutomation\docs\JOIN_KEY_ANALYSIS.md
2026-08-19 17:40:13,358 | WARNING | Duplicate inventory NDC values detected: 12
2026-08-19 17:40:13,365 | INFO | UPS Inventory Hold Code Filter | total_inventory_rows=16 | blank_hold_codes=7 | excluded_hold_codes=9 | unique_ndcs_before=4 | unique_ndcs_after=3 | inventory_before_filter=40488.0 | inventory_after_filter=34152.0
2026-08-19 17:40:13,370 | WARNING | Missing inventory for allocated NDC values: 1
2026-08-19 17:40:13,379 | INFO | Derived inventory stats | inventory_rows=3 | allocated_rows=3 | unique_ndcs=4 | missing_inventory=1 | missing_allocations=1
2026-08-19 17:40:13,379 | WARNING | Optional 'sales_summary' input not found; skipping Lookup Key and MOQ Validation derived datasets for this run.
2026-08-19 17:40:13,410 | INFO | Wrote Phase 2 derived workbook to G:\Support\orderbook\part1\OrderbookAutomation\output\Derived_Data.xlsx
2026-08-19 17:40:13,410 | INFO | Phase 2 completed successfully. Derived workbook saved to G:\Support\orderbook\part1\OrderbookAutomation\output\Derived_Data.xlsx
2026-08-19 17:40:13,414 | INFO | Lookup construction stats | total_rows=8 | rows_with_ndc=8 | rows_with_sold_to_party_name=8 | rows_with_valid_lookup=8 | rows_missing_lookup=0
2026-08-19 17:40:13,436 | INFO | 07-30_inv.xlsx lookup stats | total_rows=8 | values_normalized=0 | successful_matches=4 | unmatched_records=4 | duplicate_lookup_keys=12
2026-08-19 17:40:13,437 | INFO | 07-30_inv.xlsx merged using NDC Code | rows updated=4 | rows missing=3 | duplicate keys=12
2026-08-19 17:40:13,442 | INFO | Open_Order_Summary.xlsx lookup stats | total_rows=8 | values_normalized=0 | successful_matches=0 | unmatched_records=8 | duplicate_lookup_keys=3
2026-08-19 17:40:13,442 | INFO | Open_Order_Summary.xlsx merged using Sold To Party Name | rows updated=0 | rows missing=4 | duplicate keys=3
2026-08-19 17:40:13,442 | WARNING | Skipping sales_summ.xlsx because source dataframe is missing or empty
2026-08-19 17:40:13,481 | INFO | Strend.xlsx lookup stats | total_rows=8 | values_normalized=91 | successful_matches=8 | unmatched_records=0 | duplicate_lookup_keys=0
2026-08-19 17:40:13,481 | INFO | Strend.xlsx merged using Lookup | rows updated=8 | rows missing=99 | duplicate keys=0
2026-08-19 17:40:13,497 | INFO | CIP.xlsx lookup stats | total_rows=8 | values_normalized=0 | successful_matches=0 | unmatched_records=8 | duplicate_lookup_keys=0
2026-08-19 17:40:13,497 | INFO | CIP.xlsx merged using NDC Code | rows updated=0 | rows missing=10 | duplicate keys=0
2026-08-19 17:40:13,514 | INFO | Buying Group source loaded | source=Buying_groups.xlsx | priority=1 | raw_rows=677 | unique_customers=11 | exact_duplicates_removed=666 | same_tier_conflicts=0
2026-08-19 17:40:13,546 | INFO | Buying Group source loaded | source=Strend.xlsx | priority=2 | raw_rows=101 | unique_customers=53 | exact_duplicates_removed=48 | same_tier_conflicts=0
2026-08-19 17:40:13,560 | INFO | Buying Group source loaded | source=Open_Order_Summary.xlsx | priority=3 | raw_rows=7 | unique_customers=4 | exact_duplicates_removed=3 | same_tier_conflicts=0
2026-08-19 17:40:13,596 | INFO | Buying Group multi-source lookup | total_master_rows=8 | rows_after_merge=8 | unique_master_customers=1 | unique_source_customers=56 | exact_duplicates_removed=717 | same_priority_conflicts=0 | lower_priority_disagreements=2 | matched_rows=8 | not_found_rows=0 | duplicate_conflict_rows=0 | populated_rows=8 | blank_rows=0 | matches_by_source={'Strend.xlsx': 8}
2026-08-19 17:40:13,640 | INFO | Award lookup stats | source_rows=129 | total_master_rows=8 | rows_after_merge=8 | matched=0 (lookup=0, ndc=0) | not_found=8 | duplicate_conflict=0 | populated=0 | blank=8 | exact_duplicate_source_rows_removed=0 | conflicting_ndcs=2
2026-08-19 17:40:13,640 | INFO | Lookup construction stats | total_rows=8 | rows_with_ndc=8 | rows_with_sold_to_party_name=8 | rows_with_valid_lookup=8 | rows_missing_lookup=0
2026-08-19 17:40:13,756 | INFO | Saved master workbook to G:\Support\orderbook\part1\OrderbookAutomation\output\Business_Master_Data.xlsx
2026-08-19 17:40:13,756 | INFO | Phase 3 completed successfully. Business Master workbook saved to G:\Support\orderbook\part1\OrderbookAutomation\output\Business_Master_Data.xlsx
2026-08-19 17:40:13,772 | INFO | Determined reporting period from 'PO date': 2026-07
2026-08-19 17:40:13,779 | INFO | Historical sales stats | reporting_period=2026-07 | matched=8 | missing=0 | duplicate_keys=0
2026-08-19 17:40:13,786 | WARNING | MOQ_Issue could not be merged into the final dataset (missing source or key column)
2026-08-19 17:40:13,791 | INFO | SC Comments lookup stats | source_rows=10 | unique_source_ndcs=10 | total_master_rows=8 | rows_after_merge=8 | matched=0 | not_found=8 | duplicate_conflict=0 | populated=0 | blank=8 | exact_duplicate_source_rows_removed=0 | conflicting_ndcs=0 | used_date_column=False
2026-08-19 17:40:13,791 | INFO | Phase 4 enrichment stats | ups_inventory_matches=8 | moq_matches=0 | sc_comments_matches=0 | sc_comments_missing=8 | buying_group_missing=0 | award_missing=8
2026-08-19 17:40:13,805 | INFO | Business rules applied | controlled_products=0 | price_issues=0 | moq_issues=8 | low_ups_inventory=4
2026-08-19 17:40:13,811 | INFO | Historical sales merge stats | matched=8 | missing=0
2026-08-19 17:40:13,814 | INFO | Sales Summary aggregation stats | rows=2 | unique_lookups=2 | duplicate_lookups=0
2026-08-19 17:40:13,858 | INFO | Wrote Sales Summary workbook to G:\Support\orderbook\part1\OrderbookAutomation\output\Sales_Summary.xlsx
2026-08-19 17:40:13,858 | INFO | Orderbook grain validation passed | master_rows=8 | orderbook_rows=8 | dropped_records=0
2026-08-19 17:40:13,908 | INFO | Wrote final POB workbook to G:\Support\orderbook\part1\OrderbookAutomation\output\POB.xlsx
2026-08-19 17:40:13,908 | INFO | Phase 4 completed successfully. Sales Summary saved to G:\Support\orderbook\part1\OrderbookAutomation\output\Sales_Summary.xlsx | POB saved to G:\Support\orderbook\part1\OrderbookAutomation\output\POB.xlsx
2026-08-19 17:40:13,908 | INFO | Phase 1 completed successfully in 1.19 seconds
2026-08-19 17:56:38,126 | INFO | Starting Phase 1 ingestion workflow
2026-08-19 17:56:38,126 | INFO | Application root=G:\Support\orderbook\part1\OrderbookAutomation | input_dir=G:\Support\orderbook\part1\OrderbookAutomation\input
2026-08-19 17:56:38,189 | INFO | Discovery scan | file=07-30_inv.xlsx | sheet=Sheet1 | header_row=0 | header_count=13
2026-08-19 17:56:38,208 | INFO | Discovery scan | file=Awards.xlsx | sheet=Sheet1 | header_row=0 | header_count=7
2026-08-19 17:56:38,223 | INFO | Discovery scan | file=Buying_groups.xlsx | sheet=Sheet1 | header_row=0 | header_count=2
2026-08-19 17:56:38,241 | INFO | Discovery scan | file=CIP.xlsx | sheet=Sheet1 | header_row=0 | header_count=4
2026-08-19 17:56:38,263 | INFO | Discovery scan | file=MOQ.xlsx | sheet=Sheet1 | header_row=0 | header_count=4
2026-08-19 17:56:38,301 | INFO | Discovery scan | file=Open_Order_Summary.xlsx | sheet=Sheet1 | header_row=3 | header_count=21
2026-08-19 17:56:38,334 | INFO | Discovery scan | file=raw_OB.xlsx | sheet=UOB | header_row=0 | header_count=34
2026-08-19 17:56:38,392 | INFO | Discovery scan | file=Strend.xlsx | sheet=Sheet1 | header_row=3 | header_count=66
2026-08-19 17:56:38,392 | WARNING | Skipping unreadable workbook '~$Open_Order_Summary.xlsx': File is not a zip file
2026-08-19 17:56:38,392 | INFO | Resolved source 'orderbook' (Orderbook) -> file=raw_OB.xlsx | sheet=UOB
2026-08-19 17:56:38,392 | INFO | Resolved source 'moq' (Material Description / MOQ Master) -> file=MOQ.xlsx | sheet=Sheet1
2026-08-19 17:56:38,392 | INFO | Resolved source 'inventory' (Daily Inventory) -> file=07-30_inv.xlsx | sheet=Sheet1
2026-08-19 17:56:38,392 | INFO | Resolved source 'open_order_summary' (Open Order Summary) -> file=Open_Order_Summary.xlsx | sheet=Sheet1
2026-08-19 17:56:38,394 | INFO | Resolved source 'buying_groups' (Buying Groups) -> file=Buying_groups.xlsx | sheet=Sheet1
2026-08-19 17:56:38,394 | INFO | Resolved source 'awards' (Awards) -> file=Awards.xlsx | sheet=Sheet1
2026-08-19 17:56:38,394 | INFO | Resolved source 'critical_inventory_tracker' (Critical Inventory Tracker (CIP)) -> file=CIP.xlsx | sheet=Sheet1
2026-08-19 17:56:38,394 | WARNING | Optional source 'sales_summary' (Sales Summary) not found in input folder; skipping (not required for this workflow).
2026-08-19 17:56:38,394 | INFO | Resolved source 'sales_trend' (Sales Trend (Strend)) -> file=Strend.xlsx | sheet=Sheet1
2026-08-19 17:56:38,415 | INFO | Loaded workbook=raw_OB.xlsx sheet=UOB rows=8 cols=34
2026-08-19 17:56:38,427 | INFO | Loaded workbook=MOQ.xlsx sheet=Sheet1 rows=4 cols=4
2026-08-19 17:56:38,441 | INFO | Loaded workbook=07-30_inv.xlsx sheet=Sheet1 rows=16 cols=13
2026-08-19 17:56:38,457 | INFO | Loaded workbook=Open_Order_Summary.xlsx sheet=Sheet1 rows=7 cols=21
2026-08-19 17:56:38,494 | INFO | Loaded workbook=Buying_groups.xlsx sheet=Sheet1 rows=677 cols=2
2026-08-19 17:56:38,521 | INFO | Loaded workbook=Awards.xlsx sheet=Sheet1 rows=129 cols=7
2026-08-19 17:56:38,521 | INFO | Loaded workbook=CIP.xlsx sheet=Sheet1 rows=10 cols=4
2026-08-19 17:56:38,674 | INFO | Loaded workbook=Strend.xlsx sheet=Sheet1 rows=101 cols=66
2026-08-19 17:56:38,690 | WARNING | EMPTY_COLUMNS | workbook=Orderbook | worksheet=UOB | Completely blank columns: ['Floor limit Blk', 'Multiple of MOQ Blk', 'Expected Price Blk', 'SOM Indc.']
2026-08-19 17:56:38,690 | INFO | MISSING_OPTIONAL_WORKBOOK | workbook=Sales Summary | worksheet= | The 'Sales Summary' source was not loaded. Hint: Sales summary export (optional; not required for this workflow).
2026-08-19 17:56:38,690 | WARNING | BLANK_HEADERS | workbook=Sales Trend (Strend) | worksheet=Sheet1 | Blank raw headers found: 3
2026-08-19 17:56:38,710 | INFO | Profiled workbook=raw_OB.xlsx sheet=UOB
2026-08-19 17:56:38,712 | INFO | Profiled workbook=MOQ.xlsx sheet=Sheet1
2026-08-19 17:56:38,716 | INFO | Profiled workbook=07-30_inv.xlsx sheet=Sheet1
2026-08-19 17:56:38,722 | INFO | Profiled workbook=Open_Order_Summary.xlsx sheet=Sheet1
2026-08-19 17:56:38,724 | INFO | Profiled workbook=Buying_groups.xlsx sheet=Sheet1
2026-08-19 17:56:38,726 | INFO | Profiled workbook=Awards.xlsx sheet=Sheet1
2026-08-19 17:56:38,728 | INFO | Profiled workbook=CIP.xlsx sheet=Sheet1
2026-08-19 17:56:38,748 | INFO | Profiled workbook=Strend.xlsx sheet=Sheet1
2026-08-19 17:56:38,779 | INFO | Wrote Workbook_Profile.xlsx to G:\Support\orderbook\part1\OrderbookAutomation\output\Workbook_Profile.xlsx
2026-08-19 17:56:38,802 | INFO | Wrote data dictionary to G:\Support\orderbook\part1\OrderbookAutomation\docs\DATA_DICTIONARY.md
2026-08-19 17:56:38,802 | INFO | Join key candidate=NDC workbook_count=6 worksheet_count=6 confidence=75.0
2026-08-19 17:56:38,803 | INFO | Join key candidate=Material Number workbook_count=1 worksheet_count=1 confidence=12.5
2026-08-19 17:56:38,803 | INFO | Join key candidate=Customer workbook_count=5 worksheet_count=5 confidence=62.5
2026-08-19 17:56:38,804 | INFO | Join key candidate=Sold-to Party workbook_count=3 worksheet_count=3 confidence=37.5
2026-08-19 17:56:38,804 | INFO | Join key candidate=Lookup workbook_count=3 worksheet_count=3 confidence=37.5
2026-08-19 17:56:38,804 | INFO | Join key candidate=SKU workbook_count=2 worksheet_count=2 confidence=25.0
2026-08-19 17:56:38,804 | INFO | Join key candidate=Sales Order workbook_count=2 worksheet_count=2 confidence=25.0
2026-08-19 17:56:38,805 | INFO | Wrote join key analysis to G:\Support\orderbook\part1\OrderbookAutomation\docs\JOIN_KEY_ANALYSIS.md
2026-08-19 17:56:38,807 | WARNING | Duplicate inventory NDC values detected: 12
2026-08-19 17:56:38,810 | INFO | UPS Inventory Hold Code Filter | total_inventory_rows=16 | blank_hold_codes=7 | excluded_hold_codes=9 | unique_ndcs_before=4 | unique_ndcs_after=3 | inventory_before_filter=40488.0 | inventory_after_filter=34152.0
2026-08-19 17:56:38,817 | WARNING | Missing inventory for allocated NDC values: 1
2026-08-19 17:56:38,822 | INFO | Derived inventory stats | inventory_rows=3 | allocated_rows=3 | unique_ndcs=4 | missing_inventory=1 | missing_allocations=1
2026-08-19 17:56:38,823 | WARNING | Optional 'sales_summary' input not found; skipping Lookup Key and MOQ Validation derived datasets for this run.
2026-08-19 17:56:38,855 | INFO | Wrote Phase 2 derived workbook to G:\Support\orderbook\part1\OrderbookAutomation\output\Derived_Data.xlsx
2026-08-19 17:56:38,855 | INFO | Phase 2 completed successfully. Derived workbook saved to G:\Support\orderbook\part1\OrderbookAutomation\output\Derived_Data.xlsx
2026-08-19 17:56:38,855 | INFO | Lookup construction stats | total_rows=8 | rows_with_ndc=8 | rows_with_sold_to_party_name=8 | rows_with_valid_lookup=8 | rows_missing_lookup=0
2026-08-19 17:56:38,877 | INFO | 07-30_inv.xlsx lookup stats | total_rows=8 | values_normalized=0 | successful_matches=4 | unmatched_records=4 | duplicate_lookup_keys=12
2026-08-19 17:56:38,877 | INFO | 07-30_inv.xlsx merged using NDC Code | rows updated=4 | rows missing=3 | duplicate keys=12
2026-08-19 17:56:38,896 | INFO | Open_Order_Summary.xlsx lookup stats | total_rows=8 | values_normalized=0 | successful_matches=0 | unmatched_records=8 | duplicate_lookup_keys=3
2026-08-19 17:56:38,896 | INFO | Open_Order_Summary.xlsx merged using Sold To Party Name | rows updated=0 | rows missing=4 | duplicate keys=3
2026-08-19 17:56:38,897 | WARNING | Skipping sales_summ.xlsx because source dataframe is missing or empty
2026-08-19 17:56:38,919 | INFO | Strend.xlsx lookup stats | total_rows=8 | values_normalized=91 | successful_matches=8 | unmatched_records=0 | duplicate_lookup_keys=0
2026-08-19 17:56:38,919 | INFO | Strend.xlsx merged using Lookup | rows updated=8 | rows missing=99 | duplicate keys=0
2026-08-19 17:56:38,923 | INFO | CIP.xlsx lookup stats | total_rows=8 | values_normalized=0 | successful_matches=0 | unmatched_records=8 | duplicate_lookup_keys=0
2026-08-19 17:56:38,923 | INFO | CIP.xlsx merged using NDC Code | rows updated=0 | rows missing=10 | duplicate keys=0
2026-08-19 17:56:38,938 | INFO | Buying Group source loaded | source=Buying_groups.xlsx | priority=1 | raw_rows=677 | unique_customers=11 | exact_duplicates_removed=666 | same_tier_conflicts=0
2026-08-19 17:56:38,970 | INFO | Buying Group source loaded | source=Strend.xlsx | priority=2 | raw_rows=101 | unique_customers=53 | exact_duplicates_removed=48 | same_tier_conflicts=0
2026-08-19 17:56:38,989 | INFO | Buying Group source loaded | source=Open_Order_Summary.xlsx | priority=3 | raw_rows=7 | unique_customers=4 | exact_duplicates_removed=3 | same_tier_conflicts=0
2026-08-19 17:56:39,018 | INFO | Buying Group multi-source lookup | total_master_rows=8 | rows_after_merge=8 | unique_master_customers=1 | unique_source_customers=56 | exact_duplicates_removed=717 | same_priority_conflicts=0 | lower_priority_disagreements=2 | matched_rows=8 | not_found_rows=0 | duplicate_conflict_rows=0 | populated_rows=8 | blank_rows=0 | matches_by_source={'Strend.xlsx': 8}
2026-08-19 17:56:39,053 | INFO | Award lookup stats | source_rows=129 | total_master_rows=8 | rows_after_merge=8 | matched=0 (lookup=0, ndc=0) | not_found=8 | duplicate_conflict=0 | populated=0 | blank=8 | exact_duplicate_source_rows_removed=0 | conflicting_ndcs=2
2026-08-19 17:56:39,053 | INFO | Lookup construction stats | total_rows=8 | rows_with_ndc=8 | rows_with_sold_to_party_name=8 | rows_with_valid_lookup=8 | rows_missing_lookup=0
2026-08-19 17:56:39,128 | INFO | Saved master workbook to G:\Support\orderbook\part1\OrderbookAutomation\output\Business_Master_Data.xlsx
2026-08-19 17:56:39,128 | INFO | Phase 3 completed successfully. Business Master workbook saved to G:\Support\orderbook\part1\OrderbookAutomation\output\Business_Master_Data.xlsx
2026-08-19 17:56:39,132 | INFO | Determined reporting period from 'PO date': 2026-07
2026-08-19 17:56:39,143 | INFO | Historical sales stats | reporting_period=2026-07 | matched=8 | missing=0 | duplicate_keys=0
2026-08-19 17:56:39,143 | WARNING | MOQ_Issue could not be merged into the final dataset (missing source or key column)
2026-08-19 17:56:39,143 | INFO | SC Comments lookup stats | source_rows=10 | unique_source_ndcs=10 | total_master_rows=8 | rows_after_merge=8 | matched=0 | not_found=8 | duplicate_conflict=0 | populated=0 | blank=8 | exact_duplicate_source_rows_removed=0 | conflicting_ndcs=0 | used_date_column=False
2026-08-19 17:56:39,159 | INFO | Phase 4 enrichment stats | ups_inventory_matches=8 | moq_matches=0 | sc_comments_matches=0 | sc_comments_missing=8 | buying_group_missing=0 | award_missing=8
2026-08-19 17:56:39,159 | INFO | Business rules applied | controlled_products=0 | price_issues=0 | moq_issues=8 | low_ups_inventory=4
2026-08-19 17:56:39,165 | INFO | Historical sales merge stats | matched=8 | missing=0
2026-08-19 17:56:39,175 | INFO | Sales Summary aggregation stats | rows=2 | unique_lookups=2 | duplicate_lookups=0
2026-08-19 17:56:39,189 | INFO | Sales Summary low UPS Inventory highlight | highlighted_cells=1
2026-08-19 17:56:39,200 | ERROR | Unhandled exception during pipeline execution
Traceback (most recent call last):
  File "G:\Support\orderbook\part1\OrderbookAutomation\main.py", line 135, in main
    config = run_phase1()
             ^^^^^^^^^^^^
  File "G:\Support\orderbook\part1\OrderbookAutomation\main.py", line 73, in run_phase1
    phase4_result = run_phase4(
                    ^^^^^^^^^^^
  File "G:\Support\orderbook\part1\OrderbookAutomation\modules\phase4_manager.py", line 443, in run_phase4
    save_workbook(sales_summary_workbook, sales_summary_path)
  File "G:\Support\orderbook\part1\OrderbookAutomation\modules\report_formatter.py", line 292, in save_workbook
    workbook.save(output_path)
  File "C:\Python312\Lib\site-packages\openpyxl\workbook\workbook.py", line 386, in save
    save_workbook(self, filename)
  File "C:\Python312\Lib\site-packages\openpyxl\writer\excel.py", line 291, in save_workbook
    archive = ZipFile(filename, 'w', ZIP_DEFLATED, allowZip64=True)
              ^^^^^^^^^^^^^^^^^^^^^^^^^^^^^^^^^^^^^^^^^^^^^^^^^^^^^
  File "C:\Python312\Lib\zipfile\__init__.py", line 1331, in __init__
    self.fp = io.open(file, filemode)
              ^^^^^^^^^^^^^^^^^^^^^^^
PermissionError: [Errno 13] Permission denied: 'G:\\Support\\orderbook\\part1\\OrderbookAutomation\\output\\Sales_Summary.xlsx'
2026-08-19 17:57:26,301 | INFO | Starting Phase 1 ingestion workflow
2026-08-19 17:57:26,301 | INFO | Application root=G:\Support\orderbook\part1\OrderbookAutomation | input_dir=G:\Support\orderbook\part1\OrderbookAutomation\input
2026-08-19 17:57:26,329 | INFO | Discovery scan | file=07-30_inv.xlsx | sheet=Sheet1 | header_row=0 | header_count=13
2026-08-19 17:57:26,347 | INFO | Discovery scan | file=Awards.xlsx | sheet=Sheet1 | header_row=0 | header_count=7
2026-08-19 17:57:26,353 | INFO | Discovery scan | file=Buying_groups.xlsx | sheet=Sheet1 | header_row=0 | header_count=2
2026-08-19 17:57:26,376 | INFO | Discovery scan | file=CIP.xlsx | sheet=Sheet1 | header_row=0 | header_count=4
2026-08-19 17:57:26,386 | INFO | Discovery scan | file=MOQ.xlsx | sheet=Sheet1 | header_row=0 | header_count=4
2026-08-19 17:57:26,411 | INFO | Discovery scan | file=Open_Order_Summary.xlsx | sheet=Sheet1 | header_row=3 | header_count=21
2026-08-19 17:57:26,437 | INFO | Discovery scan | file=raw_OB.xlsx | sheet=UOB | header_row=0 | header_count=34
2026-08-19 17:57:26,460 | INFO | Discovery scan | file=Strend.xlsx | sheet=Sheet1 | header_row=3 | header_count=66
2026-08-19 17:57:26,460 | WARNING | Skipping unreadable workbook '~$Open_Order_Summary.xlsx': File is not a zip file
2026-08-19 17:57:26,460 | INFO | Resolved source 'orderbook' (Orderbook) -> file=raw_OB.xlsx | sheet=UOB
2026-08-19 17:57:26,469 | INFO | Resolved source 'moq' (Material Description / MOQ Master) -> file=MOQ.xlsx | sheet=Sheet1
2026-08-19 17:57:26,469 | INFO | Resolved source 'inventory' (Daily Inventory) -> file=07-30_inv.xlsx | sheet=Sheet1
2026-08-19 17:57:26,470 | INFO | Resolved source 'open_order_summary' (Open Order Summary) -> file=Open_Order_Summary.xlsx | sheet=Sheet1
2026-08-19 17:57:26,470 | INFO | Resolved source 'buying_groups' (Buying Groups) -> file=Buying_groups.xlsx | sheet=Sheet1
2026-08-19 17:57:26,470 | INFO | Resolved source 'awards' (Awards) -> file=Awards.xlsx | sheet=Sheet1
2026-08-19 17:57:26,470 | INFO | Resolved source 'critical_inventory_tracker' (Critical Inventory Tracker (CIP)) -> file=CIP.xlsx | sheet=Sheet1
2026-08-19 17:57:26,470 | WARNING | Optional source 'sales_summary' (Sales Summary) not found in input folder; skipping (not required for this workflow).
2026-08-19 17:57:26,470 | INFO | Resolved source 'sales_trend' (Sales Trend (Strend)) -> file=Strend.xlsx | sheet=Sheet1
2026-08-19 17:57:26,495 | INFO | Loaded workbook=raw_OB.xlsx sheet=UOB rows=8 cols=34
2026-08-19 17:57:26,503 | INFO | Loaded workbook=MOQ.xlsx sheet=Sheet1 rows=4 cols=4
2026-08-19 17:57:26,520 | INFO | Loaded workbook=07-30_inv.xlsx sheet=Sheet1 rows=16 cols=13
2026-08-19 17:57:26,537 | INFO | Loaded workbook=Open_Order_Summary.xlsx sheet=Sheet1 rows=7 cols=21
2026-08-19 17:57:26,575 | INFO | Loaded workbook=Buying_groups.xlsx sheet=Sheet1 rows=677 cols=2
2026-08-19 17:57:26,609 | INFO | Loaded workbook=Awards.xlsx sheet=Sheet1 rows=129 cols=7
2026-08-19 17:57:26,625 | INFO | Loaded workbook=CIP.xlsx sheet=Sheet1 rows=10 cols=4
2026-08-19 17:57:26,769 | INFO | Loaded workbook=Strend.xlsx sheet=Sheet1 rows=101 cols=66
2026-08-19 17:57:26,792 | WARNING | EMPTY_COLUMNS | workbook=Orderbook | worksheet=UOB | Completely blank columns: ['Floor limit Blk', 'Multiple of MOQ Blk', 'Expected Price Blk', 'SOM Indc.']
2026-08-19 17:57:26,792 | INFO | MISSING_OPTIONAL_WORKBOOK | workbook=Sales Summary | worksheet= | The 'Sales Summary' source was not loaded. Hint: Sales summary export (optional; not required for this workflow).
2026-08-19 17:57:26,792 | WARNING | BLANK_HEADERS | workbook=Sales Trend (Strend) | worksheet=Sheet1 | Blank raw headers found: 3
2026-08-19 17:57:26,792 | INFO | Profiled workbook=raw_OB.xlsx sheet=UOB
2026-08-19 17:57:26,805 | INFO | Profiled workbook=MOQ.xlsx sheet=Sheet1
2026-08-19 17:57:26,810 | INFO | Profiled workbook=07-30_inv.xlsx sheet=Sheet1
2026-08-19 17:57:26,817 | INFO | Profiled workbook=Open_Order_Summary.xlsx sheet=Sheet1
2026-08-19 17:57:26,819 | INFO | Profiled workbook=Buying_groups.xlsx sheet=Sheet1
2026-08-19 17:57:26,825 | INFO | Profiled workbook=Awards.xlsx sheet=Sheet1
2026-08-19 17:57:26,827 | INFO | Profiled workbook=CIP.xlsx sheet=Sheet1
2026-08-19 17:57:26,844 | INFO | Profiled workbook=Strend.xlsx sheet=Sheet1
2026-08-19 17:57:26,882 | INFO | Wrote Workbook_Profile.xlsx to G:\Support\orderbook\part1\OrderbookAutomation\output\Workbook_Profile.xlsx
2026-08-19 17:57:26,910 | INFO | Wrote data dictionary to G:\Support\orderbook\part1\OrderbookAutomation\docs\DATA_DICTIONARY.md
2026-08-19 17:57:26,911 | INFO | Join key candidate=NDC workbook_count=6 worksheet_count=6 confidence=75.0
2026-08-19 17:57:26,911 | INFO | Join key candidate=Material Number workbook_count=1 worksheet_count=1 confidence=12.5
2026-08-19 17:57:26,911 | INFO | Join key candidate=Customer workbook_count=5 worksheet_count=5 confidence=62.5
2026-08-19 17:57:26,911 | INFO | Join key candidate=Sold-to Party workbook_count=3 worksheet_count=3 confidence=37.5
2026-08-19 17:57:26,911 | INFO | Join key candidate=Lookup workbook_count=3 worksheet_count=3 confidence=37.5
2026-08-19 17:57:26,911 | INFO | Join key candidate=SKU workbook_count=2 worksheet_count=2 confidence=25.0
2026-08-19 17:57:26,911 | INFO | Join key candidate=Sales Order workbook_count=2 worksheet_count=2 confidence=25.0
2026-08-19 17:57:26,911 | INFO | Wrote join key analysis to G:\Support\orderbook\part1\OrderbookAutomation\docs\JOIN_KEY_ANALYSIS.md
2026-08-19 17:57:26,911 | WARNING | Duplicate inventory NDC values detected: 12
2026-08-19 17:57:26,911 | INFO | UPS Inventory Hold Code Filter | total_inventory_rows=16 | blank_hold_codes=7 | excluded_hold_codes=9 | unique_ndcs_before=4 | unique_ndcs_after=3 | inventory_before_filter=40488.0 | inventory_after_filter=34152.0
2026-08-19 17:57:26,925 | WARNING | Missing inventory for allocated NDC values: 1
2026-08-19 17:57:26,929 | INFO | Derived inventory stats | inventory_rows=3 | allocated_rows=3 | unique_ndcs=4 | missing_inventory=1 | missing_allocations=1
2026-08-19 17:57:26,930 | WARNING | Optional 'sales_summary' input not found; skipping Lookup Key and MOQ Validation derived datasets for this run.
2026-08-19 17:57:26,961 | INFO | Wrote Phase 2 derived workbook to G:\Support\orderbook\part1\OrderbookAutomation\output\Derived_Data.xlsx
2026-08-19 17:57:26,961 | INFO | Phase 2 completed successfully. Derived workbook saved to G:\Support\orderbook\part1\OrderbookAutomation\output\Derived_Data.xlsx
2026-08-19 17:57:26,961 | INFO | Lookup construction stats | total_rows=8 | rows_with_ndc=8 | rows_with_sold_to_party_name=8 | rows_with_valid_lookup=8 | rows_missing_lookup=0
2026-08-19 17:57:26,973 | INFO | 07-30_inv.xlsx lookup stats | total_rows=8 | values_normalized=0 | successful_matches=4 | unmatched_records=4 | duplicate_lookup_keys=12
2026-08-19 17:57:26,973 | INFO | 07-30_inv.xlsx merged using NDC Code | rows updated=4 | rows missing=3 | duplicate keys=12
2026-08-19 17:57:26,996 | INFO | Open_Order_Summary.xlsx lookup stats | total_rows=8 | values_normalized=0 | successful_matches=0 | unmatched_records=8 | duplicate_lookup_keys=3
2026-08-19 17:57:26,996 | INFO | Open_Order_Summary.xlsx merged using Sold To Party Name | rows updated=0 | rows missing=4 | duplicate keys=3
2026-08-19 17:57:27,003 | WARNING | Skipping sales_summ.xlsx because source dataframe is missing or empty
2026-08-19 17:57:27,025 | INFO | Strend.xlsx lookup stats | total_rows=8 | values_normalized=91 | successful_matches=8 | unmatched_records=0 | duplicate_lookup_keys=0
2026-08-19 17:57:27,025 | INFO | Strend.xlsx merged using Lookup | rows updated=8 | rows missing=99 | duplicate keys=0
2026-08-19 17:57:27,040 | INFO | CIP.xlsx lookup stats | total_rows=8 | values_normalized=0 | successful_matches=0 | unmatched_records=8 | duplicate_lookup_keys=0
2026-08-19 17:57:27,040 | INFO | CIP.xlsx merged using NDC Code | rows updated=0 | rows missing=10 | duplicate keys=0
2026-08-19 17:57:27,055 | INFO | Buying Group source loaded | source=Buying_groups.xlsx | priority=1 | raw_rows=677 | unique_customers=11 | exact_duplicates_removed=666 | same_tier_conflicts=0
2026-08-19 17:57:27,093 | INFO | Buying Group source loaded | source=Strend.xlsx | priority=2 | raw_rows=101 | unique_customers=53 | exact_duplicates_removed=48 | same_tier_conflicts=0
2026-08-19 17:57:27,094 | INFO | Buying Group source loaded | source=Open_Order_Summary.xlsx | priority=3 | raw_rows=7 | unique_customers=4 | exact_duplicates_removed=3 | same_tier_conflicts=0
2026-08-19 17:57:27,127 | INFO | Buying Group multi-source lookup | total_master_rows=8 | rows_after_merge=8 | unique_master_customers=1 | unique_source_customers=56 | exact_duplicates_removed=717 | same_priority_conflicts=0 | lower_priority_disagreements=2 | matched_rows=8 | not_found_rows=0 | duplicate_conflict_rows=0 | populated_rows=8 | blank_rows=0 | matches_by_source={'Strend.xlsx': 8}
2026-08-19 17:57:27,172 | INFO | Award lookup stats | source_rows=129 | total_master_rows=8 | rows_after_merge=8 | matched=0 (lookup=0, ndc=0) | not_found=8 | duplicate_conflict=0 | populated=0 | blank=8 | exact_duplicate_source_rows_removed=0 | conflicting_ndcs=2
2026-08-19 17:57:27,172 | INFO | Lookup construction stats | total_rows=8 | rows_with_ndc=8 | rows_with_sold_to_party_name=8 | rows_with_valid_lookup=8 | rows_missing_lookup=0
2026-08-19 17:57:27,238 | INFO | Saved master workbook to G:\Support\orderbook\part1\OrderbookAutomation\output\Business_Master_Data.xlsx
2026-08-19 17:57:27,238 | INFO | Phase 3 completed successfully. Business Master workbook saved to G:\Support\orderbook\part1\OrderbookAutomation\output\Business_Master_Data.xlsx
2026-08-19 17:57:27,254 | INFO | Determined reporting period from 'PO date': 2026-07
2026-08-19 17:57:27,254 | INFO | Historical sales stats | reporting_period=2026-07 | matched=8 | missing=0 | duplicate_keys=0
2026-08-19 17:57:27,265 | WARNING | MOQ_Issue could not be merged into the final dataset (missing source or key column)
2026-08-19 17:57:27,277 | INFO | SC Comments lookup stats | source_rows=10 | unique_source_ndcs=10 | total_master_rows=8 | rows_after_merge=8 | matched=0 | not_found=8 | duplicate_conflict=0 | populated=0 | blank=8 | exact_duplicate_source_rows_removed=0 | conflicting_ndcs=0 | used_date_column=False
2026-08-19 17:57:27,277 | INFO | Phase 4 enrichment stats | ups_inventory_matches=8 | moq_matches=0 | sc_comments_matches=0 | sc_comments_missing=8 | buying_group_missing=0 | award_missing=8
2026-08-19 17:57:27,277 | INFO | Business rules applied | controlled_products=0 | price_issues=0 | moq_issues=8 | low_ups_inventory=4
2026-08-19 17:57:27,289 | INFO | Historical sales merge stats | matched=8 | missing=0
2026-08-19 17:57:27,294 | INFO | Sales Summary aggregation stats | rows=2 | unique_lookups=2 | duplicate_lookups=0
2026-08-19 17:57:27,310 | INFO | Sales Summary low UPS Inventory highlight | highlighted_cells=1
2026-08-19 17:57:27,328 | INFO | Wrote Sales Summary workbook to G:\Support\orderbook\part1\OrderbookAutomation\output\Sales_Summary.xlsx
2026-08-19 17:57:27,328 | INFO | Orderbook grain validation passed | master_rows=8 | orderbook_rows=8 | dropped_records=0
2026-08-19 17:57:27,386 | INFO | Wrote final POB workbook to G:\Support\orderbook\part1\OrderbookAutomation\output\POB.xlsx
2026-08-19 17:57:27,387 | INFO | Phase 4 completed successfully. Sales Summary saved to G:\Support\orderbook\part1\OrderbookAutomation\output\Sales_Summary.xlsx | POB saved to G:\Support\orderbook\part1\OrderbookAutomation\output\POB.xlsx
2026-08-19 17:57:27,387 | INFO | Phase 1 completed successfully in 1.07 seconds
2026-08-19 18:31:23,015 | INFO | Starting Phase 1 ingestion workflow
2026-08-19 18:31:23,016 | INFO | Application root=G:\Support\orderbook\part1\OrderbookAutomation | input_dir=G:\Support\orderbook\part1\OrderbookAutomation\input
2026-08-19 18:31:23,066 | INFO | Discovery scan | file=07-30_inv.xlsx | sheet=Sheet1 | header_row=0 | header_count=13
2026-08-19 18:31:23,099 | INFO | Discovery scan | file=Awards.xlsx | sheet=Sheet1 | header_row=0 | header_count=7
2026-08-19 18:31:23,125 | INFO | Discovery scan | file=Buying_groups.xlsx | sheet=Sheet1 | header_row=0 | header_count=2
2026-08-19 18:31:23,133 | INFO | Discovery scan | file=CIP.xlsx | sheet=Sheet1 | header_row=0 | header_count=4
2026-08-19 18:31:23,166 | INFO | Discovery scan | file=MOQ.xlsx | sheet=Sheet1 | header_row=0 | header_count=4
2026-08-19 18:31:23,208 | INFO | Discovery scan | file=Open_Order_Summary.xlsx | sheet=Sheet1 | header_row=3 | header_count=21
2026-08-19 18:31:23,252 | INFO | Discovery scan | file=raw_OB.xlsx | sheet=UOB | header_row=0 | header_count=34
2026-08-19 18:31:23,300 | INFO | Discovery scan | file=Strend.xlsx | sheet=Sheet1 | header_row=3 | header_count=66
2026-08-19 18:31:23,300 | WARNING | Skipping unreadable workbook '~$Open_Order_Summary.xlsx': File is not a zip file
2026-08-19 18:31:23,300 | INFO | Resolved source 'orderbook' (Orderbook) -> file=raw_OB.xlsx | sheet=UOB
2026-08-19 18:31:23,300 | INFO | Resolved source 'moq' (Material Description / MOQ Master) -> file=MOQ.xlsx | sheet=Sheet1
2026-08-19 18:31:23,300 | INFO | Resolved source 'inventory' (Daily Inventory) -> file=07-30_inv.xlsx | sheet=Sheet1
2026-08-19 18:31:23,300 | INFO | Resolved source 'open_order_summary' (Open Order Summary) -> file=Open_Order_Summary.xlsx | sheet=Sheet1
2026-08-19 18:31:23,300 | INFO | Resolved source 'buying_groups' (Buying Groups) -> file=Buying_groups.xlsx | sheet=Sheet1
2026-08-19 18:31:23,300 | INFO | Resolved source 'awards' (Awards) -> file=Awards.xlsx | sheet=Sheet1
2026-08-19 18:31:23,300 | INFO | Resolved source 'critical_inventory_tracker' (Critical Inventory Tracker (CIP)) -> file=CIP.xlsx | sheet=Sheet1
2026-08-19 18:31:23,300 | WARNING | Optional source 'sales_summary' (Sales Summary) not found in input folder; skipping (not required for this workflow).
2026-08-19 18:31:23,300 | INFO | Resolved source 'sales_trend' (Sales Trend (Strend)) -> file=Strend.xlsx | sheet=Sheet1
2026-08-19 18:31:23,333 | INFO | Loaded workbook=raw_OB.xlsx sheet=UOB rows=8 cols=34
2026-08-19 18:31:23,350 | INFO | Loaded workbook=MOQ.xlsx sheet=Sheet1 rows=4 cols=4
2026-08-19 18:31:23,365 | INFO | Loaded workbook=07-30_inv.xlsx sheet=Sheet1 rows=16 cols=13
2026-08-19 18:31:23,383 | INFO | Loaded workbook=Open_Order_Summary.xlsx sheet=Sheet1 rows=7 cols=21
2026-08-19 18:31:23,417 | INFO | Loaded workbook=Buying_groups.xlsx sheet=Sheet1 rows=677 cols=2
2026-08-19 18:31:23,453 | INFO | Loaded workbook=Awards.xlsx sheet=Sheet1 rows=129 cols=7
2026-08-19 18:31:23,464 | INFO | Loaded workbook=CIP.xlsx sheet=Sheet1 rows=10 cols=4
2026-08-19 18:31:23,622 | INFO | Loaded workbook=Strend.xlsx sheet=Sheet1 rows=101 cols=66
2026-08-19 18:31:23,633 | WARNING | EMPTY_COLUMNS | workbook=Orderbook | worksheet=UOB | Completely blank columns: ['Floor limit Blk', 'Multiple of MOQ Blk', 'Expected Price Blk', 'SOM Indc.']
2026-08-19 18:31:23,633 | INFO | MISSING_OPTIONAL_WORKBOOK | workbook=Sales Summary | worksheet= | The 'Sales Summary' source was not loaded. Hint: Sales summary export (optional; not required for this workflow).
2026-08-19 18:31:23,633 | WARNING | BLANK_HEADERS | workbook=Sales Trend (Strend) | worksheet=Sheet1 | Blank raw headers found: 3
2026-08-19 18:31:23,650 | INFO | Profiled workbook=raw_OB.xlsx sheet=UOB
2026-08-19 18:31:23,650 | INFO | Profiled workbook=MOQ.xlsx sheet=Sheet1
2026-08-19 18:31:23,650 | INFO | Profiled workbook=07-30_inv.xlsx sheet=Sheet1
2026-08-19 18:31:23,666 | INFO | Profiled workbook=Open_Order_Summary.xlsx sheet=Sheet1
2026-08-19 18:31:23,666 | INFO | Profiled workbook=Buying_groups.xlsx sheet=Sheet1
2026-08-19 18:31:23,666 | INFO | Profiled workbook=Awards.xlsx sheet=Sheet1
2026-08-19 18:31:23,666 | INFO | Profiled workbook=CIP.xlsx sheet=Sheet1
2026-08-19 18:31:23,698 | INFO | Profiled workbook=Strend.xlsx sheet=Sheet1
2026-08-19 18:31:23,733 | INFO | Wrote Workbook_Profile.xlsx to G:\Support\orderbook\part1\OrderbookAutomation\output\Workbook_Profile.xlsx
2026-08-19 18:31:23,751 | INFO | Wrote data dictionary to G:\Support\orderbook\part1\OrderbookAutomation\docs\DATA_DICTIONARY.md
2026-08-19 18:31:23,751 | INFO | Join key candidate=NDC workbook_count=6 worksheet_count=6 confidence=75.0
2026-08-19 18:31:23,751 | INFO | Join key candidate=Material Number workbook_count=1 worksheet_count=1 confidence=12.5
2026-08-19 18:31:23,751 | INFO | Join key candidate=Customer workbook_count=5 worksheet_count=5 confidence=62.5
2026-08-19 18:31:23,751 | INFO | Join key candidate=Sold-to Party workbook_count=3 worksheet_count=3 confidence=37.5
2026-08-19 18:31:23,751 | INFO | Join key candidate=Lookup workbook_count=3 worksheet_count=3 confidence=37.5
2026-08-19 18:31:23,751 | INFO | Join key candidate=SKU workbook_count=2 worksheet_count=2 confidence=25.0
2026-08-19 18:31:23,751 | INFO | Join key candidate=Sales Order workbook_count=2 worksheet_count=2 confidence=25.0
2026-08-19 18:31:23,751 | INFO | Wrote join key analysis to G:\Support\orderbook\part1\OrderbookAutomation\docs\JOIN_KEY_ANALYSIS.md
2026-08-19 18:31:23,751 | WARNING | Duplicate inventory NDC values detected: 12
2026-08-19 18:31:23,767 | INFO | UPS Inventory Hold Code Filter | total_inventory_rows=16 | blank_hold_codes=7 | excluded_hold_codes=9 | unique_ndcs_before=4 | unique_ndcs_after=3 | inventory_before_filter=40488.0 | inventory_after_filter=34152.0
2026-08-19 18:31:23,776 | WARNING | Missing inventory for allocated NDC values: 1
2026-08-19 18:31:23,784 | INFO | Derived inventory stats | inventory_rows=3 | allocated_rows=3 | unique_ndcs=4 | missing_inventory=1 | missing_allocations=1
2026-08-19 18:31:23,784 | WARNING | Optional 'sales_summary' input not found; skipping Lookup Key and MOQ Validation derived datasets for this run.
2026-08-19 18:31:23,818 | INFO | Wrote Phase 2 derived workbook to G:\Support\orderbook\part1\OrderbookAutomation\output\Derived_Data.xlsx
2026-08-19 18:31:23,818 | INFO | Phase 2 completed successfully. Derived workbook saved to G:\Support\orderbook\part1\OrderbookAutomation\output\Derived_Data.xlsx
2026-08-19 18:31:23,818 | INFO | Lookup construction stats | total_rows=8 | rows_with_ndc=8 | rows_with_sold_to_party_name=8 | rows_with_valid_lookup=8 | rows_missing_lookup=0
2026-08-19 18:31:23,836 | INFO | 07-30_inv.xlsx lookup stats | total_rows=8 | values_normalized=0 | successful_matches=4 | unmatched_records=4 | duplicate_lookup_keys=12
2026-08-19 18:31:23,836 | INFO | 07-30_inv.xlsx merged using NDC Code | rows updated=4 | rows missing=3 | duplicate keys=12
2026-08-19 18:31:23,851 | INFO | Open_Order_Summary.xlsx lookup stats | total_rows=8 | values_normalized=0 | successful_matches=0 | unmatched_records=8 | duplicate_lookup_keys=3
2026-08-19 18:31:23,851 | INFO | Open_Order_Summary.xlsx merged using Sold To Party Name | rows updated=0 | rows missing=4 | duplicate keys=3
2026-08-19 18:31:23,851 | WARNING | Skipping sales_summ.xlsx because source dataframe is missing or empty
2026-08-19 18:31:23,889 | INFO | Strend.xlsx lookup stats | total_rows=8 | values_normalized=91 | successful_matches=8 | unmatched_records=0 | duplicate_lookup_keys=0
2026-08-19 18:31:23,889 | INFO | Strend.xlsx merged using Lookup | rows updated=8 | rows missing=99 | duplicate keys=0
2026-08-19 18:31:23,901 | INFO | CIP.xlsx lookup stats | total_rows=8 | values_normalized=0 | successful_matches=0 | unmatched_records=8 | duplicate_lookup_keys=0
2026-08-19 18:31:23,901 | INFO | CIP.xlsx merged using NDC Code | rows updated=0 | rows missing=10 | duplicate keys=0
2026-08-19 18:31:23,918 | INFO | Buying Group source loaded | source=Buying_groups.xlsx | priority=1 | raw_rows=677 | unique_customers=11 | exact_duplicates_removed=666 | same_tier_conflicts=0
2026-08-19 18:31:23,951 | INFO | Buying Group source loaded | source=Strend.xlsx | priority=2 | raw_rows=101 | unique_customers=53 | exact_duplicates_removed=48 | same_tier_conflicts=0
2026-08-19 18:31:23,951 | INFO | Buying Group source loaded | source=Open_Order_Summary.xlsx | priority=3 | raw_rows=7 | unique_customers=4 | exact_duplicates_removed=3 | same_tier_conflicts=0
2026-08-19 18:31:23,984 | INFO | Buying Group multi-source lookup | total_master_rows=8 | rows_after_merge=8 | unique_master_customers=1 | unique_source_customers=56 | exact_duplicates_removed=717 | same_priority_conflicts=0 | lower_priority_disagreements=2 | matched_rows=8 | not_found_rows=0 | duplicate_conflict_rows=0 | populated_rows=8 | blank_rows=0 | matches_by_source={'Strend.xlsx': 8}
2026-08-19 18:31:24,034 | INFO | Award lookup stats | source_rows=129 | total_master_rows=8 | rows_after_merge=8 | matched=0 (lookup=0, ndc=0) | not_found=8 | duplicate_conflict=0 | populated=0 | blank=8 | exact_duplicate_source_rows_removed=0 | conflicting_ndcs=2
2026-08-19 18:31:24,034 | INFO | Lookup construction stats | total_rows=8 | rows_with_ndc=8 | rows_with_sold_to_party_name=8 | rows_with_valid_lookup=8 | rows_missing_lookup=0
2026-08-19 18:31:24,118 | INFO | Saved master workbook to G:\Support\orderbook\part1\OrderbookAutomation\output\Business_Master_Data.xlsx
2026-08-19 18:31:24,118 | INFO | Phase 3 completed successfully. Business Master workbook saved to G:\Support\orderbook\part1\OrderbookAutomation\output\Business_Master_Data.xlsx
2026-08-19 18:31:24,118 | INFO | Determined reporting period from 'PO date': 2026-07
2026-08-19 18:31:24,136 | INFO | Historical sales stats | reporting_period=2026-07 | matched=8 | missing=0 | duplicate_keys=0
2026-08-19 18:31:24,142 | WARNING | MOQ_Issue could not be merged into the final dataset (missing source or key column)
2026-08-19 18:31:24,154 | INFO | SC Comments lookup stats | source_rows=10 | unique_source_ndcs=10 | total_master_rows=8 | rows_after_merge=8 | matched=0 | not_found=8 | duplicate_conflict=0 | populated=0 | blank=8 | exact_duplicate_source_rows_removed=0 | conflicting_ndcs=0 | used_date_column=False
2026-08-19 18:31:24,155 | INFO | Phase 4 enrichment stats | ups_inventory_matches=8 | moq_matches=0 | sc_comments_matches=0 | sc_comments_missing=8 | buying_group_missing=0 | award_missing=8
2026-08-19 18:31:24,158 | INFO | Business rules applied | controlled_products=0 | price_issues=0 | moq_issues=8 | low_ups_inventory=4
2026-08-19 18:31:24,158 | INFO | Historical sales merge stats | matched=8 | missing=0
2026-08-19 18:31:24,175 | INFO | Sales Summary aggregation stats | rows=2 | unique_lookups=2 | duplicate_lookups=0
2026-08-19 18:31:24,185 | INFO | Sales Summary low UPS Inventory highlight | highlighted_cells=1
2026-08-19 18:31:24,207 | INFO | Wrote Sales Summary workbook to G:\Support\orderbook\part1\OrderbookAutomation\output\Sales_Summary.xlsx
2026-08-19 18:31:24,207 | INFO | Orderbook grain validation passed | master_rows=8 | orderbook_rows=8 | dropped_records=0
2026-08-19 18:31:24,252 | INFO | POB Summary low UPS Inventory highlight | highlighted_cells=1
2026-08-19 18:31:24,252 | ERROR | Unhandled exception during pipeline execution
Traceback (most recent call last):
  File "G:\Support\orderbook\part1\OrderbookAutomation\main.py", line 135, in main
    config = run_phase1()
             ^^^^^^^^^^^^
  File "G:\Support\orderbook\part1\OrderbookAutomation\main.py", line 73, in run_phase1
    phase4_result = run_phase4(
                    ^^^^^^^^^^^
  File "G:\Support\orderbook\part1\OrderbookAutomation\modules\phase4_manager.py", line 522, in run_phase4
    save_workbook(pob_workbook, pob_path)
  File "G:\Support\orderbook\part1\OrderbookAutomation\modules\report_formatter.py", line 292, in save_workbook
    workbook.save(output_path)
  File "C:\Python312\Lib\site-packages\openpyxl\workbook\workbook.py", line 386, in save
    save_workbook(self, filename)
  File "C:\Python312\Lib\site-packages\openpyxl\writer\excel.py", line 291, in save_workbook
    archive = ZipFile(filename, 'w', ZIP_DEFLATED, allowZip64=True)
              ^^^^^^^^^^^^^^^^^^^^^^^^^^^^^^^^^^^^^^^^^^^^^^^^^^^^^
  File "C:\Python312\Lib\zipfile\__init__.py", line 1331, in __init__
    self.fp = io.open(file, filemode)
              ^^^^^^^^^^^^^^^^^^^^^^^
PermissionError: [Errno 13] Permission denied: 'G:\\Support\\orderbook\\part1\\OrderbookAutomation\\output\\POB.xlsx'
2026-08-19 18:32:27,618 | INFO | Starting Phase 1 ingestion workflow
2026-08-19 18:32:27,618 | INFO | Application root=G:\Support\orderbook\part1\OrderbookAutomation | input_dir=G:\Support\orderbook\part1\OrderbookAutomation\input
2026-08-19 18:32:27,637 | INFO | Discovery scan | file=07-30_inv.xlsx | sheet=Sheet1 | header_row=0 | header_count=13
2026-08-19 18:32:27,657 | INFO | Discovery scan | file=Awards.xlsx | sheet=Sheet1 | header_row=0 | header_count=7
2026-08-19 18:32:27,668 | INFO | Discovery scan | file=Buying_groups.xlsx | sheet=Sheet1 | header_row=0 | header_count=2
2026-08-19 18:32:27,695 | INFO | Discovery scan | file=CIP.xlsx | sheet=Sheet1 | header_row=0 | header_count=4
2026-08-19 18:32:27,707 | INFO | Discovery scan | file=MOQ.xlsx | sheet=Sheet1 | header_row=0 | header_count=4
2026-08-19 18:32:27,727 | INFO | Discovery scan | file=Open_Order_Summary.xlsx | sheet=Sheet1 | header_row=3 | header_count=21
2026-08-19 18:32:27,742 | INFO | Discovery scan | file=raw_OB.xlsx | sheet=UOB | header_row=0 | header_count=34
2026-08-19 18:32:27,790 | INFO | Discovery scan | file=Strend.xlsx | sheet=Sheet1 | header_row=3 | header_count=66
2026-08-19 18:32:27,790 | WARNING | Skipping unreadable workbook '~$Open_Order_Summary.xlsx': File is not a zip file
2026-08-19 18:32:27,790 | INFO | Resolved source 'orderbook' (Orderbook) -> file=raw_OB.xlsx | sheet=UOB
2026-08-19 18:32:27,790 | INFO | Resolved source 'moq' (Material Description / MOQ Master) -> file=MOQ.xlsx | sheet=Sheet1
2026-08-19 18:32:27,790 | INFO | Resolved source 'inventory' (Daily Inventory) -> file=07-30_inv.xlsx | sheet=Sheet1
2026-08-19 18:32:27,790 | INFO | Resolved source 'open_order_summary' (Open Order Summary) -> file=Open_Order_Summary.xlsx | sheet=Sheet1
2026-08-19 18:32:27,790 | INFO | Resolved source 'buying_groups' (Buying Groups) -> file=Buying_groups.xlsx | sheet=Sheet1
2026-08-19 18:32:27,790 | INFO | Resolved source 'awards' (Awards) -> file=Awards.xlsx | sheet=Sheet1
2026-08-19 18:32:27,790 | INFO | Resolved source 'critical_inventory_tracker' (Critical Inventory Tracker (CIP)) -> file=CIP.xlsx | sheet=Sheet1
2026-08-19 18:32:27,790 | WARNING | Optional source 'sales_summary' (Sales Summary) not found in input folder; skipping (not required for this workflow).
2026-08-19 18:32:27,790 | INFO | Resolved source 'sales_trend' (Sales Trend (Strend)) -> file=Strend.xlsx | sheet=Sheet1
2026-08-19 18:32:27,820 | INFO | Loaded workbook=raw_OB.xlsx sheet=UOB rows=8 cols=34
2026-08-19 18:32:27,820 | INFO | Loaded workbook=MOQ.xlsx sheet=Sheet1 rows=4 cols=4
2026-08-19 18:32:27,836 | INFO | Loaded workbook=07-30_inv.xlsx sheet=Sheet1 rows=16 cols=13
2026-08-19 18:32:27,857 | INFO | Loaded workbook=Open_Order_Summary.xlsx sheet=Sheet1 rows=7 cols=21
2026-08-19 18:32:27,900 | INFO | Loaded workbook=Buying_groups.xlsx sheet=Sheet1 rows=677 cols=2
2026-08-19 18:32:27,916 | INFO | Loaded workbook=Awards.xlsx sheet=Sheet1 rows=129 cols=7
2026-08-19 18:32:27,931 | INFO | Loaded workbook=CIP.xlsx sheet=Sheet1 rows=10 cols=4
2026-08-19 18:32:28,090 | INFO | Loaded workbook=Strend.xlsx sheet=Sheet1 rows=101 cols=66
2026-08-19 18:32:28,106 | WARNING | EMPTY_COLUMNS | workbook=Orderbook | worksheet=UOB | Completely blank columns: ['Floor limit Blk', 'Multiple of MOQ Blk', 'Expected Price Blk', 'SOM Indc.']
2026-08-19 18:32:28,106 | INFO | MISSING_OPTIONAL_WORKBOOK | workbook=Sales Summary | worksheet= | The 'Sales Summary' source was not loaded. Hint: Sales summary export (optional; not required for this workflow).
2026-08-19 18:32:28,106 | WARNING | BLANK_HEADERS | workbook=Sales Trend (Strend) | worksheet=Sheet1 | Blank raw headers found: 3
2026-08-19 18:32:28,106 | INFO | Profiled workbook=raw_OB.xlsx sheet=UOB
2026-08-19 18:32:28,120 | INFO | Profiled workbook=MOQ.xlsx sheet=Sheet1
2026-08-19 18:32:28,120 | INFO | Profiled workbook=07-30_inv.xlsx sheet=Sheet1
2026-08-19 18:32:28,120 | INFO | Profiled workbook=Open_Order_Summary.xlsx sheet=Sheet1
2026-08-19 18:32:28,120 | INFO | Profiled workbook=Buying_groups.xlsx sheet=Sheet1
2026-08-19 18:32:28,137 | INFO | Profiled workbook=Awards.xlsx sheet=Sheet1
2026-08-19 18:32:28,137 | INFO | Profiled workbook=CIP.xlsx sheet=Sheet1
2026-08-19 18:32:28,160 | INFO | Profiled workbook=Strend.xlsx sheet=Sheet1
2026-08-19 18:32:28,196 | INFO | Wrote Workbook_Profile.xlsx to G:\Support\orderbook\part1\OrderbookAutomation\output\Workbook_Profile.xlsx
2026-08-19 18:32:28,219 | INFO | Wrote data dictionary to G:\Support\orderbook\part1\OrderbookAutomation\docs\DATA_DICTIONARY.md
2026-08-19 18:32:28,220 | INFO | Join key candidate=NDC workbook_count=6 worksheet_count=6 confidence=75.0
2026-08-19 18:32:28,220 | INFO | Join key candidate=Material Number workbook_count=1 worksheet_count=1 confidence=12.5
2026-08-19 18:32:28,220 | INFO | Join key candidate=Customer workbook_count=5 worksheet_count=5 confidence=62.5
2026-08-19 18:32:28,220 | INFO | Join key candidate=Sold-to Party workbook_count=3 worksheet_count=3 confidence=37.5
2026-08-19 18:32:28,220 | INFO | Join key candidate=Lookup workbook_count=3 worksheet_count=3 confidence=37.5
2026-08-19 18:32:28,220 | INFO | Join key candidate=SKU workbook_count=2 worksheet_count=2 confidence=25.0
2026-08-19 18:32:28,220 | INFO | Join key candidate=Sales Order workbook_count=2 worksheet_count=2 confidence=25.0
2026-08-19 18:32:28,220 | INFO | Wrote join key analysis to G:\Support\orderbook\part1\OrderbookAutomation\docs\JOIN_KEY_ANALYSIS.md
2026-08-19 18:32:28,224 | WARNING | Duplicate inventory NDC values detected: 12
2026-08-19 18:32:28,226 | INFO | UPS Inventory Hold Code Filter | total_inventory_rows=16 | blank_hold_codes=7 | excluded_hold_codes=9 | unique_ndcs_before=4 | unique_ndcs_after=3 | inventory_before_filter=40488.0 | inventory_after_filter=34152.0
2026-08-19 18:32:28,233 | WARNING | Missing inventory for allocated NDC values: 1
2026-08-19 18:32:28,239 | INFO | Derived inventory stats | inventory_rows=3 | allocated_rows=3 | unique_ndcs=4 | missing_inventory=1 | missing_allocations=1
2026-08-19 18:32:28,240 | WARNING | Optional 'sales_summary' input not found; skipping Lookup Key and MOQ Validation derived datasets for this run.
2026-08-19 18:32:28,272 | INFO | Wrote Phase 2 derived workbook to G:\Support\orderbook\part1\OrderbookAutomation\output\Derived_Data.xlsx
2026-08-19 18:32:28,272 | INFO | Phase 2 completed successfully. Derived workbook saved to G:\Support\orderbook\part1\OrderbookAutomation\output\Derived_Data.xlsx
2026-08-19 18:32:28,272 | INFO | Lookup construction stats | total_rows=8 | rows_with_ndc=8 | rows_with_sold_to_party_name=8 | rows_with_valid_lookup=8 | rows_missing_lookup=0
2026-08-19 18:32:28,294 | INFO | 07-30_inv.xlsx lookup stats | total_rows=8 | values_normalized=0 | successful_matches=4 | unmatched_records=4 | duplicate_lookup_keys=12
2026-08-19 18:32:28,294 | INFO | 07-30_inv.xlsx merged using NDC Code | rows updated=4 | rows missing=3 | duplicate keys=12
2026-08-19 18:32:28,315 | INFO | Open_Order_Summary.xlsx lookup stats | total_rows=8 | values_normalized=0 | successful_matches=0 | unmatched_records=8 | duplicate_lookup_keys=3
2026-08-19 18:32:28,315 | INFO | Open_Order_Summary.xlsx merged using Sold To Party Name | rows updated=0 | rows missing=4 | duplicate keys=3
2026-08-19 18:32:28,315 | WARNING | Skipping sales_summ.xlsx because source dataframe is missing or empty
2026-08-19 18:32:28,337 | INFO | Strend.xlsx lookup stats | total_rows=8 | values_normalized=91 | successful_matches=8 | unmatched_records=0 | duplicate_lookup_keys=0
2026-08-19 18:32:28,338 | INFO | Strend.xlsx merged using Lookup | rows updated=8 | rows missing=99 | duplicate keys=0
2026-08-19 18:32:28,339 | INFO | CIP.xlsx lookup stats | total_rows=8 | values_normalized=0 | successful_matches=0 | unmatched_records=8 | duplicate_lookup_keys=0
2026-08-19 18:32:28,339 | INFO | CIP.xlsx merged using NDC Code | rows updated=0 | rows missing=10 | duplicate keys=0
2026-08-19 18:32:28,358 | INFO | Buying Group source loaded | source=Buying_groups.xlsx | priority=1 | raw_rows=677 | unique_customers=11 | exact_duplicates_removed=666 | same_tier_conflicts=0
2026-08-19 18:32:28,386 | INFO | Buying Group source loaded | source=Strend.xlsx | priority=2 | raw_rows=101 | unique_customers=53 | exact_duplicates_removed=48 | same_tier_conflicts=0
2026-08-19 18:32:28,402 | INFO | Buying Group source loaded | source=Open_Order_Summary.xlsx | priority=3 | raw_rows=7 | unique_customers=4 | exact_duplicates_removed=3 | same_tier_conflicts=0
2026-08-19 18:32:28,434 | INFO | Buying Group multi-source lookup | total_master_rows=8 | rows_after_merge=8 | unique_master_customers=1 | unique_source_customers=56 | exact_duplicates_removed=717 | same_priority_conflicts=0 | lower_priority_disagreements=2 | matched_rows=8 | not_found_rows=0 | duplicate_conflict_rows=0 | populated_rows=8 | blank_rows=0 | matches_by_source={'Strend.xlsx': 8}
2026-08-19 18:32:28,466 | INFO | Award lookup stats | source_rows=129 | total_master_rows=8 | rows_after_merge=8 | matched=0 (lookup=0, ndc=0) | not_found=8 | duplicate_conflict=0 | populated=0 | blank=8 | exact_duplicate_source_rows_removed=0 | conflicting_ndcs=2
2026-08-19 18:32:28,466 | INFO | Lookup construction stats | total_rows=8 | rows_with_ndc=8 | rows_with_sold_to_party_name=8 | rows_with_valid_lookup=8 | rows_missing_lookup=0
2026-08-19 18:32:28,534 | INFO | Saved master workbook to G:\Support\orderbook\part1\OrderbookAutomation\output\Business_Master_Data.xlsx
2026-08-19 18:32:28,534 | INFO | Phase 3 completed successfully. Business Master workbook saved to G:\Support\orderbook\part1\OrderbookAutomation\output\Business_Master_Data.xlsx
2026-08-19 18:32:28,546 | INFO | Determined reporting period from 'PO date': 2026-07
2026-08-19 18:32:28,546 | INFO | Historical sales stats | reporting_period=2026-07 | matched=8 | missing=0 | duplicate_keys=0
2026-08-19 18:32:28,546 | WARNING | MOQ_Issue could not be merged into the final dataset (missing source or key column)
2026-08-19 18:32:28,562 | INFO | SC Comments lookup stats | source_rows=10 | unique_source_ndcs=10 | total_master_rows=8 | rows_after_merge=8 | matched=0 | not_found=8 | duplicate_conflict=0 | populated=0 | blank=8 | exact_duplicate_source_rows_removed=0 | conflicting_ndcs=0 | used_date_column=False
2026-08-19 18:32:28,562 | INFO | Phase 4 enrichment stats | ups_inventory_matches=8 | moq_matches=0 | sc_comments_matches=0 | sc_comments_missing=8 | buying_group_missing=0 | award_missing=8
2026-08-19 18:32:28,562 | INFO | Business rules applied | controlled_products=0 | price_issues=0 | moq_issues=8 | low_ups_inventory=4
2026-08-19 18:32:28,562 | INFO | Historical sales merge stats | matched=8 | missing=0
2026-08-19 18:32:28,578 | INFO | Sales Summary aggregation stats | rows=2 | unique_lookups=2 | duplicate_lookups=0
2026-08-19 18:32:28,578 | INFO | Sales Summary low UPS Inventory highlight | highlighted_cells=1
2026-08-19 18:32:28,613 | INFO | Wrote Sales Summary workbook to G:\Support\orderbook\part1\OrderbookAutomation\output\Sales_Summary.xlsx
2026-08-19 18:32:28,613 | INFO | Orderbook grain validation passed | master_rows=8 | orderbook_rows=8 | dropped_records=0
2026-08-19 18:32:28,639 | INFO | POB Summary low UPS Inventory highlight | highlighted_cells=1
2026-08-19 18:32:28,665 | INFO | Wrote final POB workbook to G:\Support\orderbook\part1\OrderbookAutomation\output\POB.xlsx
2026-08-19 18:32:28,665 | INFO | Phase 4 completed successfully. Sales Summary saved to G:\Support\orderbook\part1\OrderbookAutomation\output\Sales_Summary.xlsx | POB saved to G:\Support\orderbook\part1\OrderbookAutomation\output\POB.xlsx
2026-08-19 18:32:28,665 | INFO | Phase 1 completed successfully in 1.04 seconds
